2026-06-04 08:42:56,577 INFO sweep: === Phase 0 sanity run ===
2026-06-04 08:42:56,581 INFO sweep: Loading FP16 reference for bert-base
2026-06-04 08:42:59,356 INFO sweep: Progress: 1/8
2026-06-04 08:42:59,356 INFO sweep: START: bert-base | fp32 | eager | batch=1 seq=128
2026-06-04 08:43:00,903 WARNING deterministic: Kernel profiling failed: 'FunctionEventAvg' object has no attribute 'self_cuda_time_total'
2026-06-04 08:43:09,344 INFO sweep: Saved bert_base__fp32__eager__b1__s128.json
2026-06-04 08:43:09,344 INFO sweep: Progress: 2/8
2026-06-04 08:43:09,344 INFO sweep: START: bert-base | fp32 | eager | batch=16 seq=128
2026-06-04 08:43:10,811 WARNING deterministic: Kernel profiling failed: 'FunctionEventAvg' object has no attribute 'self_cuda_time_total'
2026-06-04 08:44:00,049 INFO sweep: Saved bert_base__fp32__eager__b16__s128.json
2026-06-04 08:44:00,049 INFO sweep: Progress: 3/8
2026-06-04 08:44:00,049 INFO sweep: START: bert-base | fp32 | compile | batch=1 seq=128
2026-06-04 08:44:12,456 WARNING sweep: Compile warmup error: name 'torch' is not defined
2026-06-04 08:44:12,629 WARNING deterministic: Kernel profiling failed: name 'torch' is not defined
2026-06-04 08:44:12,630 ERROR sweep: Unexpected error: name 'torch' is not defined
Traceback (most recent call last):
  File "/home/shreya/Coding/optimizer_V2/edge_quant_bench/run_sweep.py", line 165, in run_one
    stats = time_model(run_fn, cooldown_fn=cooldown_fn)
            ^^^^^^^^^^^^^^^^^^^^^^^^^^^^^^^^^^^^^^^^^^^
  File "/home/shreya/Coding/optimizer_V2/edge_quant_bench/measure.py", line 18, in time_model
    run_fn()
  File "/home/shreya/Coding/optimizer_V2/edge_quant_bench/run_sweep.py", line 130, in run_fn
    def run_fn(): return compiled(**inputs)
                         ^^^^^^^^^^^^^^^^^^
  File "/home/shreya/venvs/fusion_qat/lib/python3.12/site-packages/torch/nn/modules/module.py", line 1739, in _wrapped_call_impl
    return self._call_impl(*args, **kwargs)
           ^^^^^^^^^^^^^^^^^^^^^^^^^^^^^^^^
  File "/home/shreya/venvs/fusion_qat/lib/python3.12/site-packages/torch/nn/modules/module.py", line 1750, in _call_impl
    return forward_call(*args, **kwargs)
           ^^^^^^^^^^^^^^^^^^^^^^^^^^^^^
  File "/home/shreya/venvs/fusion_qat/lib/python3.12/site-packages/torch/_dynamo/eval_frame.py", line 574, in _fn
    return fn(*args, **kwargs)
           ^^^^^^^^^^^^^^^^^^^
  File "/home/shreya/venvs/fusion_qat/lib/python3.12/site-packages/torch/nn/modules/module.py", line 1739, in _wrapped_call_impl
    return self._call_impl(*args, **kwargs)
           ^^^^^^^^^^^^^^^^^^^^^^^^^^^^^^^^
  File "/home/shreya/venvs/fusion_qat/lib/python3.12/site-packages/torch/nn/modules/module.py", line 1750, in _call_impl
    return forward_call(*args, **kwargs)
           ^^^^^^^^^^^^^^^^^^^^^^^^^^^^^
  File "/home/shreya/venvs/fusion_qat/lib/python3.12/site-packages/transformers/utils/generic.py", line 917, in wrapper
    output = func(self, *args, **kwargs)
             ^^^^^^^^^^^^^^^^^^^^^^^^^^^
  File "/home/shreya/venvs/fusion_qat/lib/python3.12/site-packages/transformers/utils/output_capturing.py", line 222, in wrapper
    @wraps(func)
NameError: name 'torch' is not defined
2026-06-04 08:44:12,833 INFO sweep: Saved bert_base__fp32__compile__b1__s128.json
2026-06-04 08:44:12,834 INFO sweep: Progress: 4/8
2026-06-04 08:44:12,834 INFO sweep: START: bert-base | fp32 | compile | batch=16 seq=128
2026-06-04 08:44:25,619 WARNING sweep: Compile warmup error: name 'torch' is not defined
2026-06-04 08:44:25,882 WARNING deterministic: Kernel profiling failed: name 'torch' is not defined
2026-06-04 08:44:25,883 ERROR sweep: Unexpected error: name 'torch' is not defined
Traceback (most recent call last):
  File "/home/shreya/Coding/optimizer_V2/edge_quant_bench/run_sweep.py", line 165, in run_one
    stats = time_model(run_fn, cooldown_fn=cooldown_fn)
            ^^^^^^^^^^^^^^^^^^^^^^^^^^^^^^^^^^^^^^^^^^^
  File "/home/shreya/Coding/optimizer_V2/edge_quant_bench/measure.py", line 18, in time_model
    run_fn()
  File "/home/shreya/Coding/optimizer_V2/edge_quant_bench/run_sweep.py", line 130, in run_fn
    def run_fn(): return compiled(**inputs)
                         ^^^^^^^^^^^^^^^^^^
  File "/home/shreya/venvs/fusion_qat/lib/python3.12/site-packages/torch/nn/modules/module.py", line 1739, in _wrapped_call_impl
    return self._call_impl(*args, **kwargs)
           ^^^^^^^^^^^^^^^^^^^^^^^^^^^^^^^^
  File "/home/shreya/venvs/fusion_qat/lib/python3.12/site-packages/torch/nn/modules/module.py", line 1750, in _call_impl
    return forward_call(*args, **kwargs)
           ^^^^^^^^^^^^^^^^^^^^^^^^^^^^^
  File "/home/shreya/venvs/fusion_qat/lib/python3.12/site-packages/torch/_dynamo/eval_frame.py", line 574, in _fn
    return fn(*args, **kwargs)
           ^^^^^^^^^^^^^^^^^^^
  File "/home/shreya/venvs/fusion_qat/lib/python3.12/site-packages/torch/nn/modules/module.py", line 1739, in _wrapped_call_impl
    return self._call_impl(*args, **kwargs)
           ^^^^^^^^^^^^^^^^^^^^^^^^^^^^^^^^
  File "/home/shreya/venvs/fusion_qat/lib/python3.12/site-packages/torch/nn/modules/module.py", line 1750, in _call_impl
    return forward_call(*args, **kwargs)
           ^^^^^^^^^^^^^^^^^^^^^^^^^^^^^
  File "/home/shreya/venvs/fusion_qat/lib/python3.12/site-packages/transformers/utils/generic.py", line 917, in wrapper
    output = func(self, *args, **kwargs)
             ^^^^^^^^^^^^^^^^^^^^^^^^^^^
  File "/home/shreya/venvs/fusion_qat/lib/python3.12/site-packages/transformers/utils/output_capturing.py", line 222, in wrapper
    @wraps(func)
NameError: name 'torch' is not defined
2026-06-04 08:44:26,173 INFO sweep: Saved bert_base__fp32__compile__b16__s128.json
2026-06-04 08:44:26,174 INFO sweep: Progress: 5/8
2026-06-04 08:44:26,174 INFO sweep: START: bert-base | fp16 | eager | batch=1 seq=128
2026-06-04 08:44:27,421 WARNING deterministic: Kernel profiling failed: 'FunctionEventAvg' object has no attribute 'self_cuda_time_total'
2026-06-04 08:44:35,083 INFO sweep: Saved bert_base__fp16__eager__b1__s128.json
2026-06-04 08:44:35,084 INFO sweep: Progress: 6/8
2026-06-04 08:44:35,084 INFO sweep: START: bert-base | fp16 | eager | batch=16 seq=128
2026-06-04 08:44:36,345 WARNING deterministic: Kernel profiling failed: 'FunctionEventAvg' object has no attribute 'self_cuda_time_total'
2026-06-04 08:45:03,182 INFO sweep: Saved bert_base__fp16__eager__b16__s128.json
2026-06-04 08:45:03,182 INFO sweep: Progress: 7/8
2026-06-04 08:45:03,182 INFO sweep: START: bert-base | fp16 | compile | batch=1 seq=128
2026-06-04 08:45:13,171 WARNING sweep: Compile warmup error: name 'torch' is not defined
2026-06-04 08:45:13,437 WARNING deterministic: Kernel profiling failed: name 'torch' is not defined
2026-06-04 08:45:13,438 ERROR sweep: Unexpected error: name 'torch' is not defined
Traceback (most recent call last):
  File "/home/shreya/Coding/optimizer_V2/edge_quant_bench/run_sweep.py", line 165, in run_one
    stats = time_model(run_fn, cooldown_fn=cooldown_fn)
            ^^^^^^^^^^^^^^^^^^^^^^^^^^^^^^^^^^^^^^^^^^^
  File "/home/shreya/Coding/optimizer_V2/edge_quant_bench/measure.py", line 18, in time_model
    run_fn()
  File "/home/shreya/Coding/optimizer_V2/edge_quant_bench/run_sweep.py", line 130, in run_fn
    def run_fn(): return compiled(**inputs)
                         ^^^^^^^^^^^^^^^^^^
  File "/home/shreya/venvs/fusion_qat/lib/python3.12/site-packages/torch/nn/modules/module.py", line 1739, in _wrapped_call_impl
    return self._call_impl(*args, **kwargs)
           ^^^^^^^^^^^^^^^^^^^^^^^^^^^^^^^^
  File "/home/shreya/venvs/fusion_qat/lib/python3.12/site-packages/torch/nn/modules/module.py", line 1750, in _call_impl
    return forward_call(*args, **kwargs)
           ^^^^^^^^^^^^^^^^^^^^^^^^^^^^^
  File "/home/shreya/venvs/fusion_qat/lib/python3.12/site-packages/torch/_dynamo/eval_frame.py", line 574, in _fn
    return fn(*args, **kwargs)
           ^^^^^^^^^^^^^^^^^^^
  File "/home/shreya/venvs/fusion_qat/lib/python3.12/site-packages/torch/nn/modules/module.py", line 1739, in _wrapped_call_impl
    return self._call_impl(*args, **kwargs)
           ^^^^^^^^^^^^^^^^^^^^^^^^^^^^^^^^
  File "/home/shreya/venvs/fusion_qat/lib/python3.12/site-packages/torch/nn/modules/module.py", line 1750, in _call_impl
    return forward_call(*args, **kwargs)
           ^^^^^^^^^^^^^^^^^^^^^^^^^^^^^
  File "/home/shreya/venvs/fusion_qat/lib/python3.12/site-packages/transformers/utils/generic.py", line 917, in wrapper
    output = func(self, *args, **kwargs)
             ^^^^^^^^^^^^^^^^^^^^^^^^^^^
  File "/home/shreya/venvs/fusion_qat/lib/python3.12/site-packages/transformers/utils/output_capturing.py", line 222, in wrapper
    @wraps(func)
NameError: name 'torch' is not defined
2026-06-04 08:45:13,755 INFO sweep: Saved bert_base__fp16__compile__b1__s128.json
2026-06-04 08:45:13,757 INFO sweep: Progress: 8/8
2026-06-04 08:45:13,757 INFO sweep: START: bert-base | fp16 | compile | batch=16 seq=128
2026-06-04 08:45:26,919 WARNING sweep: Compile warmup error: name 'torch' is not defined
2026-06-04 08:45:27,276 WARNING deterministic: Kernel profiling failed: name 'torch' is not defined
2026-06-04 08:45:27,277 ERROR sweep: Unexpected error: name 'torch' is not defined
Traceback (most recent call last):
  File "/home/shreya/Coding/optimizer_V2/edge_quant_bench/run_sweep.py", line 165, in run_one
    stats = time_model(run_fn, cooldown_fn=cooldown_fn)
            ^^^^^^^^^^^^^^^^^^^^^^^^^^^^^^^^^^^^^^^^^^^
  File "/home/shreya/Coding/optimizer_V2/edge_quant_bench/measure.py", line 18, in time_model
    run_fn()
  File "/home/shreya/Coding/optimizer_V2/edge_quant_bench/run_sweep.py", line 130, in run_fn
    def run_fn(): return compiled(**inputs)
                         ^^^^^^^^^^^^^^^^^^
  File "/home/shreya/venvs/fusion_qat/lib/python3.12/site-packages/torch/nn/modules/module.py", line 1739, in _wrapped_call_impl
    return self._call_impl(*args, **kwargs)
           ^^^^^^^^^^^^^^^^^^^^^^^^^^^^^^^^
  File "/home/shreya/venvs/fusion_qat/lib/python3.12/site-packages/torch/nn/modules/module.py", line 1750, in _call_impl
    return forward_call(*args, **kwargs)
           ^^^^^^^^^^^^^^^^^^^^^^^^^^^^^
  File "/home/shreya/venvs/fusion_qat/lib/python3.12/site-packages/torch/_dynamo/eval_frame.py", line 574, in _fn
    return fn(*args, **kwargs)
           ^^^^^^^^^^^^^^^^^^^
  File "/home/shreya/venvs/fusion_qat/lib/python3.12/site-packages/torch/nn/modules/module.py", line 1739, in _wrapped_call_impl
    return self._call_impl(*args, **kwargs)
           ^^^^^^^^^^^^^^^^^^^^^^^^^^^^^^^^
  File "/home/shreya/venvs/fusion_qat/lib/python3.12/site-packages/torch/nn/modules/module.py", line 1750, in _call_impl
    return forward_call(*args, **kwargs)
           ^^^^^^^^^^^^^^^^^^^^^^^^^^^^^
  File "/home/shreya/venvs/fusion_qat/lib/python3.12/site-packages/transformers/utils/generic.py", line 917, in wrapper
    output = func(self, *args, **kwargs)
             ^^^^^^^^^^^^^^^^^^^^^^^^^^^
  File "/home/shreya/venvs/fusion_qat/lib/python3.12/site-packages/transformers/utils/output_capturing.py", line 222, in wrapper
    @wraps(func)
NameError: name 'torch' is not defined
2026-06-04 08:45:27,652 INFO sweep: Saved bert_base__fp16__compile__b16__s128.json
2026-06-04 08:47:24,596 INFO sweep: === Phase 0 sanity run ===
2026-06-04 08:47:24,599 INFO sweep: Loading FP16 reference for bert-base
2026-06-04 08:47:26,557 INFO sweep: Progress: 1/8
2026-06-04 08:47:26,557 INFO sweep: SKIP (exists): bert_base__fp32__eager__b1__s128
2026-06-04 08:47:26,557 INFO sweep: Progress: 2/8
2026-06-04 08:47:26,557 INFO sweep: SKIP (exists): bert_base__fp32__eager__b16__s128
2026-06-04 08:47:26,557 INFO sweep: Progress: 3/8
2026-06-04 08:47:26,558 INFO sweep: START: bert-base | fp32 | compile | batch=1 seq=128
2026-06-04 08:47:31,226 WARNING sweep: Compile warmup error: name 'torch' is not defined
2026-06-04 08:47:31,352 WARNING deterministic: Kernel profiling failed: name 'torch' is not defined
2026-06-04 08:47:31,353 ERROR sweep: Unexpected error: name 'torch' is not defined
Traceback (most recent call last):
  File "/home/shreya/Coding/optimizer_V2/edge_quant_bench/run_sweep.py", line 169, in run_one
    stats = time_model(run_fn, cooldown_fn=cooldown_fn)
            ^^^^^^^^^^^^^^^^^^^^^^^^^^^^^^^^^^^^^^^^^^^
  File "/home/shreya/Coding/optimizer_V2/edge_quant_bench/measure.py", line 18, in time_model
    run_fn()
  File "/home/shreya/Coding/optimizer_V2/edge_quant_bench/run_sweep.py", line 134, in run_fn
    def run_fn(): return compiled(**inputs)
                         ^^^^^^^^^^^^^^^^^^
  File "/home/shreya/venvs/fusion_qat/lib/python3.12/site-packages/torch/nn/modules/module.py", line 1739, in _wrapped_call_impl
    return self._call_impl(*args, **kwargs)
           ^^^^^^^^^^^^^^^^^^^^^^^^^^^^^^^^
  File "/home/shreya/venvs/fusion_qat/lib/python3.12/site-packages/torch/nn/modules/module.py", line 1750, in _call_impl
    return forward_call(*args, **kwargs)
           ^^^^^^^^^^^^^^^^^^^^^^^^^^^^^
  File "/home/shreya/venvs/fusion_qat/lib/python3.12/site-packages/torch/_dynamo/eval_frame.py", line 574, in _fn
    return fn(*args, **kwargs)
           ^^^^^^^^^^^^^^^^^^^
  File "/home/shreya/venvs/fusion_qat/lib/python3.12/site-packages/torch/nn/modules/module.py", line 1739, in _wrapped_call_impl
    return self._call_impl(*args, **kwargs)
           ^^^^^^^^^^^^^^^^^^^^^^^^^^^^^^^^
  File "/home/shreya/venvs/fusion_qat/lib/python3.12/site-packages/torch/nn/modules/module.py", line 1750, in _call_impl
    return forward_call(*args, **kwargs)
           ^^^^^^^^^^^^^^^^^^^^^^^^^^^^^
  File "/home/shreya/venvs/fusion_qat/lib/python3.12/site-packages/transformers/utils/generic.py", line 917, in wrapper
    output = func(self, *args, **kwargs)
             ^^^^^^^^^^^^^^^^^^^^^^^^^^^
  File "/home/shreya/venvs/fusion_qat/lib/python3.12/site-packages/transformers/utils/output_capturing.py", line 222, in wrapper
    @wraps(func)
NameError: name 'torch' is not defined
2026-06-04 08:47:31,543 INFO sweep: Saved bert_base__fp32__compile__b1__s128.json
2026-06-04 08:47:31,544 INFO sweep: Progress: 4/8
2026-06-04 08:47:31,544 INFO sweep: START: bert-base | fp32 | compile | batch=16 seq=128
2026-06-04 08:47:37,328 WARNING sweep: Compile warmup error: name 'torch' is not defined
2026-06-04 08:47:37,556 WARNING deterministic: Kernel profiling failed: name 'torch' is not defined
2026-06-04 08:47:37,557 ERROR sweep: Unexpected error: name 'torch' is not defined
Traceback (most recent call last):
  File "/home/shreya/Coding/optimizer_V2/edge_quant_bench/run_sweep.py", line 169, in run_one
    stats = time_model(run_fn, cooldown_fn=cooldown_fn)
            ^^^^^^^^^^^^^^^^^^^^^^^^^^^^^^^^^^^^^^^^^^^
  File "/home/shreya/Coding/optimizer_V2/edge_quant_bench/measure.py", line 18, in time_model
    run_fn()
  File "/home/shreya/Coding/optimizer_V2/edge_quant_bench/run_sweep.py", line 134, in run_fn
    def run_fn(): return compiled(**inputs)
                         ^^^^^^^^^^^^^^^^^^
  File "/home/shreya/venvs/fusion_qat/lib/python3.12/site-packages/torch/nn/modules/module.py", line 1739, in _wrapped_call_impl
    return self._call_impl(*args, **kwargs)
           ^^^^^^^^^^^^^^^^^^^^^^^^^^^^^^^^
  File "/home/shreya/venvs/fusion_qat/lib/python3.12/site-packages/torch/nn/modules/module.py", line 1750, in _call_impl
    return forward_call(*args, **kwargs)
           ^^^^^^^^^^^^^^^^^^^^^^^^^^^^^
  File "/home/shreya/venvs/fusion_qat/lib/python3.12/site-packages/torch/_dynamo/eval_frame.py", line 574, in _fn
    return fn(*args, **kwargs)
           ^^^^^^^^^^^^^^^^^^^
  File "/home/shreya/venvs/fusion_qat/lib/python3.12/site-packages/torch/nn/modules/module.py", line 1739, in _wrapped_call_impl
    return self._call_impl(*args, **kwargs)
           ^^^^^^^^^^^^^^^^^^^^^^^^^^^^^^^^
  File "/home/shreya/venvs/fusion_qat/lib/python3.12/site-packages/torch/nn/modules/module.py", line 1750, in _call_impl
    return forward_call(*args, **kwargs)
           ^^^^^^^^^^^^^^^^^^^^^^^^^^^^^
  File "/home/shreya/venvs/fusion_qat/lib/python3.12/site-packages/transformers/utils/generic.py", line 917, in wrapper
    output = func(self, *args, **kwargs)
             ^^^^^^^^^^^^^^^^^^^^^^^^^^^
  File "/home/shreya/venvs/fusion_qat/lib/python3.12/site-packages/transformers/utils/output_capturing.py", line 222, in wrapper
    @wraps(func)
NameError: name 'torch' is not defined
2026-06-04 08:47:37,752 INFO sweep: Saved bert_base__fp32__compile__b16__s128.json
2026-06-04 08:47:37,753 INFO sweep: Progress: 5/8
2026-06-04 08:47:37,753 INFO sweep: SKIP (exists): bert_base__fp16__eager__b1__s128
2026-06-04 08:47:37,753 INFO sweep: Progress: 6/8
2026-06-04 08:47:37,753 INFO sweep: SKIP (exists): bert_base__fp16__eager__b16__s128
2026-06-04 08:47:37,753 INFO sweep: Progress: 7/8
2026-06-04 08:47:37,753 INFO sweep: START: bert-base | fp16 | compile | batch=1 seq=128
2026-06-04 08:47:41,262 WARNING sweep: Compile warmup error: name 'torch' is not defined
2026-06-04 08:47:41,435 WARNING deterministic: Kernel profiling failed: name 'torch' is not defined
2026-06-04 08:47:41,435 ERROR sweep: Unexpected error: name 'torch' is not defined
Traceback (most recent call last):
  File "/home/shreya/Coding/optimizer_V2/edge_quant_bench/run_sweep.py", line 169, in run_one
    stats = time_model(run_fn, cooldown_fn=cooldown_fn)
            ^^^^^^^^^^^^^^^^^^^^^^^^^^^^^^^^^^^^^^^^^^^
  File "/home/shreya/Coding/optimizer_V2/edge_quant_bench/measure.py", line 18, in time_model
    run_fn()
  File "/home/shreya/Coding/optimizer_V2/edge_quant_bench/run_sweep.py", line 134, in run_fn
    def run_fn(): return compiled(**inputs)
                         ^^^^^^^^^^^^^^^^^^
  File "/home/shreya/venvs/fusion_qat/lib/python3.12/site-packages/torch/nn/modules/module.py", line 1739, in _wrapped_call_impl
    return self._call_impl(*args, **kwargs)
           ^^^^^^^^^^^^^^^^^^^^^^^^^^^^^^^^
  File "/home/shreya/venvs/fusion_qat/lib/python3.12/site-packages/torch/nn/modules/module.py", line 1750, in _call_impl
    return forward_call(*args, **kwargs)
           ^^^^^^^^^^^^^^^^^^^^^^^^^^^^^
  File "/home/shreya/venvs/fusion_qat/lib/python3.12/site-packages/torch/_dynamo/eval_frame.py", line 574, in _fn
    return fn(*args, **kwargs)
           ^^^^^^^^^^^^^^^^^^^
  File "/home/shreya/venvs/fusion_qat/lib/python3.12/site-packages/torch/nn/modules/module.py", line 1739, in _wrapped_call_impl
    return self._call_impl(*args, **kwargs)
           ^^^^^^^^^^^^^^^^^^^^^^^^^^^^^^^^
  File "/home/shreya/venvs/fusion_qat/lib/python3.12/site-packages/torch/nn/modules/module.py", line 1750, in _call_impl
    return forward_call(*args, **kwargs)
           ^^^^^^^^^^^^^^^^^^^^^^^^^^^^^
  File "/home/shreya/venvs/fusion_qat/lib/python3.12/site-packages/transformers/utils/generic.py", line 917, in wrapper
    output = func(self, *args, **kwargs)
             ^^^^^^^^^^^^^^^^^^^^^^^^^^^
  File "/home/shreya/venvs/fusion_qat/lib/python3.12/site-packages/transformers/utils/output_capturing.py", line 222, in wrapper
    @wraps(func)
NameError: name 'torch' is not defined
2026-06-04 08:47:41,640 INFO sweep: Saved bert_base__fp16__compile__b1__s128.json
2026-06-04 08:47:41,641 INFO sweep: Progress: 8/8
2026-06-04 08:47:41,641 INFO sweep: START: bert-base | fp16 | compile | batch=16 seq=128
2026-06-04 08:47:48,164 WARNING sweep: Compile warmup error: name 'torch' is not defined
2026-06-04 08:47:48,369 WARNING deterministic: Kernel profiling failed: name 'torch' is not defined
2026-06-04 08:47:48,370 ERROR sweep: Unexpected error: name 'torch' is not defined
Traceback (most recent call last):
  File "/home/shreya/Coding/optimizer_V2/edge_quant_bench/run_sweep.py", line 169, in run_one
    stats = time_model(run_fn, cooldown_fn=cooldown_fn)
            ^^^^^^^^^^^^^^^^^^^^^^^^^^^^^^^^^^^^^^^^^^^
  File "/home/shreya/Coding/optimizer_V2/edge_quant_bench/measure.py", line 18, in time_model
    run_fn()
  File "/home/shreya/Coding/optimizer_V2/edge_quant_bench/run_sweep.py", line 134, in run_fn
    def run_fn(): return compiled(**inputs)
                         ^^^^^^^^^^^^^^^^^^
  File "/home/shreya/venvs/fusion_qat/lib/python3.12/site-packages/torch/nn/modules/module.py", line 1739, in _wrapped_call_impl
    return self._call_impl(*args, **kwargs)
           ^^^^^^^^^^^^^^^^^^^^^^^^^^^^^^^^
  File "/home/shreya/venvs/fusion_qat/lib/python3.12/site-packages/torch/nn/modules/module.py", line 1750, in _call_impl
    return forward_call(*args, **kwargs)
           ^^^^^^^^^^^^^^^^^^^^^^^^^^^^^
  File "/home/shreya/venvs/fusion_qat/lib/python3.12/site-packages/torch/_dynamo/eval_frame.py", line 574, in _fn
    return fn(*args, **kwargs)
           ^^^^^^^^^^^^^^^^^^^
  File "/home/shreya/venvs/fusion_qat/lib/python3.12/site-packages/torch/nn/modules/module.py", line 1739, in _wrapped_call_impl
    return self._call_impl(*args, **kwargs)
           ^^^^^^^^^^^^^^^^^^^^^^^^^^^^^^^^
  File "/home/shreya/venvs/fusion_qat/lib/python3.12/site-packages/torch/nn/modules/module.py", line 1750, in _call_impl
    return forward_call(*args, **kwargs)
           ^^^^^^^^^^^^^^^^^^^^^^^^^^^^^
  File "/home/shreya/venvs/fusion_qat/lib/python3.12/site-packages/transformers/utils/generic.py", line 917, in wrapper
    output = func(self, *args, **kwargs)
             ^^^^^^^^^^^^^^^^^^^^^^^^^^^
  File "/home/shreya/venvs/fusion_qat/lib/python3.12/site-packages/transformers/utils/output_capturing.py", line 222, in wrapper
    @wraps(func)
NameError: name 'torch' is not defined
2026-06-04 08:47:48,576 INFO sweep: Saved bert_base__fp16__compile__b16__s128.json
2026-06-04 08:51:11,263 INFO sweep: === Phase 0 sanity run ===
2026-06-04 08:51:11,266 INFO sweep: Loading FP16 reference for bert-base
2026-06-04 08:51:12,676 INFO sweep: Progress: 1/8
2026-06-04 08:51:12,676 INFO sweep: SKIP (exists): bert_base__fp32__eager__b1__s128
2026-06-04 08:51:12,676 INFO sweep: Progress: 2/8
2026-06-04 08:51:12,676 INFO sweep: SKIP (exists): bert_base__fp32__eager__b16__s128
2026-06-04 08:51:12,676 INFO sweep: Progress: 3/8
2026-06-04 08:51:12,676 INFO sweep: START: bert-base | fp32 | compile | batch=1 seq=128
2026-06-04 08:51:17,404 WARNING sweep: Compile warmup error: name 'torch' is not defined
2026-06-04 08:51:17,541 WARNING deterministic: Kernel profiling failed: name 'torch' is not defined
2026-06-04 08:51:17,542 ERROR sweep: Unexpected error: name 'torch' is not defined
Traceback (most recent call last):
  File "/home/shreya/Coding/optimizer_V2/edge_quant_bench/run_sweep.py", line 175, in run_one
    stats = time_model(run_fn, cooldown_fn=cooldown_fn)
            ^^^^^^^^^^^^^^^^^^^^^^^^^^^^^^^^^^^^^^^^^^^
  File "/home/shreya/Coding/optimizer_V2/edge_quant_bench/measure.py", line 18, in time_model
    run_fn()
  File "/home/shreya/Coding/optimizer_V2/edge_quant_bench/run_sweep.py", line 140, in run_fn
    def run_fn(): return compiled(**inputs)
                         ^^^^^^^^^^^^^^^^^^
  File "/home/shreya/venvs/fusion_qat/lib/python3.12/site-packages/torch/nn/modules/module.py", line 1739, in _wrapped_call_impl
    return self._call_impl(*args, **kwargs)
           ^^^^^^^^^^^^^^^^^^^^^^^^^^^^^^^^
  File "/home/shreya/venvs/fusion_qat/lib/python3.12/site-packages/torch/nn/modules/module.py", line 1750, in _call_impl
    return forward_call(*args, **kwargs)
           ^^^^^^^^^^^^^^^^^^^^^^^^^^^^^
  File "/home/shreya/venvs/fusion_qat/lib/python3.12/site-packages/torch/_dynamo/eval_frame.py", line 574, in _fn
    return fn(*args, **kwargs)
           ^^^^^^^^^^^^^^^^^^^
  File "/home/shreya/venvs/fusion_qat/lib/python3.12/site-packages/torch/nn/modules/module.py", line 1739, in _wrapped_call_impl
    return self._call_impl(*args, **kwargs)
           ^^^^^^^^^^^^^^^^^^^^^^^^^^^^^^^^
  File "/home/shreya/venvs/fusion_qat/lib/python3.12/site-packages/torch/nn/modules/module.py", line 1750, in _call_impl
    return forward_call(*args, **kwargs)
           ^^^^^^^^^^^^^^^^^^^^^^^^^^^^^
  File "/home/shreya/venvs/fusion_qat/lib/python3.12/site-packages/transformers/utils/generic.py", line 917, in wrapper
    output = func(self, *args, **kwargs)
             ^^^^^^^^^^^^^^^^^^^^^^^^^^^
  File "/home/shreya/venvs/fusion_qat/lib/python3.12/site-packages/transformers/utils/output_capturing.py", line 222, in wrapper
    @wraps(func)
NameError: name 'torch' is not defined
2026-06-04 08:51:17,725 INFO sweep: Saved bert_base__fp32__compile__b1__s128.json
2026-06-04 08:51:17,726 INFO sweep: Progress: 4/8
2026-06-04 08:51:17,726 INFO sweep: START: bert-base | fp32 | compile | batch=16 seq=128
2026-06-04 08:51:23,464 WARNING sweep: Compile warmup error: name 'torch' is not defined
2026-06-04 08:51:23,686 WARNING deterministic: Kernel profiling failed: name 'torch' is not defined
2026-06-04 08:51:23,687 ERROR sweep: Unexpected error: name 'torch' is not defined
Traceback (most recent call last):
  File "/home/shreya/Coding/optimizer_V2/edge_quant_bench/run_sweep.py", line 175, in run_one
    stats = time_model(run_fn, cooldown_fn=cooldown_fn)
            ^^^^^^^^^^^^^^^^^^^^^^^^^^^^^^^^^^^^^^^^^^^
  File "/home/shreya/Coding/optimizer_V2/edge_quant_bench/measure.py", line 18, in time_model
    run_fn()
  File "/home/shreya/Coding/optimizer_V2/edge_quant_bench/run_sweep.py", line 140, in run_fn
    def run_fn(): return compiled(**inputs)
                         ^^^^^^^^^^^^^^^^^^
  File "/home/shreya/venvs/fusion_qat/lib/python3.12/site-packages/torch/nn/modules/module.py", line 1739, in _wrapped_call_impl
    return self._call_impl(*args, **kwargs)
           ^^^^^^^^^^^^^^^^^^^^^^^^^^^^^^^^
  File "/home/shreya/venvs/fusion_qat/lib/python3.12/site-packages/torch/nn/modules/module.py", line 1750, in _call_impl
    return forward_call(*args, **kwargs)
           ^^^^^^^^^^^^^^^^^^^^^^^^^^^^^
  File "/home/shreya/venvs/fusion_qat/lib/python3.12/site-packages/torch/_dynamo/eval_frame.py", line 574, in _fn
    return fn(*args, **kwargs)
           ^^^^^^^^^^^^^^^^^^^
  File "/home/shreya/venvs/fusion_qat/lib/python3.12/site-packages/torch/nn/modules/module.py", line 1739, in _wrapped_call_impl
    return self._call_impl(*args, **kwargs)
           ^^^^^^^^^^^^^^^^^^^^^^^^^^^^^^^^
  File "/home/shreya/venvs/fusion_qat/lib/python3.12/site-packages/torch/nn/modules/module.py", line 1750, in _call_impl
    return forward_call(*args, **kwargs)
           ^^^^^^^^^^^^^^^^^^^^^^^^^^^^^
  File "/home/shreya/venvs/fusion_qat/lib/python3.12/site-packages/transformers/utils/generic.py", line 917, in wrapper
    output = func(self, *args, **kwargs)
             ^^^^^^^^^^^^^^^^^^^^^^^^^^^
  File "/home/shreya/venvs/fusion_qat/lib/python3.12/site-packages/transformers/utils/output_capturing.py", line 222, in wrapper
    @wraps(func)
NameError: name 'torch' is not defined
2026-06-04 08:51:23,875 INFO sweep: Saved bert_base__fp32__compile__b16__s128.json
2026-06-04 08:51:23,876 INFO sweep: Progress: 5/8
2026-06-04 08:51:23,876 INFO sweep: SKIP (exists): bert_base__fp16__eager__b1__s128
2026-06-04 08:51:23,876 INFO sweep: Progress: 6/8
2026-06-04 08:51:23,876 INFO sweep: SKIP (exists): bert_base__fp16__eager__b16__s128
2026-06-04 08:51:23,876 INFO sweep: Progress: 7/8
2026-06-04 08:51:23,877 INFO sweep: START: bert-base | fp16 | compile | batch=1 seq=128
2026-06-04 08:51:27,391 WARNING sweep: Compile warmup error: name 'torch' is not defined
2026-06-04 08:51:27,554 WARNING deterministic: Kernel profiling failed: name 'torch' is not defined
2026-06-04 08:51:27,554 ERROR sweep: Unexpected error: name 'torch' is not defined
Traceback (most recent call last):
  File "/home/shreya/Coding/optimizer_V2/edge_quant_bench/run_sweep.py", line 175, in run_one
    stats = time_model(run_fn, cooldown_fn=cooldown_fn)
            ^^^^^^^^^^^^^^^^^^^^^^^^^^^^^^^^^^^^^^^^^^^
  File "/home/shreya/Coding/optimizer_V2/edge_quant_bench/measure.py", line 18, in time_model
    run_fn()
  File "/home/shreya/Coding/optimizer_V2/edge_quant_bench/run_sweep.py", line 140, in run_fn
    def run_fn(): return compiled(**inputs)
                         ^^^^^^^^^^^^^^^^^^
  File "/home/shreya/venvs/fusion_qat/lib/python3.12/site-packages/torch/nn/modules/module.py", line 1739, in _wrapped_call_impl
    return self._call_impl(*args, **kwargs)
           ^^^^^^^^^^^^^^^^^^^^^^^^^^^^^^^^
  File "/home/shreya/venvs/fusion_qat/lib/python3.12/site-packages/torch/nn/modules/module.py", line 1750, in _call_impl
    return forward_call(*args, **kwargs)
           ^^^^^^^^^^^^^^^^^^^^^^^^^^^^^
  File "/home/shreya/venvs/fusion_qat/lib/python3.12/site-packages/torch/_dynamo/eval_frame.py", line 574, in _fn
    return fn(*args, **kwargs)
           ^^^^^^^^^^^^^^^^^^^
  File "/home/shreya/venvs/fusion_qat/lib/python3.12/site-packages/torch/nn/modules/module.py", line 1739, in _wrapped_call_impl
    return self._call_impl(*args, **kwargs)
           ^^^^^^^^^^^^^^^^^^^^^^^^^^^^^^^^
  File "/home/shreya/venvs/fusion_qat/lib/python3.12/site-packages/torch/nn/modules/module.py", line 1750, in _call_impl
    return forward_call(*args, **kwargs)
           ^^^^^^^^^^^^^^^^^^^^^^^^^^^^^
  File "/home/shreya/venvs/fusion_qat/lib/python3.12/site-packages/transformers/utils/generic.py", line 917, in wrapper
    output = func(self, *args, **kwargs)
             ^^^^^^^^^^^^^^^^^^^^^^^^^^^
  File "/home/shreya/venvs/fusion_qat/lib/python3.12/site-packages/transformers/utils/output_capturing.py", line 222, in wrapper
    @wraps(func)
NameError: name 'torch' is not defined
2026-06-04 08:51:27,762 INFO sweep: Saved bert_base__fp16__compile__b1__s128.json
2026-06-04 08:51:27,763 INFO sweep: Progress: 8/8
2026-06-04 08:51:27,763 INFO sweep: START: bert-base | fp16 | compile | batch=16 seq=128
2026-06-04 08:51:34,021 WARNING sweep: Compile warmup error: name 'torch' is not defined
2026-06-04 08:51:34,237 WARNING deterministic: Kernel profiling failed: name 'torch' is not defined
2026-06-04 08:51:34,237 ERROR sweep: Unexpected error: name 'torch' is not defined
Traceback (most recent call last):
  File "/home/shreya/Coding/optimizer_V2/edge_quant_bench/run_sweep.py", line 175, in run_one
    stats = time_model(run_fn, cooldown_fn=cooldown_fn)
            ^^^^^^^^^^^^^^^^^^^^^^^^^^^^^^^^^^^^^^^^^^^
  File "/home/shreya/Coding/optimizer_V2/edge_quant_bench/measure.py", line 18, in time_model
    run_fn()
  File "/home/shreya/Coding/optimizer_V2/edge_quant_bench/run_sweep.py", line 140, in run_fn
    def run_fn(): return compiled(**inputs)
                         ^^^^^^^^^^^^^^^^^^
  File "/home/shreya/venvs/fusion_qat/lib/python3.12/site-packages/torch/nn/modules/module.py", line 1739, in _wrapped_call_impl
    return self._call_impl(*args, **kwargs)
           ^^^^^^^^^^^^^^^^^^^^^^^^^^^^^^^^
  File "/home/shreya/venvs/fusion_qat/lib/python3.12/site-packages/torch/nn/modules/module.py", line 1750, in _call_impl
    return forward_call(*args, **kwargs)
           ^^^^^^^^^^^^^^^^^^^^^^^^^^^^^
  File "/home/shreya/venvs/fusion_qat/lib/python3.12/site-packages/torch/_dynamo/eval_frame.py", line 574, in _fn
    return fn(*args, **kwargs)
           ^^^^^^^^^^^^^^^^^^^
  File "/home/shreya/venvs/fusion_qat/lib/python3.12/site-packages/torch/nn/modules/module.py", line 1739, in _wrapped_call_impl
    return self._call_impl(*args, **kwargs)
           ^^^^^^^^^^^^^^^^^^^^^^^^^^^^^^^^
  File "/home/shreya/venvs/fusion_qat/lib/python3.12/site-packages/torch/nn/modules/module.py", line 1750, in _call_impl
    return forward_call(*args, **kwargs)
           ^^^^^^^^^^^^^^^^^^^^^^^^^^^^^
  File "/home/shreya/venvs/fusion_qat/lib/python3.12/site-packages/transformers/utils/generic.py", line 917, in wrapper
    output = func(self, *args, **kwargs)
             ^^^^^^^^^^^^^^^^^^^^^^^^^^^
  File "/home/shreya/venvs/fusion_qat/lib/python3.12/site-packages/transformers/utils/output_capturing.py", line 222, in wrapper
    @wraps(func)
NameError: name 'torch' is not defined
2026-06-04 08:51:34,446 INFO sweep: Saved bert_base__fp16__compile__b16__s128.json
2026-06-04 08:56:36,718 INFO sweep: === Phase 0 sanity run ===
2026-06-04 08:56:36,721 INFO sweep: Loading FP16 reference for bert-base
2026-06-04 08:56:38,160 INFO sweep: Progress: 1/8
2026-06-04 08:56:38,161 INFO sweep: SKIP (exists): bert_base__fp32__eager__b1__s128
2026-06-04 08:56:38,161 INFO sweep: Progress: 2/8
2026-06-04 08:56:38,161 INFO sweep: SKIP (exists): bert_base__fp32__eager__b16__s128
2026-06-04 08:56:38,161 INFO sweep: Progress: 3/8
2026-06-04 08:56:38,161 INFO sweep: START: bert-base | fp32 | compile | batch=1 seq=128
2026-06-04 08:56:48,590 INFO sweep: Saved bert_base__fp32__compile__b1__s128.json
2026-06-04 08:56:48,591 INFO sweep: Progress: 4/8
2026-06-04 08:56:48,591 INFO sweep: START: bert-base | fp32 | compile | batch=16 seq=128
2026-06-04 08:57:41,427 INFO sweep: Saved bert_base__fp32__compile__b16__s128.json
2026-06-04 08:57:41,428 INFO sweep: Progress: 5/8
2026-06-04 08:57:41,428 INFO sweep: SKIP (exists): bert_base__fp16__eager__b1__s128
2026-06-04 08:57:41,428 INFO sweep: Progress: 6/8
2026-06-04 08:57:41,428 INFO sweep: SKIP (exists): bert_base__fp16__eager__b16__s128
2026-06-04 08:57:41,428 INFO sweep: Progress: 7/8
2026-06-04 08:57:41,429 INFO sweep: START: bert-base | fp16 | compile | batch=1 seq=128
2026-06-04 08:57:56,175 INFO sweep: Saved bert_base__fp16__compile__b1__s128.json
2026-06-04 08:57:56,176 INFO sweep: Progress: 8/8
2026-06-04 08:57:56,176 INFO sweep: START: bert-base | fp16 | compile | batch=16 seq=128
2026-06-04 08:58:59,552 INFO sweep: Saved bert_base__fp16__compile__b16__s128.json
2026-06-04 09:02:11,288 INFO sweep: Loading FP16 reference for distilbert-base
2026-06-04 09:02:12,372 INFO sweep: Progress: 1/192
2026-06-04 09:02:12,372 INFO sweep: START: distilbert-base | fp32 | eager | batch=1 seq=128
2026-06-04 09:02:18,652 INFO sweep: Saved distilbert_base__fp32__eager__b1__s128.json
2026-06-04 09:02:18,652 INFO sweep: Progress: 2/192
2026-06-04 09:02:18,652 INFO sweep: START: distilbert-base | fp32 | eager | batch=4 seq=128
2026-06-04 09:02:28,746 INFO sweep: Saved distilbert_base__fp32__eager__b4__s128.json
2026-06-04 09:02:28,746 INFO sweep: Progress: 3/192
2026-06-04 09:02:28,747 INFO sweep: START: distilbert-base | fp32 | eager | batch=16 seq=128
2026-06-04 09:03:25,835 INFO sweep: Saved distilbert_base__fp32__eager__b16__s128.json
2026-06-04 09:03:25,835 INFO sweep: Progress: 4/192
2026-06-04 09:03:25,835 INFO sweep: START: distilbert-base | fp32 | eager | batch=64 seq=128
2026-06-04 09:05:16,113 INFO sweep: Saved distilbert_base__fp32__eager__b64__s128.json
2026-06-04 09:05:16,113 INFO sweep: Progress: 5/192
2026-06-04 09:05:16,113 INFO sweep: START: distilbert-base | fp32 | compile | batch=1 seq=128
2026-06-04 09:05:37,118 INFO sweep: Saved distilbert_base__fp32__compile__b1__s128.json
2026-06-04 09:05:37,119 INFO sweep: Progress: 6/192
2026-06-04 09:05:37,119 INFO sweep: START: distilbert-base | fp32 | compile | batch=4 seq=128
2026-06-04 09:06:17,688 INFO sweep: Saved distilbert_base__fp32__compile__b4__s128.json
2026-06-04 09:06:17,689 INFO sweep: Progress: 7/192
2026-06-04 09:06:17,689 INFO sweep: START: distilbert-base | fp32 | compile | batch=16 seq=128
2026-06-04 09:07:19,797 INFO sweep: Saved distilbert_base__fp32__compile__b16__s128.json
2026-06-04 09:07:19,798 INFO sweep: Progress: 8/192
2026-06-04 09:07:19,799 INFO sweep: START: distilbert-base | fp32 | compile | batch=64 seq=128
2026-06-04 09:08:42,457 INFO sweep: Saved distilbert_base__fp32__compile__b64__s128.json
2026-06-04 09:08:42,457 INFO sweep: Progress: 9/192
2026-06-04 09:08:42,457 INFO sweep: START: distilbert-base | fp16 | eager | batch=1 seq=128
2026-06-04 09:08:46,239 INFO sweep: Saved distilbert_base__fp16__eager__b1__s128.json
2026-06-04 09:08:46,239 INFO sweep: Progress: 10/192
2026-06-04 09:08:46,239 INFO sweep: START: distilbert-base | fp16 | eager | batch=4 seq=128
2026-06-04 09:08:56,476 INFO sweep: Saved distilbert_base__fp16__eager__b4__s128.json
2026-06-04 09:08:56,476 INFO sweep: Progress: 11/192
2026-06-04 09:08:56,476 INFO sweep: START: distilbert-base | fp16 | eager | batch=16 seq=128
2026-06-04 09:09:51,364 INFO sweep: Saved distilbert_base__fp16__eager__b16__s128.json
2026-06-04 09:09:51,364 INFO sweep: Progress: 12/192
2026-06-04 09:09:51,364 INFO sweep: START: distilbert-base | fp16 | eager | batch=64 seq=128
2026-06-04 09:10:59,686 INFO sweep: Saved distilbert_base__fp16__eager__b64__s128.json
2026-06-04 09:10:59,686 INFO sweep: Progress: 13/192
2026-06-04 09:10:59,686 INFO sweep: START: distilbert-base | fp16 | compile | batch=1 seq=128
2026-06-04 09:11:24,810 INFO sweep: Saved distilbert_base__fp16__compile__b1__s128.json
2026-06-04 09:11:24,811 INFO sweep: Progress: 14/192
2026-06-04 09:11:24,811 INFO sweep: START: distilbert-base | fp16 | compile | batch=4 seq=128
2026-06-04 09:11:59,552 INFO sweep: Saved distilbert_base__fp16__compile__b4__s128.json
2026-06-04 09:11:59,553 INFO sweep: Progress: 15/192
2026-06-04 09:11:59,553 INFO sweep: START: distilbert-base | fp16 | compile | batch=16 seq=128
2026-06-04 09:12:56,510 INFO sweep: Saved distilbert_base__fp16__compile__b16__s128.json
2026-06-04 09:12:56,510 INFO sweep: Progress: 16/192
2026-06-04 09:12:56,510 INFO sweep: START: distilbert-base | fp16 | compile | batch=64 seq=128
2026-06-04 09:14:04,910 INFO sweep: Saved distilbert_base__fp16__compile__b64__s128.json
2026-06-04 09:14:04,910 INFO sweep: Progress: 17/192
2026-06-04 09:14:04,911 INFO sweep: START: distilbert-base | bf16 | eager | batch=1 seq=128
2026-06-04 09:14:19,002 INFO sweep: Saved distilbert_base__bf16__eager__b1__s128.json
2026-06-04 09:14:19,002 INFO sweep: Progress: 18/192
2026-06-04 09:14:19,003 INFO sweep: START: distilbert-base | bf16 | eager | batch=4 seq=128
2026-06-04 09:14:31,325 INFO sweep: Saved distilbert_base__bf16__eager__b4__s128.json
2026-06-04 09:14:31,325 INFO sweep: Progress: 19/192
2026-06-04 09:14:31,325 INFO sweep: START: distilbert-base | bf16 | eager | batch=16 seq=128
2026-06-04 09:14:57,847 INFO sweep: Saved distilbert_base__bf16__eager__b16__s128.json
2026-06-04 09:14:57,847 INFO sweep: Progress: 20/192
2026-06-04 09:14:57,847 INFO sweep: START: distilbert-base | bf16 | eager | batch=64 seq=128
2026-06-04 09:15:53,687 INFO sweep: Saved distilbert_base__bf16__eager__b64__s128.json
2026-06-04 09:15:53,687 INFO sweep: Progress: 21/192
2026-06-04 09:15:53,687 INFO sweep: START: distilbert-base | bf16 | compile | batch=1 seq=128
2026-06-04 09:16:15,750 INFO sweep: Saved distilbert_base__bf16__compile__b1__s128.json
2026-06-04 09:16:15,751 INFO sweep: Progress: 22/192
2026-06-04 09:16:15,751 INFO sweep: START: distilbert-base | bf16 | compile | batch=4 seq=128
2026-06-04 09:16:38,914 INFO sweep: Saved distilbert_base__bf16__compile__b4__s128.json
2026-06-04 09:16:38,915 INFO sweep: Progress: 23/192
2026-06-04 09:16:38,915 INFO sweep: START: distilbert-base | bf16 | compile | batch=16 seq=128
2026-06-04 09:16:59,512 INFO sweep: Saved distilbert_base__bf16__compile__b16__s128.json
2026-06-04 09:16:59,513 INFO sweep: Progress: 24/192
2026-06-04 09:16:59,513 INFO sweep: START: distilbert-base | bf16 | compile | batch=64 seq=128
2026-06-04 09:17:59,453 INFO sweep: Saved distilbert_base__bf16__compile__b64__s128.json
2026-06-04 09:17:59,454 INFO sweep: Progress: 25/192
2026-06-04 09:17:59,454 INFO sweep: START: distilbert-base | w8a16 | eager | batch=1 seq=128
2026-06-04 09:18:08,029 INFO sweep: Saved distilbert_base__w8a16__eager__b1__s128.json
2026-06-04 09:18:08,029 INFO sweep: Progress: 26/192
2026-06-04 09:18:08,029 INFO sweep: START: distilbert-base | w8a16 | eager | batch=4 seq=128
2026-06-04 09:18:18,784 INFO sweep: Saved distilbert_base__w8a16__eager__b4__s128.json
2026-06-04 09:18:18,785 INFO sweep: Progress: 27/192
2026-06-04 09:18:18,785 INFO sweep: START: distilbert-base | w8a16 | eager | batch=16 seq=128
2026-06-04 09:18:40,134 INFO sweep: Saved distilbert_base__w8a16__eager__b16__s128.json
2026-06-04 09:18:40,135 INFO sweep: Progress: 28/192
2026-06-04 09:18:40,135 INFO sweep: START: distilbert-base | w8a16 | eager | batch=64 seq=128
2026-06-04 09:19:31,844 INFO sweep: Saved distilbert_base__w8a16__eager__b64__s128.json
2026-06-04 09:19:31,844 INFO sweep: Progress: 29/192
2026-06-04 09:19:31,844 INFO sweep: START: distilbert-base | w8a16 | compile | batch=1 seq=128
2026-06-04 09:20:22,923 INFO sweep: Saved distilbert_base__w8a16__compile__b1__s128.json
2026-06-04 09:20:22,923 INFO sweep: Progress: 30/192
2026-06-04 09:20:22,923 INFO sweep: START: distilbert-base | w8a16 | compile | batch=4 seq=128
2026-06-04 09:21:19,698 INFO sweep: Saved distilbert_base__w8a16__compile__b4__s128.json
2026-06-04 09:21:19,698 INFO sweep: Progress: 31/192
2026-06-04 09:21:19,699 INFO sweep: START: distilbert-base | w8a16 | compile | batch=16 seq=128
2026-06-04 09:21:39,012 INFO sweep: Saved distilbert_base__w8a16__compile__b16__s128.json
2026-06-04 09:21:39,013 INFO sweep: Progress: 32/192
2026-06-04 09:21:39,013 INFO sweep: START: distilbert-base | w8a16 | compile | batch=64 seq=128
2026-06-04 09:22:43,709 INFO sweep: Saved distilbert_base__w8a16__compile__b64__s128.json
2026-06-04 09:22:43,709 INFO sweep: Progress: 33/192
2026-06-04 09:22:43,710 INFO sweep: START: distilbert-base | w4a16 | eager | batch=1 seq=128
2026-06-04 09:22:54,409 INFO sweep: Saved distilbert_base__w4a16__eager__b1__s128.json
2026-06-04 09:22:54,409 INFO sweep: Progress: 34/192
2026-06-04 09:22:54,409 INFO sweep: START: distilbert-base | w4a16 | eager | batch=4 seq=128
2026-06-04 09:23:13,482 INFO sweep: Saved distilbert_base__w4a16__eager__b4__s128.json
2026-06-04 09:23:13,482 INFO sweep: Progress: 35/192
2026-06-04 09:23:13,483 INFO sweep: START: distilbert-base | w4a16 | eager | batch=16 seq=128
2026-06-04 09:24:06,410 INFO sweep: Saved distilbert_base__w4a16__eager__b16__s128.json
2026-06-04 09:24:06,411 INFO sweep: Progress: 36/192
2026-06-04 09:24:06,411 INFO sweep: START: distilbert-base | w4a16 | eager | batch=64 seq=128
2026-06-04 09:25:52,251 INFO sweep: Saved distilbert_base__w4a16__eager__b64__s128.json
2026-06-04 09:25:52,251 INFO sweep: Progress: 37/192
2026-06-04 09:25:52,251 INFO sweep: START: distilbert-base | w4a16 | compile | batch=1 seq=128
2026-06-04 09:25:58,930 INFO sweep: Saved distilbert_base__w4a16__compile__b1__s128.json
2026-06-04 09:25:58,930 INFO sweep: Progress: 38/192
2026-06-04 09:25:58,930 INFO sweep: START: distilbert-base | w4a16 | compile | batch=4 seq=128
2026-06-04 09:26:16,032 INFO sweep: Saved distilbert_base__w4a16__compile__b4__s128.json
2026-06-04 09:26:16,032 INFO sweep: Progress: 39/192
2026-06-04 09:26:16,032 INFO sweep: START: distilbert-base | w4a16 | compile | batch=16 seq=128
2026-06-04 09:27:13,098 INFO sweep: Saved distilbert_base__w4a16__compile__b16__s128.json
2026-06-04 09:27:13,098 INFO sweep: Progress: 40/192
2026-06-04 09:27:13,099 INFO sweep: START: distilbert-base | w4a16 | compile | batch=64 seq=128
2026-06-04 09:28:59,200 INFO sweep: Saved distilbert_base__w4a16__compile__b64__s128.json
2026-06-04 09:28:59,200 INFO sweep: Progress: 41/192
2026-06-04 09:28:59,200 INFO sweep: START: distilbert-base | w8a8 | eager | batch=1 seq=128
2026-06-04 09:29:23,116 INFO sweep: Saved distilbert_base__w8a8__eager__b1__s128.json
2026-06-04 09:29:23,117 INFO sweep: Progress: 42/192
2026-06-04 09:29:23,117 INFO sweep: START: distilbert-base | w8a8 | eager | batch=4 seq=128
2026-06-04 09:29:59,003 INFO sweep: Saved distilbert_base__w8a8__eager__b4__s128.json
2026-06-04 09:29:59,003 INFO sweep: Progress: 43/192
2026-06-04 09:29:59,004 INFO sweep: START: distilbert-base | w8a8 | eager | batch=16 seq=128
2026-06-04 09:31:04,649 INFO sweep: Saved distilbert_base__w8a8__eager__b16__s128.json
2026-06-04 09:31:04,649 INFO sweep: Progress: 44/192
2026-06-04 09:31:04,650 INFO sweep: START: distilbert-base | w8a8 | eager | batch=64 seq=128
2026-06-04 09:32:52,340 INFO sweep: Saved distilbert_base__w8a8__eager__b64__s128.json
2026-06-04 09:32:52,340 INFO sweep: Progress: 45/192
2026-06-04 09:32:52,340 INFO sweep: START: distilbert-base | w8a8 | compile | batch=1 seq=128
2026-06-04 09:33:22,548 INFO sweep: Saved distilbert_base__w8a8__compile__b1__s128.json
2026-06-04 09:33:22,549 INFO sweep: Progress: 46/192
2026-06-04 09:33:22,549 INFO sweep: START: distilbert-base | w8a8 | compile | batch=4 seq=128
2026-06-04 09:34:19,267 INFO sweep: Saved distilbert_base__w8a8__compile__b4__s128.json
2026-06-04 09:34:19,267 INFO sweep: Progress: 47/192
2026-06-04 09:34:19,268 INFO sweep: START: distilbert-base | w8a8 | compile | batch=16 seq=128
2026-06-04 09:35:35,496 INFO sweep: Saved distilbert_base__w8a8__compile__b16__s128.json
2026-06-04 09:35:35,497 INFO sweep: Progress: 48/192
2026-06-04 09:35:35,497 INFO sweep: START: distilbert-base | w8a8 | compile | batch=64 seq=128
2026-06-04 09:37:23,425 INFO sweep: Saved distilbert_base__w8a8__compile__b64__s128.json
2026-06-04 09:37:23,808 INFO sweep: Loading FP16 reference for bert-base
2026-06-04 09:37:24,699 INFO sweep: Progress: 49/192
2026-06-04 09:37:24,699 INFO sweep: START: bert-base | fp32 | eager | batch=1 seq=128
2026-06-04 09:37:33,942 INFO sweep: Saved bert_base__fp32__eager__b1__s128.json
2026-06-04 09:37:33,942 INFO sweep: Progress: 50/192
2026-06-04 09:37:33,942 INFO sweep: START: bert-base | fp32 | eager | batch=4 seq=128
2026-06-04 09:37:51,137 INFO sweep: Saved bert_base__fp32__eager__b4__s128.json
2026-06-04 09:37:51,137 INFO sweep: Progress: 51/192
2026-06-04 09:37:51,137 INFO sweep: START: bert-base | fp32 | eager | batch=16 seq=128
2026-06-04 09:38:54,087 INFO sweep: Saved bert_base__fp32__eager__b16__s128.json
2026-06-04 09:38:54,087 INFO sweep: Progress: 52/192
2026-06-04 09:38:54,087 INFO sweep: START: bert-base | fp32 | eager | batch=64 seq=128
2026-06-04 09:40:44,944 INFO sweep: Saved bert_base__fp32__eager__b64__s128.json
2026-06-04 09:40:44,944 INFO sweep: Progress: 53/192
2026-06-04 09:40:44,944 INFO sweep: START: bert-base | fp32 | compile | batch=1 seq=128
2026-06-04 09:40:54,122 INFO sweep: Saved bert_base__fp32__compile__b1__s128.json
2026-06-04 09:40:54,123 INFO sweep: Progress: 54/192
2026-06-04 09:40:54,123 INFO sweep: START: bert-base | fp32 | compile | batch=4 seq=128
2026-06-04 09:41:07,220 INFO sweep: Saved bert_base__fp32__compile__b4__s128.json
2026-06-04 09:41:07,221 INFO sweep: Progress: 55/192
2026-06-04 09:41:07,221 INFO sweep: START: bert-base | fp32 | compile | batch=16 seq=128
2026-06-04 09:41:53,904 INFO sweep: Saved bert_base__fp32__compile__b16__s128.json
2026-06-04 09:41:53,904 INFO sweep: Progress: 56/192
2026-06-04 09:41:53,905 INFO sweep: START: bert-base | fp32 | compile | batch=64 seq=128
2026-06-04 09:43:44,822 INFO sweep: Saved bert_base__fp32__compile__b64__s128.json
2026-06-04 09:43:44,823 INFO sweep: Progress: 57/192
2026-06-04 09:43:44,823 INFO sweep: START: bert-base | fp16 | eager | batch=1 seq=128
2026-06-04 09:43:53,854 INFO sweep: Saved bert_base__fp16__eager__b1__s128.json
2026-06-04 09:43:53,854 INFO sweep: Progress: 58/192
2026-06-04 09:43:53,854 INFO sweep: START: bert-base | fp16 | eager | batch=4 seq=128
2026-06-04 09:44:03,691 INFO sweep: Saved bert_base__fp16__eager__b4__s128.json
2026-06-04 09:44:03,691 INFO sweep: Progress: 59/192
2026-06-04 09:44:03,692 INFO sweep: START: bert-base | fp16 | eager | batch=16 seq=128
2026-06-04 09:44:41,939 INFO sweep: Saved bert_base__fp16__eager__b16__s128.json
2026-06-04 09:44:41,940 INFO sweep: Progress: 60/192
2026-06-04 09:44:41,940 INFO sweep: START: bert-base | fp16 | eager | batch=64 seq=128
2026-06-04 09:45:53,085 INFO sweep: Saved bert_base__fp16__eager__b64__s128.json
2026-06-04 09:45:53,085 INFO sweep: Progress: 61/192
2026-06-04 09:45:53,085 INFO sweep: START: bert-base | fp16 | compile | batch=1 seq=128
2026-06-04 09:46:00,100 INFO sweep: Saved bert_base__fp16__compile__b1__s128.json
2026-06-04 09:46:00,101 INFO sweep: Progress: 62/192
2026-06-04 09:46:00,101 INFO sweep: START: bert-base | fp16 | compile | batch=4 seq=128
2026-06-04 09:46:13,943 INFO sweep: Saved bert_base__fp16__compile__b4__s128.json
2026-06-04 09:46:13,944 INFO sweep: Progress: 63/192
2026-06-04 09:46:13,944 INFO sweep: START: bert-base | fp16 | compile | batch=16 seq=128
2026-06-04 09:46:50,179 INFO sweep: Saved bert_base__fp16__compile__b16__s128.json
2026-06-04 09:46:50,180 INFO sweep: Progress: 64/192
2026-06-04 09:46:50,180 INFO sweep: START: bert-base | fp16 | compile | batch=64 seq=128
2026-06-04 09:47:57,359 INFO sweep: Saved bert_base__fp16__compile__b64__s128.json
2026-06-04 09:47:57,360 INFO sweep: Progress: 65/192
2026-06-04 09:47:57,360 INFO sweep: START: bert-base | bf16 | eager | batch=1 seq=128
2026-06-04 09:48:06,454 INFO sweep: Saved bert_base__bf16__eager__b1__s128.json
2026-06-04 09:48:06,454 INFO sweep: Progress: 66/192
2026-06-04 09:48:06,454 INFO sweep: START: bert-base | bf16 | eager | batch=4 seq=128
2026-06-04 09:48:18,175 INFO sweep: Saved bert_base__bf16__eager__b4__s128.json
2026-06-04 09:48:18,175 INFO sweep: Progress: 67/192
2026-06-04 09:48:18,175 INFO sweep: START: bert-base | bf16 | eager | batch=16 seq=128
2026-06-04 09:48:50,203 INFO sweep: Saved bert_base__bf16__eager__b16__s128.json
2026-06-04 09:48:50,203 INFO sweep: Progress: 68/192
2026-06-04 09:48:50,203 INFO sweep: START: bert-base | bf16 | eager | batch=64 seq=128
2026-06-04 09:49:58,614 INFO sweep: Saved bert_base__bf16__eager__b64__s128.json
2026-06-04 09:49:58,614 INFO sweep: Progress: 69/192
2026-06-04 09:49:58,614 INFO sweep: START: bert-base | bf16 | compile | batch=1 seq=128
2026-06-04 09:50:05,523 INFO sweep: Saved bert_base__bf16__compile__b1__s128.json
2026-06-04 09:50:05,524 INFO sweep: Progress: 70/192
2026-06-04 09:50:05,524 INFO sweep: START: bert-base | bf16 | compile | batch=4 seq=128
2026-06-04 09:50:27,321 INFO sweep: Saved bert_base__bf16__compile__b4__s128.json
2026-06-04 09:50:27,322 INFO sweep: Progress: 71/192
2026-06-04 09:50:27,322 INFO sweep: START: bert-base | bf16 | compile | batch=16 seq=128
2026-06-04 09:51:05,479 INFO sweep: Saved bert_base__bf16__compile__b16__s128.json
2026-06-04 09:51:05,480 INFO sweep: Progress: 72/192
2026-06-04 09:51:05,480 INFO sweep: START: bert-base | bf16 | compile | batch=64 seq=128
2026-06-04 09:52:09,904 INFO sweep: Saved bert_base__bf16__compile__b64__s128.json
2026-06-04 09:52:09,905 INFO sweep: Progress: 73/192
2026-06-04 09:52:09,905 INFO sweep: START: bert-base | w8a16 | eager | batch=1 seq=128
2026-06-04 09:52:20,020 INFO sweep: Saved bert_base__w8a16__eager__b1__s128.json
2026-06-04 09:52:20,020 INFO sweep: Progress: 74/192
2026-06-04 09:52:20,020 INFO sweep: START: bert-base | w8a16 | eager | batch=4 seq=128
2026-06-04 09:52:36,696 INFO sweep: Saved bert_base__w8a16__eager__b4__s128.json
2026-06-04 09:52:36,696 INFO sweep: Progress: 75/192
2026-06-04 09:52:36,696 INFO sweep: START: bert-base | w8a16 | eager | batch=16 seq=128
2026-06-04 09:53:14,484 INFO sweep: Saved bert_base__w8a16__eager__b16__s128.json
2026-06-04 09:53:14,484 INFO sweep: Progress: 76/192
2026-06-04 09:53:14,484 INFO sweep: START: bert-base | w8a16 | eager | batch=64 seq=128
2026-06-04 09:54:28,780 INFO sweep: Saved bert_base__w8a16__eager__b64__s128.json
2026-06-04 09:54:28,780 INFO sweep: Progress: 77/192
2026-06-04 09:54:28,780 INFO sweep: START: bert-base | w8a16 | compile | batch=1 seq=128
2026-06-04 09:54:38,866 INFO sweep: Saved bert_base__w8a16__compile__b1__s128.json
2026-06-04 09:54:38,866 INFO sweep: Progress: 78/192
2026-06-04 09:54:38,867 INFO sweep: START: bert-base | w8a16 | compile | batch=4 seq=128
2026-06-04 09:54:51,482 INFO sweep: Saved bert_base__w8a16__compile__b4__s128.json
2026-06-04 09:54:51,483 INFO sweep: Progress: 79/192
2026-06-04 09:54:51,483 INFO sweep: START: bert-base | w8a16 | compile | batch=16 seq=128
2026-06-04 09:55:27,327 INFO sweep: Saved bert_base__w8a16__compile__b16__s128.json
2026-06-04 09:55:27,328 INFO sweep: Progress: 80/192
2026-06-04 09:55:27,328 INFO sweep: START: bert-base | w8a16 | compile | batch=64 seq=128
2026-06-04 09:56:41,756 INFO sweep: Saved bert_base__w8a16__compile__b64__s128.json
2026-06-04 09:56:41,757 INFO sweep: Progress: 81/192
2026-06-04 09:56:41,757 INFO sweep: START: bert-base | w4a16 | eager | batch=1 seq=128
2026-06-04 09:56:51,973 INFO sweep: Saved bert_base__w4a16__eager__b1__s128.json
2026-06-04 09:56:51,973 INFO sweep: Progress: 82/192
2026-06-04 09:56:51,973 INFO sweep: START: bert-base | w4a16 | eager | batch=4 seq=128
2026-06-04 09:57:16,969 INFO sweep: Saved bert_base__w4a16__eager__b4__s128.json
2026-06-04 09:57:16,969 INFO sweep: Progress: 83/192
2026-06-04 09:57:16,969 INFO sweep: START: bert-base | w4a16 | eager | batch=16 seq=128
2026-06-04 09:58:39,571 INFO sweep: Saved bert_base__w4a16__eager__b16__s128.json
2026-06-04 09:58:39,571 INFO sweep: Progress: 84/192
2026-06-04 09:58:39,571 INFO sweep: START: bert-base | w4a16 | eager | batch=64 seq=128
2026-06-04 10:01:23,742 INFO sweep: Saved bert_base__w4a16__eager__b64__s128.json
2026-06-04 10:01:23,742 INFO sweep: Progress: 85/192
2026-06-04 10:01:23,742 INFO sweep: START: bert-base | w4a16 | compile | batch=1 seq=128
2026-06-04 10:01:36,152 INFO sweep: Saved bert_base__w4a16__compile__b1__s128.json
2026-06-04 10:01:36,153 INFO sweep: Progress: 86/192
2026-06-04 10:01:36,153 INFO sweep: START: bert-base | w4a16 | compile | batch=4 seq=128
2026-06-04 10:02:03,246 INFO sweep: Saved bert_base__w4a16__compile__b4__s128.json
2026-06-04 10:02:03,246 INFO sweep: Progress: 87/192
2026-06-04 10:02:03,246 INFO sweep: START: bert-base | w4a16 | compile | batch=16 seq=128
2026-06-04 10:03:25,931 INFO sweep: Saved bert_base__w4a16__compile__b16__s128.json
2026-06-04 10:03:25,932 INFO sweep: Progress: 88/192
2026-06-04 10:03:25,932 INFO sweep: START: bert-base | w4a16 | compile | batch=64 seq=128
2026-06-04 10:06:10,494 INFO sweep: Saved bert_base__w4a16__compile__b64__s128.json
2026-06-04 10:06:10,494 INFO sweep: Progress: 89/192
2026-06-04 10:06:10,494 INFO sweep: START: bert-base | w8a8 | eager | batch=1 seq=128
2026-06-04 10:06:54,577 INFO sweep: Saved bert_base__w8a8__eager__b1__s128.json
2026-06-04 10:06:54,577 INFO sweep: Progress: 90/192
2026-06-04 10:06:54,577 INFO sweep: START: bert-base | w8a8 | eager | batch=4 seq=128
2026-06-04 10:07:43,943 INFO sweep: Saved bert_base__w8a8__eager__b4__s128.json
2026-06-04 10:07:43,943 INFO sweep: Progress: 91/192
2026-06-04 10:07:43,943 INFO sweep: START: bert-base | w8a8 | eager | batch=16 seq=128
2026-06-04 10:09:00,771 INFO sweep: Saved bert_base__w8a8__eager__b16__s128.json
2026-06-04 10:09:00,771 INFO sweep: Progress: 92/192
2026-06-04 10:09:00,772 INFO sweep: START: bert-base | w8a8 | eager | batch=64 seq=128
2026-06-04 10:11:42,732 INFO sweep: Saved bert_base__w8a8__eager__b64__s128.json
2026-06-04 10:11:42,732 INFO sweep: Progress: 93/192
2026-06-04 10:11:42,732 INFO sweep: START: bert-base | w8a8 | compile | batch=1 seq=128
2026-06-04 10:12:35,045 INFO sweep: Saved bert_base__w8a8__compile__b1__s128.json
2026-06-04 10:12:35,046 INFO sweep: Progress: 94/192
2026-06-04 10:12:35,046 INFO sweep: START: bert-base | w8a8 | compile | batch=4 seq=128
2026-06-04 10:13:32,788 INFO sweep: Saved bert_base__w8a8__compile__b4__s128.json
2026-06-04 10:13:32,789 INFO sweep: Progress: 95/192
2026-06-04 10:13:32,789 INFO sweep: START: bert-base | w8a8 | compile | batch=16 seq=128
2026-06-04 10:14:49,154 INFO sweep: Saved bert_base__w8a8__compile__b16__s128.json
2026-06-04 10:14:49,154 INFO sweep: Progress: 96/192
2026-06-04 10:14:49,155 INFO sweep: START: bert-base | w8a8 | compile | batch=64 seq=128
2026-06-04 10:17:31,304 INFO sweep: Saved bert_base__w8a8__compile__b64__s128.json
2026-06-04 10:17:31,684 INFO sweep: Loading FP16 reference for gpt2
2026-06-04 10:17:32,724 INFO sweep: Progress: 97/192
2026-06-04 10:17:32,724 INFO sweep: START: gpt2 | fp32 | eager | batch=1 seq=128
2026-06-04 10:17:42,912 INFO httpx: HTTP Request: HEAD https://huggingface.co/datasets/wikitext/resolve/main/README.md "HTTP/1.1 307 Temporary Redirect"
2026-06-04 10:17:43,134 INFO httpx: HTTP Request: HEAD https://huggingface.co/datasets/Salesforce/wikitext/resolve/main/README.md "HTTP/1.1 307 Temporary Redirect"
2026-06-04 10:17:43,135 WARNING huggingface_hub.utils._http: Warning: You are sending unauthenticated requests to the HF Hub. Please set a HF_TOKEN to enable higher rate limits and faster downloads.
2026-06-04 10:17:43,147 INFO httpx: HTTP Request: HEAD https://huggingface.co/api/resolve-cache/datasets/Salesforce/wikitext/b08601e04326c79dfdd32d625aee71d232d685c3/README.md "HTTP/1.1 200 OK"
2026-06-04 10:17:43,167 INFO httpx: HTTP Request: GET https://huggingface.co/api/resolve-cache/datasets/Salesforce/wikitext/b08601e04326c79dfdd32d625aee71d232d685c3/README.md "HTTP/1.1 200 OK"
2026-06-04 10:17:43,832 INFO httpx: HTTP Request: HEAD https://huggingface.co/datasets/wikitext/resolve/b08601e04326c79dfdd32d625aee71d232d685c3/wikitext.py "HTTP/1.1 307 Temporary Redirect"
2026-06-04 10:17:44,041 INFO httpx: HTTP Request: HEAD https://huggingface.co/datasets/Salesforce/wikitext/resolve/b08601e04326c79dfdd32d625aee71d232d685c3/wikitext.py "HTTP/1.1 404 Not Found"
2026-06-04 10:17:45,025 INFO httpx: HTTP Request: HEAD https://s3.amazonaws.com/datasets.huggingface.co/datasets/datasets/wikitext/wikitext.py "HTTP/1.1 200 OK"
2026-06-04 10:17:45,271 INFO httpx: HTTP Request: GET https://huggingface.co/api/datasets/wikitext/revision/b08601e04326c79dfdd32d625aee71d232d685c3 "HTTP/1.1 307 Temporary Redirect"
2026-06-04 10:17:45,480 INFO httpx: HTTP Request: GET https://huggingface.co/api/datasets/Salesforce/wikitext/revision/b08601e04326c79dfdd32d625aee71d232d685c3 "HTTP/1.1 200 OK"
2026-06-04 10:17:45,692 INFO httpx: HTTP Request: HEAD https://huggingface.co/datasets/wikitext/resolve/b08601e04326c79dfdd32d625aee71d232d685c3/.huggingface.yaml "HTTP/1.1 307 Temporary Redirect"
2026-06-04 10:17:45,913 INFO httpx: HTTP Request: HEAD https://huggingface.co/datasets/Salesforce/wikitext/resolve/b08601e04326c79dfdd32d625aee71d232d685c3/.huggingface.yaml "HTTP/1.1 404 Not Found"
2026-06-04 10:17:46,192 INFO httpx: HTTP Request: GET https://datasets-server.huggingface.co/info?dataset=wikitext "HTTP/1.1 404 Not Found"
2026-06-04 10:17:46,423 INFO httpx: HTTP Request: GET https://huggingface.co/api/datasets/wikitext/tree/b08601e04326c79dfdd32d625aee71d232d685c3/wikitext-103-raw-v1?recursive=true&expand=false "HTTP/1.1 307 Temporary Redirect"
2026-06-04 10:17:46,633 INFO httpx: HTTP Request: GET https://huggingface.co/api/datasets/Salesforce/wikitext/tree/b08601e04326c79dfdd32d625aee71d232d685c3/wikitext-103-raw-v1?recursive=true&expand=false "HTTP/1.1 200 OK"
2026-06-04 10:17:46,854 INFO httpx: HTTP Request: GET https://huggingface.co/api/datasets/wikitext/tree/b08601e04326c79dfdd32d625aee71d232d685c3?recursive=false&expand=false "HTTP/1.1 307 Temporary Redirect"
2026-06-04 10:17:47,064 INFO httpx: HTTP Request: GET https://huggingface.co/api/datasets/Salesforce/wikitext/tree/b08601e04326c79dfdd32d625aee71d232d685c3?recursive=false&expand=false "HTTP/1.1 200 OK"
2026-06-04 10:17:47,329 INFO httpx: HTTP Request: HEAD https://huggingface.co/datasets/wikitext/resolve/b08601e04326c79dfdd32d625aee71d232d685c3/dataset_infos.json "HTTP/1.1 307 Temporary Redirect"
2026-06-04 10:17:47,537 INFO httpx: HTTP Request: HEAD https://huggingface.co/datasets/Salesforce/wikitext/resolve/b08601e04326c79dfdd32d625aee71d232d685c3/dataset_infos.json "HTTP/1.1 404 Not Found"
2026-06-04 10:17:47,747 INFO httpx: HTTP Request: GET https://huggingface.co/api/datasets/wikitext/tree/b08601e04326c79dfdd32d625aee71d232d685c3/wikitext-2-raw-v1?recursive=true&expand=false "HTTP/1.1 307 Temporary Redirect"
2026-06-04 10:17:47,975 INFO httpx: HTTP Request: GET https://huggingface.co/api/datasets/Salesforce/wikitext/tree/b08601e04326c79dfdd32d625aee71d232d685c3/wikitext-2-raw-v1?recursive=true&expand=false "HTTP/1.1 200 OK"
2026-06-04 10:17:48,209 INFO httpx: HTTP Request: HEAD https://huggingface.co/datasets/wikitext/resolve/b08601e04326c79dfdd32d625aee71d232d685c3/wikitext-2-raw-v1/test-00000-of-00001.parquet "HTTP/1.1 307 Temporary Redirect"
2026-06-04 10:17:48,422 INFO httpx: HTTP Request: HEAD https://huggingface.co/datasets/Salesforce/wikitext/resolve/b08601e04326c79dfdd32d625aee71d232d685c3/wikitext-2-raw-v1/test-00000-of-00001.parquet "HTTP/1.1 302 Found"
2026-06-04 10:17:48,651 INFO httpx: HTTP Request: GET https://huggingface.co/api/datasets/Salesforce/wikitext/xet-read-token/b08601e04326c79dfdd32d625aee71d232d685c3 "HTTP/1.1 200 OK"
2026-06-04 10:17:51,530 INFO httpx: HTTP Request: HEAD https://huggingface.co/datasets/wikitext/resolve/b08601e04326c79dfdd32d625aee71d232d685c3/wikitext-2-raw-v1/train-00000-of-00001.parquet "HTTP/1.1 307 Temporary Redirect"
2026-06-04 10:17:51,739 INFO httpx: HTTP Request: HEAD https://huggingface.co/datasets/Salesforce/wikitext/resolve/b08601e04326c79dfdd32d625aee71d232d685c3/wikitext-2-raw-v1/train-00000-of-00001.parquet "HTTP/1.1 302 Found"
2026-06-04 10:17:53,361 INFO httpx: HTTP Request: HEAD https://huggingface.co/datasets/wikitext/resolve/b08601e04326c79dfdd32d625aee71d232d685c3/wikitext-2-raw-v1/validation-00000-of-00001.parquet "HTTP/1.1 307 Temporary Redirect"
2026-06-04 10:17:53,583 INFO httpx: HTTP Request: HEAD https://huggingface.co/datasets/Salesforce/wikitext/resolve/b08601e04326c79dfdd32d625aee71d232d685c3/wikitext-2-raw-v1/validation-00000-of-00001.parquet "HTTP/1.1 302 Found"
2026-06-04 10:17:54,794 INFO httpx: HTTP Request: HEAD https://huggingface.co/gpt2/resolve/main/tokenizer_config.json "HTTP/1.1 200 OK"
2026-06-04 10:17:55,006 INFO httpx: HTTP Request: GET https://huggingface.co/gpt2/resolve/main/tokenizer_config.json "HTTP/1.1 200 OK"
2026-06-04 10:17:55,231 INFO httpx: HTTP Request: GET https://huggingface.co/api/models/gpt2/tree/main/additional_chat_templates?recursive=false&expand=false "HTTP/1.1 307 Temporary Redirect"
2026-06-04 10:17:55,453 INFO httpx: HTTP Request: GET https://huggingface.co/api/models/openai-community/gpt2/tree/main/additional_chat_templates?recursive=false&expand=false "HTTP/1.1 404 Not Found"
2026-06-04 10:17:55,660 INFO httpx: HTTP Request: GET https://huggingface.co/api/models/gpt2/tree/main?recursive=true&expand=false "HTTP/1.1 307 Temporary Redirect"
2026-06-04 10:17:55,899 INFO httpx: HTTP Request: GET https://huggingface.co/api/models/openai-community/gpt2/tree/main?recursive=true&expand=false "HTTP/1.1 200 OK"
2026-06-04 10:17:56,120 INFO httpx: HTTP Request: HEAD https://huggingface.co/gpt2/resolve/main/vocab.json "HTTP/1.1 200 OK"
2026-06-04 10:17:56,334 INFO httpx: HTTP Request: GET https://huggingface.co/gpt2/resolve/main/vocab.json "HTTP/1.1 200 OK"
2026-06-04 10:17:56,647 INFO httpx: HTTP Request: HEAD https://huggingface.co/gpt2/resolve/main/merges.txt "HTTP/1.1 200 OK"
2026-06-04 10:17:56,855 INFO httpx: HTTP Request: GET https://huggingface.co/gpt2/resolve/main/merges.txt "HTTP/1.1 200 OK"
2026-06-04 10:17:57,109 INFO httpx: HTTP Request: HEAD https://huggingface.co/gpt2/resolve/main/added_tokens.json "HTTP/1.1 404 Not Found"
2026-06-04 10:17:57,334 INFO httpx: HTTP Request: HEAD https://huggingface.co/gpt2/resolve/main/special_tokens_map.json "HTTP/1.1 404 Not Found"
2026-06-04 10:17:57,661 INFO httpx: HTTP Request: HEAD https://huggingface.co/gpt2/resolve/main/tokenizer.json "HTTP/1.1 200 OK"
2026-06-04 10:17:57,873 INFO httpx: HTTP Request: GET https://huggingface.co/gpt2/resolve/main/tokenizer.json "HTTP/1.1 200 OK"
2026-06-04 10:17:58,788 INFO httpx: HTTP Request: HEAD https://huggingface.co/gpt2/resolve/main/chat_template.jinja "HTTP/1.1 404 Not Found"
2026-06-04 10:17:59,467 INFO sweep: Saved gpt2__fp32__eager__b1__s128.json
2026-06-04 10:17:59,467 INFO sweep: Progress: 98/192
2026-06-04 10:17:59,467 INFO sweep: START: gpt2 | fp32 | eager | batch=4 seq=128
2026-06-04 10:18:13,017 INFO httpx: HTTP Request: HEAD https://huggingface.co/datasets/wikitext/resolve/main/README.md "HTTP/1.1 307 Temporary Redirect"
2026-06-04 10:18:13,226 INFO httpx: HTTP Request: HEAD https://huggingface.co/datasets/Salesforce/wikitext/resolve/main/README.md "HTTP/1.1 307 Temporary Redirect"
2026-06-04 10:18:13,237 INFO httpx: HTTP Request: HEAD https://huggingface.co/api/resolve-cache/datasets/Salesforce/wikitext/b08601e04326c79dfdd32d625aee71d232d685c3/README.md "HTTP/1.1 200 OK"
2026-06-04 10:18:13,499 INFO httpx: HTTP Request: HEAD https://huggingface.co/datasets/wikitext/resolve/b08601e04326c79dfdd32d625aee71d232d685c3/wikitext.py "HTTP/1.1 307 Temporary Redirect"
2026-06-04 10:18:13,707 INFO httpx: HTTP Request: HEAD https://huggingface.co/datasets/Salesforce/wikitext/resolve/b08601e04326c79dfdd32d625aee71d232d685c3/wikitext.py "HTTP/1.1 404 Not Found"
2026-06-04 10:18:14,571 INFO httpx: HTTP Request: HEAD https://s3.amazonaws.com/datasets.huggingface.co/datasets/datasets/wikitext/wikitext.py "HTTP/1.1 200 OK"
2026-06-04 10:18:14,788 INFO httpx: HTTP Request: HEAD https://huggingface.co/datasets/wikitext/resolve/b08601e04326c79dfdd32d625aee71d232d685c3/.huggingface.yaml "HTTP/1.1 307 Temporary Redirect"
2026-06-04 10:18:15,000 INFO httpx: HTTP Request: HEAD https://huggingface.co/datasets/Salesforce/wikitext/resolve/b08601e04326c79dfdd32d625aee71d232d685c3/.huggingface.yaml "HTTP/1.1 404 Not Found"
2026-06-04 10:18:15,309 INFO httpx: HTTP Request: GET https://datasets-server.huggingface.co/info?dataset=wikitext "HTTP/1.1 404 Not Found"
2026-06-04 10:18:15,577 INFO httpx: HTTP Request: HEAD https://huggingface.co/datasets/wikitext/resolve/b08601e04326c79dfdd32d625aee71d232d685c3/dataset_infos.json "HTTP/1.1 307 Temporary Redirect"
2026-06-04 10:18:15,786 INFO httpx: HTTP Request: HEAD https://huggingface.co/datasets/Salesforce/wikitext/resolve/b08601e04326c79dfdd32d625aee71d232d685c3/dataset_infos.json "HTTP/1.1 404 Not Found"
2026-06-04 10:18:16,033 INFO httpx: HTTP Request: HEAD https://huggingface.co/gpt2/resolve/main/tokenizer_config.json "HTTP/1.1 200 OK"
2026-06-04 10:18:16,242 INFO httpx: HTTP Request: GET https://huggingface.co/api/models/gpt2/tree/main/additional_chat_templates?recursive=false&expand=false "HTTP/1.1 307 Temporary Redirect"
2026-06-04 10:18:16,451 INFO httpx: HTTP Request: GET https://huggingface.co/api/models/openai-community/gpt2/tree/main/additional_chat_templates?recursive=false&expand=false "HTTP/1.1 404 Not Found"
2026-06-04 10:18:16,659 INFO httpx: HTTP Request: GET https://huggingface.co/api/models/gpt2/tree/main?recursive=true&expand=false "HTTP/1.1 307 Temporary Redirect"
2026-06-04 10:18:16,871 INFO httpx: HTTP Request: GET https://huggingface.co/api/models/openai-community/gpt2/tree/main?recursive=true&expand=false "HTTP/1.1 200 OK"
2026-06-04 10:18:17,516 INFO sweep: Saved gpt2__fp32__eager__b4__s128.json
2026-06-04 10:18:17,516 INFO sweep: Progress: 99/192
2026-06-04 10:18:17,516 INFO sweep: START: gpt2 | fp32 | eager | batch=16 seq=128
2026-06-04 10:19:08,692 INFO httpx: HTTP Request: HEAD https://huggingface.co/datasets/wikitext/resolve/main/README.md "HTTP/1.1 307 Temporary Redirect"
2026-06-04 10:19:08,927 INFO httpx: HTTP Request: HEAD https://huggingface.co/datasets/Salesforce/wikitext/resolve/main/README.md "HTTP/1.1 307 Temporary Redirect"
2026-06-04 10:19:08,942 INFO httpx: HTTP Request: HEAD https://huggingface.co/api/resolve-cache/datasets/Salesforce/wikitext/b08601e04326c79dfdd32d625aee71d232d685c3/README.md "HTTP/1.1 200 OK"
2026-06-04 10:19:09,185 INFO httpx: HTTP Request: HEAD https://huggingface.co/datasets/wikitext/resolve/b08601e04326c79dfdd32d625aee71d232d685c3/wikitext.py "HTTP/1.1 307 Temporary Redirect"
2026-06-04 10:19:09,408 INFO httpx: HTTP Request: HEAD https://huggingface.co/datasets/Salesforce/wikitext/resolve/b08601e04326c79dfdd32d625aee71d232d685c3/wikitext.py "HTTP/1.1 404 Not Found"
2026-06-04 10:19:10,976 INFO httpx: HTTP Request: HEAD https://s3.amazonaws.com/datasets.huggingface.co/datasets/datasets/wikitext/wikitext.py "HTTP/1.1 200 OK"
2026-06-04 10:19:11,201 INFO httpx: HTTP Request: HEAD https://huggingface.co/datasets/wikitext/resolve/b08601e04326c79dfdd32d625aee71d232d685c3/.huggingface.yaml "HTTP/1.1 307 Temporary Redirect"
2026-06-04 10:19:11,408 INFO httpx: HTTP Request: HEAD https://huggingface.co/datasets/Salesforce/wikitext/resolve/b08601e04326c79dfdd32d625aee71d232d685c3/.huggingface.yaml "HTTP/1.1 404 Not Found"
2026-06-04 10:19:11,692 INFO httpx: HTTP Request: GET https://datasets-server.huggingface.co/info?dataset=wikitext "HTTP/1.1 404 Not Found"
2026-06-04 10:19:11,918 INFO httpx: HTTP Request: HEAD https://huggingface.co/datasets/wikitext/resolve/b08601e04326c79dfdd32d625aee71d232d685c3/dataset_infos.json "HTTP/1.1 307 Temporary Redirect"
2026-06-04 10:19:12,137 INFO httpx: HTTP Request: HEAD https://huggingface.co/datasets/Salesforce/wikitext/resolve/b08601e04326c79dfdd32d625aee71d232d685c3/dataset_infos.json "HTTP/1.1 404 Not Found"
2026-06-04 10:19:12,383 INFO httpx: HTTP Request: HEAD https://huggingface.co/gpt2/resolve/main/tokenizer_config.json "HTTP/1.1 200 OK"
2026-06-04 10:19:12,607 INFO httpx: HTTP Request: GET https://huggingface.co/api/models/gpt2/tree/main/additional_chat_templates?recursive=false&expand=false "HTTP/1.1 307 Temporary Redirect"
2026-06-04 10:19:12,823 INFO httpx: HTTP Request: GET https://huggingface.co/api/models/openai-community/gpt2/tree/main/additional_chat_templates?recursive=false&expand=false "HTTP/1.1 404 Not Found"
2026-06-04 10:19:13,032 INFO httpx: HTTP Request: GET https://huggingface.co/api/models/gpt2/tree/main?recursive=true&expand=false "HTTP/1.1 307 Temporary Redirect"
2026-06-04 10:19:13,276 INFO httpx: HTTP Request: GET https://huggingface.co/api/models/openai-community/gpt2/tree/main?recursive=true&expand=false "HTTP/1.1 200 OK"
2026-06-04 10:19:13,952 INFO sweep: Saved gpt2__fp32__eager__b16__s128.json
2026-06-04 10:19:13,952 INFO sweep: Progress: 100/192
2026-06-04 10:19:13,952 INFO sweep: START: gpt2 | fp32 | eager | batch=64 seq=128
2026-06-04 10:21:29,342 INFO httpx: HTTP Request: HEAD https://huggingface.co/datasets/wikitext/resolve/main/README.md "HTTP/1.1 307 Temporary Redirect"
2026-06-04 10:21:29,589 INFO httpx: HTTP Request: HEAD https://huggingface.co/datasets/Salesforce/wikitext/resolve/main/README.md "HTTP/1.1 307 Temporary Redirect"
2026-06-04 10:21:29,601 INFO httpx: HTTP Request: HEAD https://huggingface.co/api/resolve-cache/datasets/Salesforce/wikitext/b08601e04326c79dfdd32d625aee71d232d685c3/README.md "HTTP/1.1 200 OK"
2026-06-04 10:21:29,835 INFO httpx: HTTP Request: HEAD https://huggingface.co/datasets/wikitext/resolve/b08601e04326c79dfdd32d625aee71d232d685c3/wikitext.py "HTTP/1.1 307 Temporary Redirect"
2026-06-04 10:21:30,058 INFO httpx: HTTP Request: HEAD https://huggingface.co/datasets/Salesforce/wikitext/resolve/b08601e04326c79dfdd32d625aee71d232d685c3/wikitext.py "HTTP/1.1 404 Not Found"
2026-06-04 10:21:30,940 INFO httpx: HTTP Request: HEAD https://s3.amazonaws.com/datasets.huggingface.co/datasets/datasets/wikitext/wikitext.py "HTTP/1.1 200 OK"
2026-06-04 10:21:31,173 INFO httpx: HTTP Request: HEAD https://huggingface.co/datasets/wikitext/resolve/b08601e04326c79dfdd32d625aee71d232d685c3/.huggingface.yaml "HTTP/1.1 307 Temporary Redirect"
2026-06-04 10:21:31,398 INFO httpx: HTTP Request: HEAD https://huggingface.co/datasets/Salesforce/wikitext/resolve/b08601e04326c79dfdd32d625aee71d232d685c3/.huggingface.yaml "HTTP/1.1 404 Not Found"
2026-06-04 10:21:31,702 INFO httpx: HTTP Request: GET https://datasets-server.huggingface.co/info?dataset=wikitext "HTTP/1.1 404 Not Found"
2026-06-04 10:21:31,925 INFO httpx: HTTP Request: HEAD https://huggingface.co/datasets/wikitext/resolve/b08601e04326c79dfdd32d625aee71d232d685c3/dataset_infos.json "HTTP/1.1 307 Temporary Redirect"
2026-06-04 10:21:32,147 INFO httpx: HTTP Request: HEAD https://huggingface.co/datasets/Salesforce/wikitext/resolve/b08601e04326c79dfdd32d625aee71d232d685c3/dataset_infos.json "HTTP/1.1 404 Not Found"
2026-06-04 10:21:32,415 INFO httpx: HTTP Request: HEAD https://huggingface.co/gpt2/resolve/main/tokenizer_config.json "HTTP/1.1 200 OK"
2026-06-04 10:21:32,624 INFO httpx: HTTP Request: GET https://huggingface.co/api/models/gpt2/tree/main/additional_chat_templates?recursive=false&expand=false "HTTP/1.1 307 Temporary Redirect"
2026-06-04 10:21:32,832 INFO httpx: HTTP Request: GET https://huggingface.co/api/models/openai-community/gpt2/tree/main/additional_chat_templates?recursive=false&expand=false "HTTP/1.1 404 Not Found"
2026-06-04 10:21:33,042 INFO httpx: HTTP Request: GET https://huggingface.co/api/models/gpt2/tree/main?recursive=true&expand=false "HTTP/1.1 307 Temporary Redirect"
2026-06-04 10:21:33,255 INFO httpx: HTTP Request: GET https://huggingface.co/api/models/openai-community/gpt2/tree/main?recursive=true&expand=false "HTTP/1.1 200 OK"
2026-06-04 10:21:33,934 INFO sweep: Saved gpt2__fp32__eager__b64__s128.json
2026-06-04 10:21:33,934 INFO sweep: Progress: 101/192
2026-06-04 10:21:33,934 INFO sweep: START: gpt2 | fp32 | compile | batch=1 seq=128
2026-06-04 10:21:43,079 INFO httpx: HTTP Request: HEAD https://huggingface.co/datasets/wikitext/resolve/main/README.md "HTTP/1.1 307 Temporary Redirect"
2026-06-04 10:21:43,606 INFO httpx: HTTP Request: HEAD https://huggingface.co/datasets/Salesforce/wikitext/resolve/main/README.md "HTTP/1.1 307 Temporary Redirect"
2026-06-04 10:21:43,621 INFO httpx: HTTP Request: HEAD https://huggingface.co/api/resolve-cache/datasets/Salesforce/wikitext/b08601e04326c79dfdd32d625aee71d232d685c3/README.md "HTTP/1.1 200 OK"
2026-06-04 10:21:44,071 INFO httpx: HTTP Request: HEAD https://huggingface.co/datasets/wikitext/resolve/b08601e04326c79dfdd32d625aee71d232d685c3/wikitext.py "HTTP/1.1 307 Temporary Redirect"
2026-06-04 10:21:44,282 INFO httpx: HTTP Request: HEAD https://huggingface.co/datasets/Salesforce/wikitext/resolve/b08601e04326c79dfdd32d625aee71d232d685c3/wikitext.py "HTTP/1.1 404 Not Found"
2026-06-04 10:21:45,164 INFO httpx: HTTP Request: HEAD https://s3.amazonaws.com/datasets.huggingface.co/datasets/datasets/wikitext/wikitext.py "HTTP/1.1 200 OK"
2026-06-04 10:21:45,620 INFO httpx: HTTP Request: HEAD https://huggingface.co/datasets/wikitext/resolve/b08601e04326c79dfdd32d625aee71d232d685c3/.huggingface.yaml "HTTP/1.1 307 Temporary Redirect"
2026-06-04 10:21:45,828 INFO httpx: HTTP Request: HEAD https://huggingface.co/datasets/Salesforce/wikitext/resolve/b08601e04326c79dfdd32d625aee71d232d685c3/.huggingface.yaml "HTTP/1.1 404 Not Found"
2026-06-04 10:21:46,316 INFO httpx: HTTP Request: GET https://datasets-server.huggingface.co/info?dataset=wikitext "HTTP/1.1 404 Not Found"
2026-06-04 10:21:46,539 INFO httpx: HTTP Request: HEAD https://huggingface.co/datasets/wikitext/resolve/b08601e04326c79dfdd32d625aee71d232d685c3/dataset_infos.json "HTTP/1.1 307 Temporary Redirect"
2026-06-04 10:21:46,745 INFO httpx: HTTP Request: HEAD https://huggingface.co/datasets/Salesforce/wikitext/resolve/b08601e04326c79dfdd32d625aee71d232d685c3/dataset_infos.json "HTTP/1.1 404 Not Found"
2026-06-04 10:21:47,039 INFO httpx: HTTP Request: HEAD https://huggingface.co/gpt2/resolve/main/tokenizer_config.json "HTTP/1.1 200 OK"
2026-06-04 10:21:47,247 INFO httpx: HTTP Request: GET https://huggingface.co/api/models/gpt2/tree/main/additional_chat_templates?recursive=false&expand=false "HTTP/1.1 307 Temporary Redirect"
2026-06-04 10:21:47,458 INFO httpx: HTTP Request: GET https://huggingface.co/api/models/openai-community/gpt2/tree/main/additional_chat_templates?recursive=false&expand=false "HTTP/1.1 404 Not Found"
2026-06-04 10:21:47,665 INFO httpx: HTTP Request: GET https://huggingface.co/api/models/gpt2/tree/main?recursive=true&expand=false "HTTP/1.1 307 Temporary Redirect"
2026-06-04 10:21:47,879 INFO httpx: HTTP Request: GET https://huggingface.co/api/models/openai-community/gpt2/tree/main?recursive=true&expand=false "HTTP/1.1 200 OK"
2026-06-04 10:21:48,538 INFO sweep: Saved gpt2__fp32__compile__b1__s128.json
2026-06-04 10:21:48,538 INFO sweep: Progress: 102/192
2026-06-04 10:21:48,538 INFO sweep: START: gpt2 | fp32 | compile | batch=4 seq=128
2026-06-04 10:22:01,983 INFO httpx: HTTP Request: HEAD https://huggingface.co/datasets/wikitext/resolve/main/README.md "HTTP/1.1 307 Temporary Redirect"
2026-06-04 10:22:02,197 INFO httpx: HTTP Request: HEAD https://huggingface.co/datasets/Salesforce/wikitext/resolve/main/README.md "HTTP/1.1 307 Temporary Redirect"
2026-06-04 10:22:02,208 INFO httpx: HTTP Request: HEAD https://huggingface.co/api/resolve-cache/datasets/Salesforce/wikitext/b08601e04326c79dfdd32d625aee71d232d685c3/README.md "HTTP/1.1 200 OK"
2026-06-04 10:22:02,416 INFO httpx: HTTP Request: HEAD https://huggingface.co/datasets/wikitext/resolve/b08601e04326c79dfdd32d625aee71d232d685c3/wikitext.py "HTTP/1.1 307 Temporary Redirect"
2026-06-04 10:22:02,626 INFO httpx: HTTP Request: HEAD https://huggingface.co/datasets/Salesforce/wikitext/resolve/b08601e04326c79dfdd32d625aee71d232d685c3/wikitext.py "HTTP/1.1 404 Not Found"
2026-06-04 10:22:03,484 INFO httpx: HTTP Request: HEAD https://s3.amazonaws.com/datasets.huggingface.co/datasets/datasets/wikitext/wikitext.py "HTTP/1.1 200 OK"
2026-06-04 10:22:03,724 INFO httpx: HTTP Request: HEAD https://huggingface.co/datasets/wikitext/resolve/b08601e04326c79dfdd32d625aee71d232d685c3/.huggingface.yaml "HTTP/1.1 307 Temporary Redirect"
2026-06-04 10:22:03,934 INFO httpx: HTTP Request: HEAD https://huggingface.co/datasets/Salesforce/wikitext/resolve/b08601e04326c79dfdd32d625aee71d232d685c3/.huggingface.yaml "HTTP/1.1 404 Not Found"
2026-06-04 10:22:04,183 INFO httpx: HTTP Request: GET https://datasets-server.huggingface.co/info?dataset=wikitext "HTTP/1.1 404 Not Found"
2026-06-04 10:22:04,391 INFO httpx: HTTP Request: HEAD https://huggingface.co/datasets/wikitext/resolve/b08601e04326c79dfdd32d625aee71d232d685c3/dataset_infos.json "HTTP/1.1 307 Temporary Redirect"
2026-06-04 10:22:04,600 INFO httpx: HTTP Request: HEAD https://huggingface.co/datasets/Salesforce/wikitext/resolve/b08601e04326c79dfdd32d625aee71d232d685c3/dataset_infos.json "HTTP/1.1 404 Not Found"
2026-06-04 10:22:04,855 INFO httpx: HTTP Request: HEAD https://huggingface.co/gpt2/resolve/main/tokenizer_config.json "HTTP/1.1 200 OK"
2026-06-04 10:22:05,063 INFO httpx: HTTP Request: GET https://huggingface.co/api/models/gpt2/tree/main/additional_chat_templates?recursive=false&expand=false "HTTP/1.1 307 Temporary Redirect"
2026-06-04 10:22:05,275 INFO httpx: HTTP Request: GET https://huggingface.co/api/models/openai-community/gpt2/tree/main/additional_chat_templates?recursive=false&expand=false "HTTP/1.1 404 Not Found"
2026-06-04 10:22:05,497 INFO httpx: HTTP Request: GET https://huggingface.co/api/models/gpt2/tree/main?recursive=true&expand=false "HTTP/1.1 307 Temporary Redirect"
2026-06-04 10:22:05,718 INFO httpx: HTTP Request: GET https://huggingface.co/api/models/openai-community/gpt2/tree/main?recursive=true&expand=false "HTTP/1.1 200 OK"
2026-06-04 10:22:06,361 INFO sweep: Saved gpt2__fp32__compile__b4__s128.json
2026-06-04 10:22:06,362 INFO sweep: Progress: 103/192
2026-06-04 10:22:06,362 INFO sweep: START: gpt2 | fp32 | compile | batch=16 seq=128
2026-06-04 10:22:53,436 INFO httpx: HTTP Request: HEAD https://huggingface.co/datasets/wikitext/resolve/main/README.md "HTTP/1.1 307 Temporary Redirect"
2026-06-04 10:22:53,707 INFO httpx: HTTP Request: HEAD https://huggingface.co/datasets/Salesforce/wikitext/resolve/main/README.md "HTTP/1.1 307 Temporary Redirect"
2026-06-04 10:22:53,718 INFO httpx: HTTP Request: HEAD https://huggingface.co/api/resolve-cache/datasets/Salesforce/wikitext/b08601e04326c79dfdd32d625aee71d232d685c3/README.md "HTTP/1.1 200 OK"
2026-06-04 10:22:53,966 INFO httpx: HTTP Request: HEAD https://huggingface.co/datasets/wikitext/resolve/b08601e04326c79dfdd32d625aee71d232d685c3/wikitext.py "HTTP/1.1 307 Temporary Redirect"
2026-06-04 10:22:54,187 INFO httpx: HTTP Request: HEAD https://huggingface.co/datasets/Salesforce/wikitext/resolve/b08601e04326c79dfdd32d625aee71d232d685c3/wikitext.py "HTTP/1.1 404 Not Found"
2026-06-04 10:22:55,039 INFO httpx: HTTP Request: HEAD https://s3.amazonaws.com/datasets.huggingface.co/datasets/datasets/wikitext/wikitext.py "HTTP/1.1 200 OK"
2026-06-04 10:22:55,305 INFO httpx: HTTP Request: HEAD https://huggingface.co/datasets/wikitext/resolve/b08601e04326c79dfdd32d625aee71d232d685c3/.huggingface.yaml "HTTP/1.1 307 Temporary Redirect"
2026-06-04 10:22:55,528 INFO httpx: HTTP Request: HEAD https://huggingface.co/datasets/Salesforce/wikitext/resolve/b08601e04326c79dfdd32d625aee71d232d685c3/.huggingface.yaml "HTTP/1.1 404 Not Found"
2026-06-04 10:22:55,789 INFO httpx: HTTP Request: GET https://datasets-server.huggingface.co/info?dataset=wikitext "HTTP/1.1 404 Not Found"
2026-06-04 10:22:56,012 INFO httpx: HTTP Request: HEAD https://huggingface.co/datasets/wikitext/resolve/b08601e04326c79dfdd32d625aee71d232d685c3/dataset_infos.json "HTTP/1.1 307 Temporary Redirect"
2026-06-04 10:22:56,222 INFO httpx: HTTP Request: HEAD https://huggingface.co/datasets/Salesforce/wikitext/resolve/b08601e04326c79dfdd32d625aee71d232d685c3/dataset_infos.json "HTTP/1.1 404 Not Found"
2026-06-04 10:22:56,516 INFO httpx: HTTP Request: HEAD https://huggingface.co/gpt2/resolve/main/tokenizer_config.json "HTTP/1.1 200 OK"
2026-06-04 10:22:56,723 INFO httpx: HTTP Request: GET https://huggingface.co/api/models/gpt2/tree/main/additional_chat_templates?recursive=false&expand=false "HTTP/1.1 307 Temporary Redirect"
2026-06-04 10:22:56,931 INFO httpx: HTTP Request: GET https://huggingface.co/api/models/openai-community/gpt2/tree/main/additional_chat_templates?recursive=false&expand=false "HTTP/1.1 404 Not Found"
2026-06-04 10:22:57,140 INFO httpx: HTTP Request: GET https://huggingface.co/api/models/gpt2/tree/main?recursive=true&expand=false "HTTP/1.1 307 Temporary Redirect"
2026-06-04 10:22:57,350 INFO httpx: HTTP Request: GET https://huggingface.co/api/models/openai-community/gpt2/tree/main?recursive=true&expand=false "HTTP/1.1 200 OK"
2026-06-04 10:22:57,993 INFO sweep: Saved gpt2__fp32__compile__b16__s128.json
2026-06-04 10:22:57,994 INFO sweep: Progress: 104/192
2026-06-04 10:22:57,994 INFO sweep: START: gpt2 | fp32 | compile | batch=64 seq=128
2026-06-04 10:25:10,097 INFO httpx: HTTP Request: HEAD https://huggingface.co/datasets/wikitext/resolve/main/README.md "HTTP/1.1 307 Temporary Redirect"
2026-06-04 10:25:10,432 INFO httpx: HTTP Request: HEAD https://huggingface.co/datasets/Salesforce/wikitext/resolve/main/README.md "HTTP/1.1 307 Temporary Redirect"
2026-06-04 10:25:10,445 INFO httpx: HTTP Request: HEAD https://huggingface.co/api/resolve-cache/datasets/Salesforce/wikitext/b08601e04326c79dfdd32d625aee71d232d685c3/README.md "HTTP/1.1 200 OK"
2026-06-04 10:25:10,917 INFO httpx: HTTP Request: HEAD https://huggingface.co/datasets/wikitext/resolve/b08601e04326c79dfdd32d625aee71d232d685c3/wikitext.py "HTTP/1.1 307 Temporary Redirect"
2026-06-04 10:25:11,138 INFO httpx: HTTP Request: HEAD https://huggingface.co/datasets/Salesforce/wikitext/resolve/b08601e04326c79dfdd32d625aee71d232d685c3/wikitext.py "HTTP/1.1 404 Not Found"
2026-06-04 10:25:12,017 INFO httpx: HTTP Request: HEAD https://s3.amazonaws.com/datasets.huggingface.co/datasets/datasets/wikitext/wikitext.py "HTTP/1.1 200 OK"
2026-06-04 10:25:12,248 INFO httpx: HTTP Request: HEAD https://huggingface.co/datasets/wikitext/resolve/b08601e04326c79dfdd32d625aee71d232d685c3/.huggingface.yaml "HTTP/1.1 307 Temporary Redirect"
2026-06-04 10:25:12,458 INFO httpx: HTTP Request: HEAD https://huggingface.co/datasets/Salesforce/wikitext/resolve/b08601e04326c79dfdd32d625aee71d232d685c3/.huggingface.yaml "HTTP/1.1 404 Not Found"
2026-06-04 10:25:12,722 INFO httpx: HTTP Request: GET https://datasets-server.huggingface.co/info?dataset=wikitext "HTTP/1.1 404 Not Found"
2026-06-04 10:25:12,937 INFO httpx: HTTP Request: HEAD https://huggingface.co/datasets/wikitext/resolve/b08601e04326c79dfdd32d625aee71d232d685c3/dataset_infos.json "HTTP/1.1 307 Temporary Redirect"
2026-06-04 10:25:13,145 INFO httpx: HTTP Request: HEAD https://huggingface.co/datasets/Salesforce/wikitext/resolve/b08601e04326c79dfdd32d625aee71d232d685c3/dataset_infos.json "HTTP/1.1 404 Not Found"
2026-06-04 10:25:13,403 INFO httpx: HTTP Request: HEAD https://huggingface.co/gpt2/resolve/main/tokenizer_config.json "HTTP/1.1 200 OK"
2026-06-04 10:25:13,612 INFO httpx: HTTP Request: GET https://huggingface.co/api/models/gpt2/tree/main/additional_chat_templates?recursive=false&expand=false "HTTP/1.1 307 Temporary Redirect"
2026-06-04 10:25:13,828 INFO httpx: HTTP Request: GET https://huggingface.co/api/models/openai-community/gpt2/tree/main/additional_chat_templates?recursive=false&expand=false "HTTP/1.1 404 Not Found"
2026-06-04 10:25:14,086 INFO httpx: HTTP Request: GET https://huggingface.co/api/models/gpt2/tree/main?recursive=true&expand=false "HTTP/1.1 307 Temporary Redirect"
2026-06-04 10:25:14,300 INFO httpx: HTTP Request: GET https://huggingface.co/api/models/openai-community/gpt2/tree/main?recursive=true&expand=false "HTTP/1.1 200 OK"
2026-06-04 10:25:14,995 INFO sweep: Saved gpt2__fp32__compile__b64__s128.json
2026-06-04 10:25:14,996 INFO sweep: Progress: 105/192
2026-06-04 10:25:14,996 INFO sweep: START: gpt2 | fp16 | eager | batch=1 seq=128
2026-06-04 10:25:24,121 INFO httpx: HTTP Request: HEAD https://huggingface.co/datasets/wikitext/resolve/main/README.md "HTTP/1.1 307 Temporary Redirect"
2026-06-04 10:25:24,363 INFO httpx: HTTP Request: HEAD https://huggingface.co/datasets/Salesforce/wikitext/resolve/main/README.md "HTTP/1.1 307 Temporary Redirect"
2026-06-04 10:25:24,376 INFO httpx: HTTP Request: HEAD https://huggingface.co/api/resolve-cache/datasets/Salesforce/wikitext/b08601e04326c79dfdd32d625aee71d232d685c3/README.md "HTTP/1.1 200 OK"
2026-06-04 10:25:25,059 INFO httpx: HTTP Request: HEAD https://huggingface.co/datasets/wikitext/resolve/b08601e04326c79dfdd32d625aee71d232d685c3/wikitext.py "HTTP/1.1 307 Temporary Redirect"
2026-06-04 10:25:25,273 INFO httpx: HTTP Request: HEAD https://huggingface.co/datasets/Salesforce/wikitext/resolve/b08601e04326c79dfdd32d625aee71d232d685c3/wikitext.py "HTTP/1.1 404 Not Found"
2026-06-04 10:25:26,139 INFO httpx: HTTP Request: HEAD https://s3.amazonaws.com/datasets.huggingface.co/datasets/datasets/wikitext/wikitext.py "HTTP/1.1 200 OK"
2026-06-04 10:25:26,378 INFO httpx: HTTP Request: HEAD https://huggingface.co/datasets/wikitext/resolve/b08601e04326c79dfdd32d625aee71d232d685c3/.huggingface.yaml "HTTP/1.1 307 Temporary Redirect"
2026-06-04 10:25:26,589 INFO httpx: HTTP Request: HEAD https://huggingface.co/datasets/Salesforce/wikitext/resolve/b08601e04326c79dfdd32d625aee71d232d685c3/.huggingface.yaml "HTTP/1.1 404 Not Found"
2026-06-04 10:25:26,885 INFO httpx: HTTP Request: GET https://datasets-server.huggingface.co/info?dataset=wikitext "HTTP/1.1 404 Not Found"
2026-06-04 10:25:27,110 INFO httpx: HTTP Request: HEAD https://huggingface.co/datasets/wikitext/resolve/b08601e04326c79dfdd32d625aee71d232d685c3/dataset_infos.json "HTTP/1.1 307 Temporary Redirect"
2026-06-04 10:25:27,316 INFO httpx: HTTP Request: HEAD https://huggingface.co/datasets/Salesforce/wikitext/resolve/b08601e04326c79dfdd32d625aee71d232d685c3/dataset_infos.json "HTTP/1.1 404 Not Found"
2026-06-04 10:25:27,914 INFO httpx: HTTP Request: HEAD https://huggingface.co/gpt2/resolve/main/tokenizer_config.json "HTTP/1.1 200 OK"
2026-06-04 10:25:28,123 INFO httpx: HTTP Request: GET https://huggingface.co/api/models/gpt2/tree/main/additional_chat_templates?recursive=false&expand=false "HTTP/1.1 307 Temporary Redirect"
2026-06-04 10:25:28,345 INFO httpx: HTTP Request: GET https://huggingface.co/api/models/openai-community/gpt2/tree/main/additional_chat_templates?recursive=false&expand=false "HTTP/1.1 404 Not Found"
2026-06-04 10:25:28,564 INFO httpx: HTTP Request: GET https://huggingface.co/api/models/gpt2/tree/main?recursive=true&expand=false "HTTP/1.1 307 Temporary Redirect"
2026-06-04 10:25:28,773 INFO httpx: HTTP Request: GET https://huggingface.co/api/models/openai-community/gpt2/tree/main?recursive=true&expand=false "HTTP/1.1 200 OK"
2026-06-04 10:25:29,434 INFO sweep: Saved gpt2__fp16__eager__b1__s128.json
2026-06-04 10:25:29,434 INFO sweep: Progress: 106/192
2026-06-04 10:25:29,434 INFO sweep: START: gpt2 | fp16 | eager | batch=4 seq=128
2026-06-04 10:25:39,281 INFO httpx: HTTP Request: HEAD https://huggingface.co/datasets/wikitext/resolve/main/README.md "HTTP/1.1 307 Temporary Redirect"
2026-06-04 10:25:39,504 INFO httpx: HTTP Request: HEAD https://huggingface.co/datasets/Salesforce/wikitext/resolve/main/README.md "HTTP/1.1 307 Temporary Redirect"
2026-06-04 10:25:39,515 INFO httpx: HTTP Request: HEAD https://huggingface.co/api/resolve-cache/datasets/Salesforce/wikitext/b08601e04326c79dfdd32d625aee71d232d685c3/README.md "HTTP/1.1 200 OK"
2026-06-04 10:25:39,738 INFO httpx: HTTP Request: HEAD https://huggingface.co/datasets/wikitext/resolve/b08601e04326c79dfdd32d625aee71d232d685c3/wikitext.py "HTTP/1.1 307 Temporary Redirect"
2026-06-04 10:25:39,989 INFO httpx: HTTP Request: HEAD https://huggingface.co/datasets/Salesforce/wikitext/resolve/b08601e04326c79dfdd32d625aee71d232d685c3/wikitext.py "HTTP/1.1 404 Not Found"
2026-06-04 10:25:40,816 INFO httpx: HTTP Request: HEAD https://s3.amazonaws.com/datasets.huggingface.co/datasets/datasets/wikitext/wikitext.py "HTTP/1.1 200 OK"
2026-06-04 10:25:41,036 INFO httpx: HTTP Request: HEAD https://huggingface.co/datasets/wikitext/resolve/b08601e04326c79dfdd32d625aee71d232d685c3/.huggingface.yaml "HTTP/1.1 307 Temporary Redirect"
2026-06-04 10:25:41,266 INFO httpx: HTTP Request: HEAD https://huggingface.co/datasets/Salesforce/wikitext/resolve/b08601e04326c79dfdd32d625aee71d232d685c3/.huggingface.yaml "HTTP/1.1 404 Not Found"
2026-06-04 10:25:41,563 INFO httpx: HTTP Request: GET https://datasets-server.huggingface.co/info?dataset=wikitext "HTTP/1.1 404 Not Found"
2026-06-04 10:25:41,775 INFO httpx: HTTP Request: HEAD https://huggingface.co/datasets/wikitext/resolve/b08601e04326c79dfdd32d625aee71d232d685c3/dataset_infos.json "HTTP/1.1 307 Temporary Redirect"
2026-06-04 10:25:41,981 INFO httpx: HTTP Request: HEAD https://huggingface.co/datasets/Salesforce/wikitext/resolve/b08601e04326c79dfdd32d625aee71d232d685c3/dataset_infos.json "HTTP/1.1 404 Not Found"
2026-06-04 10:25:42,251 INFO httpx: HTTP Request: HEAD https://huggingface.co/gpt2/resolve/main/tokenizer_config.json "HTTP/1.1 200 OK"
2026-06-04 10:25:42,461 INFO httpx: HTTP Request: GET https://huggingface.co/api/models/gpt2/tree/main/additional_chat_templates?recursive=false&expand=false "HTTP/1.1 307 Temporary Redirect"
2026-06-04 10:25:42,682 INFO httpx: HTTP Request: GET https://huggingface.co/api/models/openai-community/gpt2/tree/main/additional_chat_templates?recursive=false&expand=false "HTTP/1.1 404 Not Found"
2026-06-04 10:25:42,893 INFO httpx: HTTP Request: GET https://huggingface.co/api/models/gpt2/tree/main?recursive=true&expand=false "HTTP/1.1 307 Temporary Redirect"
2026-06-04 10:25:43,105 INFO httpx: HTTP Request: GET https://huggingface.co/api/models/openai-community/gpt2/tree/main?recursive=true&expand=false "HTTP/1.1 200 OK"
2026-06-04 10:25:43,796 INFO sweep: Saved gpt2__fp16__eager__b4__s128.json
2026-06-04 10:25:43,796 INFO sweep: Progress: 107/192
2026-06-04 10:25:43,796 INFO sweep: START: gpt2 | fp16 | eager | batch=16 seq=128
2026-06-04 10:26:15,943 INFO httpx: HTTP Request: HEAD https://huggingface.co/datasets/wikitext/resolve/main/README.md "HTTP/1.1 307 Temporary Redirect"
2026-06-04 10:26:16,151 INFO httpx: HTTP Request: HEAD https://huggingface.co/datasets/Salesforce/wikitext/resolve/main/README.md "HTTP/1.1 307 Temporary Redirect"
2026-06-04 10:26:16,161 INFO httpx: HTTP Request: HEAD https://huggingface.co/api/resolve-cache/datasets/Salesforce/wikitext/b08601e04326c79dfdd32d625aee71d232d685c3/README.md "HTTP/1.1 200 OK"
2026-06-04 10:26:16,366 INFO httpx: HTTP Request: HEAD https://huggingface.co/datasets/wikitext/resolve/b08601e04326c79dfdd32d625aee71d232d685c3/wikitext.py "HTTP/1.1 307 Temporary Redirect"
2026-06-04 10:26:16,572 INFO httpx: HTTP Request: HEAD https://huggingface.co/datasets/Salesforce/wikitext/resolve/b08601e04326c79dfdd32d625aee71d232d685c3/wikitext.py "HTTP/1.1 404 Not Found"
2026-06-04 10:26:17,451 INFO httpx: HTTP Request: HEAD https://s3.amazonaws.com/datasets.huggingface.co/datasets/datasets/wikitext/wikitext.py "HTTP/1.1 200 OK"
2026-06-04 10:26:17,680 INFO httpx: HTTP Request: HEAD https://huggingface.co/datasets/wikitext/resolve/b08601e04326c79dfdd32d625aee71d232d685c3/.huggingface.yaml "HTTP/1.1 307 Temporary Redirect"
2026-06-04 10:26:17,887 INFO httpx: HTTP Request: HEAD https://huggingface.co/datasets/Salesforce/wikitext/resolve/b08601e04326c79dfdd32d625aee71d232d685c3/.huggingface.yaml "HTTP/1.1 404 Not Found"
2026-06-04 10:26:18,197 INFO httpx: HTTP Request: GET https://datasets-server.huggingface.co/info?dataset=wikitext "HTTP/1.1 404 Not Found"
2026-06-04 10:26:18,420 INFO httpx: HTTP Request: HEAD https://huggingface.co/datasets/wikitext/resolve/b08601e04326c79dfdd32d625aee71d232d685c3/dataset_infos.json "HTTP/1.1 307 Temporary Redirect"
2026-06-04 10:26:18,628 INFO httpx: HTTP Request: HEAD https://huggingface.co/datasets/Salesforce/wikitext/resolve/b08601e04326c79dfdd32d625aee71d232d685c3/dataset_infos.json "HTTP/1.1 404 Not Found"
2026-06-04 10:26:18,885 INFO httpx: HTTP Request: HEAD https://huggingface.co/gpt2/resolve/main/tokenizer_config.json "HTTP/1.1 200 OK"
2026-06-04 10:26:19,109 INFO httpx: HTTP Request: GET https://huggingface.co/api/models/gpt2/tree/main/additional_chat_templates?recursive=false&expand=false "HTTP/1.1 307 Temporary Redirect"
2026-06-04 10:26:19,336 INFO httpx: HTTP Request: GET https://huggingface.co/api/models/openai-community/gpt2/tree/main/additional_chat_templates?recursive=false&expand=false "HTTP/1.1 404 Not Found"
2026-06-04 10:26:19,547 INFO httpx: HTTP Request: GET https://huggingface.co/api/models/gpt2/tree/main?recursive=true&expand=false "HTTP/1.1 307 Temporary Redirect"
2026-06-04 10:26:19,757 INFO httpx: HTTP Request: GET https://huggingface.co/api/models/openai-community/gpt2/tree/main?recursive=true&expand=false "HTTP/1.1 200 OK"
2026-06-04 10:26:20,435 INFO sweep: Saved gpt2__fp16__eager__b16__s128.json
2026-06-04 10:26:20,435 INFO sweep: Progress: 108/192
2026-06-04 10:26:20,435 INFO sweep: START: gpt2 | fp16 | eager | batch=64 seq=128
2026-06-04 10:27:43,999 INFO httpx: HTTP Request: HEAD https://huggingface.co/datasets/wikitext/resolve/main/README.md "HTTP/1.1 307 Temporary Redirect"
2026-06-04 10:27:44,209 INFO httpx: HTTP Request: HEAD https://huggingface.co/datasets/Salesforce/wikitext/resolve/main/README.md "HTTP/1.1 307 Temporary Redirect"
2026-06-04 10:27:44,220 INFO httpx: HTTP Request: HEAD https://huggingface.co/api/resolve-cache/datasets/Salesforce/wikitext/b08601e04326c79dfdd32d625aee71d232d685c3/README.md "HTTP/1.1 200 OK"
2026-06-04 10:27:44,430 INFO httpx: HTTP Request: HEAD https://huggingface.co/datasets/wikitext/resolve/b08601e04326c79dfdd32d625aee71d232d685c3/wikitext.py "HTTP/1.1 307 Temporary Redirect"
2026-06-04 10:27:44,636 INFO httpx: HTTP Request: HEAD https://huggingface.co/datasets/Salesforce/wikitext/resolve/b08601e04326c79dfdd32d625aee71d232d685c3/wikitext.py "HTTP/1.1 404 Not Found"
2026-06-04 10:27:45,651 INFO httpx: HTTP Request: HEAD https://s3.amazonaws.com/datasets.huggingface.co/datasets/datasets/wikitext/wikitext.py "HTTP/1.1 200 OK"
2026-06-04 10:27:45,869 INFO httpx: HTTP Request: HEAD https://huggingface.co/datasets/wikitext/resolve/b08601e04326c79dfdd32d625aee71d232d685c3/.huggingface.yaml "HTTP/1.1 307 Temporary Redirect"
2026-06-04 10:27:46,112 INFO httpx: HTTP Request: HEAD https://huggingface.co/datasets/Salesforce/wikitext/resolve/b08601e04326c79dfdd32d625aee71d232d685c3/.huggingface.yaml "HTTP/1.1 404 Not Found"
2026-06-04 10:27:46,484 INFO httpx: HTTP Request: GET https://datasets-server.huggingface.co/info?dataset=wikitext "HTTP/1.1 404 Not Found"
2026-06-04 10:27:46,694 INFO httpx: HTTP Request: HEAD https://huggingface.co/datasets/wikitext/resolve/b08601e04326c79dfdd32d625aee71d232d685c3/dataset_infos.json "HTTP/1.1 307 Temporary Redirect"
2026-06-04 10:27:46,899 INFO httpx: HTTP Request: HEAD https://huggingface.co/datasets/Salesforce/wikitext/resolve/b08601e04326c79dfdd32d625aee71d232d685c3/dataset_infos.json "HTTP/1.1 404 Not Found"
2026-06-04 10:27:47,151 INFO httpx: HTTP Request: HEAD https://huggingface.co/gpt2/resolve/main/tokenizer_config.json "HTTP/1.1 200 OK"
2026-06-04 10:27:47,374 INFO httpx: HTTP Request: GET https://huggingface.co/api/models/gpt2/tree/main/additional_chat_templates?recursive=false&expand=false "HTTP/1.1 307 Temporary Redirect"
2026-06-04 10:27:47,596 INFO httpx: HTTP Request: GET https://huggingface.co/api/models/openai-community/gpt2/tree/main/additional_chat_templates?recursive=false&expand=false "HTTP/1.1 404 Not Found"
2026-06-04 10:27:47,896 INFO httpx: HTTP Request: GET https://huggingface.co/api/models/gpt2/tree/main?recursive=true&expand=false "HTTP/1.1 307 Temporary Redirect"
2026-06-04 10:27:48,118 INFO httpx: HTTP Request: GET https://huggingface.co/api/models/openai-community/gpt2/tree/main?recursive=true&expand=false "HTTP/1.1 200 OK"
2026-06-04 10:27:48,802 INFO sweep: Saved gpt2__fp16__eager__b64__s128.json
2026-06-04 10:27:48,802 INFO sweep: Progress: 109/192
2026-06-04 10:27:48,802 INFO sweep: START: gpt2 | fp16 | compile | batch=1 seq=128
2026-06-04 10:27:55,882 INFO httpx: HTTP Request: HEAD https://huggingface.co/datasets/wikitext/resolve/main/README.md "HTTP/1.1 307 Temporary Redirect"
2026-06-04 10:27:56,104 INFO httpx: HTTP Request: HEAD https://huggingface.co/datasets/Salesforce/wikitext/resolve/main/README.md "HTTP/1.1 307 Temporary Redirect"
2026-06-04 10:27:56,115 INFO httpx: HTTP Request: HEAD https://huggingface.co/api/resolve-cache/datasets/Salesforce/wikitext/b08601e04326c79dfdd32d625aee71d232d685c3/README.md "HTTP/1.1 200 OK"
2026-06-04 10:27:56,350 INFO httpx: HTTP Request: HEAD https://huggingface.co/datasets/wikitext/resolve/b08601e04326c79dfdd32d625aee71d232d685c3/wikitext.py "HTTP/1.1 307 Temporary Redirect"
2026-06-04 10:27:56,560 INFO httpx: HTTP Request: HEAD https://huggingface.co/datasets/Salesforce/wikitext/resolve/b08601e04326c79dfdd32d625aee71d232d685c3/wikitext.py "HTTP/1.1 404 Not Found"
2026-06-04 10:27:57,332 INFO httpx: HTTP Request: HEAD https://s3.amazonaws.com/datasets.huggingface.co/datasets/datasets/wikitext/wikitext.py "HTTP/1.1 200 OK"
2026-06-04 10:27:57,547 INFO httpx: HTTP Request: HEAD https://huggingface.co/datasets/wikitext/resolve/b08601e04326c79dfdd32d625aee71d232d685c3/.huggingface.yaml "HTTP/1.1 307 Temporary Redirect"
2026-06-04 10:27:57,750 INFO httpx: HTTP Request: HEAD https://huggingface.co/datasets/Salesforce/wikitext/resolve/b08601e04326c79dfdd32d625aee71d232d685c3/.huggingface.yaml "HTTP/1.1 404 Not Found"
2026-06-04 10:27:58,077 INFO httpx: HTTP Request: GET https://datasets-server.huggingface.co/info?dataset=wikitext "HTTP/1.1 404 Not Found"
2026-06-04 10:27:58,286 INFO httpx: HTTP Request: HEAD https://huggingface.co/datasets/wikitext/resolve/b08601e04326c79dfdd32d625aee71d232d685c3/dataset_infos.json "HTTP/1.1 307 Temporary Redirect"
2026-06-04 10:27:58,518 INFO httpx: HTTP Request: HEAD https://huggingface.co/datasets/Salesforce/wikitext/resolve/b08601e04326c79dfdd32d625aee71d232d685c3/dataset_infos.json "HTTP/1.1 404 Not Found"
2026-06-04 10:27:58,810 INFO httpx: HTTP Request: HEAD https://huggingface.co/gpt2/resolve/main/tokenizer_config.json "HTTP/1.1 200 OK"
2026-06-04 10:27:59,019 INFO httpx: HTTP Request: GET https://huggingface.co/api/models/gpt2/tree/main/additional_chat_templates?recursive=false&expand=false "HTTP/1.1 307 Temporary Redirect"
2026-06-04 10:27:59,229 INFO httpx: HTTP Request: GET https://huggingface.co/api/models/openai-community/gpt2/tree/main/additional_chat_templates?recursive=false&expand=false "HTTP/1.1 404 Not Found"
2026-06-04 10:27:59,456 INFO httpx: HTTP Request: GET https://huggingface.co/api/models/gpt2/tree/main?recursive=true&expand=false "HTTP/1.1 307 Temporary Redirect"
2026-06-04 10:27:59,683 INFO httpx: HTTP Request: GET https://huggingface.co/api/models/openai-community/gpt2/tree/main?recursive=true&expand=false "HTTP/1.1 200 OK"
2026-06-04 10:28:00,336 INFO sweep: Saved gpt2__fp16__compile__b1__s128.json
2026-06-04 10:28:00,337 INFO sweep: Progress: 110/192
2026-06-04 10:28:00,337 INFO sweep: START: gpt2 | fp16 | compile | batch=4 seq=128
2026-06-04 10:28:10,427 INFO httpx: HTTP Request: HEAD https://huggingface.co/datasets/wikitext/resolve/main/README.md "HTTP/1.1 307 Temporary Redirect"
2026-06-04 10:28:10,666 INFO httpx: HTTP Request: HEAD https://huggingface.co/datasets/Salesforce/wikitext/resolve/main/README.md "HTTP/1.1 307 Temporary Redirect"
2026-06-04 10:28:10,733 INFO httpx: HTTP Request: HEAD https://huggingface.co/api/resolve-cache/datasets/Salesforce/wikitext/b08601e04326c79dfdd32d625aee71d232d685c3/README.md "HTTP/1.1 200 OK"
2026-06-04 10:28:11,196 INFO httpx: HTTP Request: HEAD https://huggingface.co/datasets/wikitext/resolve/b08601e04326c79dfdd32d625aee71d232d685c3/wikitext.py "HTTP/1.1 307 Temporary Redirect"
2026-06-04 10:28:11,404 INFO httpx: HTTP Request: HEAD https://huggingface.co/datasets/Salesforce/wikitext/resolve/b08601e04326c79dfdd32d625aee71d232d685c3/wikitext.py "HTTP/1.1 404 Not Found"
2026-06-04 10:28:12,171 INFO httpx: HTTP Request: HEAD https://s3.amazonaws.com/datasets.huggingface.co/datasets/datasets/wikitext/wikitext.py "HTTP/1.1 200 OK"
2026-06-04 10:28:12,390 INFO httpx: HTTP Request: HEAD https://huggingface.co/datasets/wikitext/resolve/b08601e04326c79dfdd32d625aee71d232d685c3/.huggingface.yaml "HTTP/1.1 307 Temporary Redirect"
2026-06-04 10:28:12,602 INFO httpx: HTTP Request: HEAD https://huggingface.co/datasets/Salesforce/wikitext/resolve/b08601e04326c79dfdd32d625aee71d232d685c3/.huggingface.yaml "HTTP/1.1 404 Not Found"
2026-06-04 10:28:12,894 INFO httpx: HTTP Request: GET https://datasets-server.huggingface.co/info?dataset=wikitext "HTTP/1.1 404 Not Found"
2026-06-04 10:28:13,101 INFO httpx: HTTP Request: HEAD https://huggingface.co/datasets/wikitext/resolve/b08601e04326c79dfdd32d625aee71d232d685c3/dataset_infos.json "HTTP/1.1 307 Temporary Redirect"
2026-06-04 10:28:13,307 INFO httpx: HTTP Request: HEAD https://huggingface.co/datasets/Salesforce/wikitext/resolve/b08601e04326c79dfdd32d625aee71d232d685c3/dataset_infos.json "HTTP/1.1 404 Not Found"
2026-06-04 10:28:13,557 INFO httpx: HTTP Request: HEAD https://huggingface.co/gpt2/resolve/main/tokenizer_config.json "HTTP/1.1 200 OK"
2026-06-04 10:28:13,768 INFO httpx: HTTP Request: GET https://huggingface.co/api/models/gpt2/tree/main/additional_chat_templates?recursive=false&expand=false "HTTP/1.1 307 Temporary Redirect"
2026-06-04 10:28:14,946 INFO httpx: HTTP Request: GET https://huggingface.co/api/models/openai-community/gpt2/tree/main/additional_chat_templates?recursive=false&expand=false "HTTP/1.1 404 Not Found"
2026-06-04 10:28:15,159 INFO httpx: HTTP Request: GET https://huggingface.co/api/models/gpt2/tree/main?recursive=true&expand=false "HTTP/1.1 307 Temporary Redirect"
2026-06-04 10:28:15,388 INFO httpx: HTTP Request: GET https://huggingface.co/api/models/openai-community/gpt2/tree/main?recursive=true&expand=false "HTTP/1.1 200 OK"
2026-06-04 10:28:16,035 INFO sweep: Saved gpt2__fp16__compile__b4__s128.json
2026-06-04 10:28:16,036 INFO sweep: Progress: 111/192
2026-06-04 10:28:16,036 INFO sweep: START: gpt2 | fp16 | compile | batch=16 seq=128
2026-06-04 10:28:54,348 INFO httpx: HTTP Request: HEAD https://huggingface.co/datasets/wikitext/resolve/main/README.md "HTTP/1.1 307 Temporary Redirect"
2026-06-04 10:28:54,593 INFO httpx: HTTP Request: HEAD https://huggingface.co/datasets/Salesforce/wikitext/resolve/main/README.md "HTTP/1.1 307 Temporary Redirect"
2026-06-04 10:28:54,854 INFO httpx: HTTP Request: HEAD https://huggingface.co/api/resolve-cache/datasets/Salesforce/wikitext/b08601e04326c79dfdd32d625aee71d232d685c3/README.md "HTTP/1.1 200 OK"
2026-06-04 10:28:55,086 INFO httpx: HTTP Request: HEAD https://huggingface.co/datasets/wikitext/resolve/b08601e04326c79dfdd32d625aee71d232d685c3/wikitext.py "HTTP/1.1 307 Temporary Redirect"
2026-06-04 10:28:55,293 INFO httpx: HTTP Request: HEAD https://huggingface.co/datasets/Salesforce/wikitext/resolve/b08601e04326c79dfdd32d625aee71d232d685c3/wikitext.py "HTTP/1.1 404 Not Found"
2026-06-04 10:28:56,108 INFO httpx: HTTP Request: HEAD https://s3.amazonaws.com/datasets.huggingface.co/datasets/datasets/wikitext/wikitext.py "HTTP/1.1 200 OK"
2026-06-04 10:28:56,341 INFO httpx: HTTP Request: HEAD https://huggingface.co/datasets/wikitext/resolve/b08601e04326c79dfdd32d625aee71d232d685c3/.huggingface.yaml "HTTP/1.1 307 Temporary Redirect"
2026-06-04 10:28:56,563 INFO httpx: HTTP Request: HEAD https://huggingface.co/datasets/Salesforce/wikitext/resolve/b08601e04326c79dfdd32d625aee71d232d685c3/.huggingface.yaml "HTTP/1.1 404 Not Found"
2026-06-04 10:28:57,060 INFO httpx: HTTP Request: GET https://datasets-server.huggingface.co/info?dataset=wikitext "HTTP/1.1 404 Not Found"
2026-06-04 10:28:57,285 INFO httpx: HTTP Request: HEAD https://huggingface.co/datasets/wikitext/resolve/b08601e04326c79dfdd32d625aee71d232d685c3/dataset_infos.json "HTTP/1.1 307 Temporary Redirect"
2026-06-04 10:28:57,496 INFO httpx: HTTP Request: HEAD https://huggingface.co/datasets/Salesforce/wikitext/resolve/b08601e04326c79dfdd32d625aee71d232d685c3/dataset_infos.json "HTTP/1.1 404 Not Found"
2026-06-04 10:28:57,745 INFO httpx: HTTP Request: HEAD https://huggingface.co/gpt2/resolve/main/tokenizer_config.json "HTTP/1.1 200 OK"
2026-06-04 10:28:57,992 INFO httpx: HTTP Request: GET https://huggingface.co/api/models/gpt2/tree/main/additional_chat_templates?recursive=false&expand=false "HTTP/1.1 307 Temporary Redirect"
2026-06-04 10:28:58,547 INFO httpx: HTTP Request: GET https://huggingface.co/api/models/openai-community/gpt2/tree/main/additional_chat_templates?recursive=false&expand=false "HTTP/1.1 404 Not Found"
2026-06-04 10:28:58,757 INFO httpx: HTTP Request: GET https://huggingface.co/api/models/gpt2/tree/main?recursive=true&expand=false "HTTP/1.1 307 Temporary Redirect"
2026-06-04 10:28:58,968 INFO httpx: HTTP Request: GET https://huggingface.co/api/models/openai-community/gpt2/tree/main?recursive=true&expand=false "HTTP/1.1 200 OK"
2026-06-04 10:28:59,864 INFO sweep: Saved gpt2__fp16__compile__b16__s128.json
2026-06-04 10:28:59,864 INFO sweep: Progress: 112/192
2026-06-04 10:28:59,865 INFO sweep: START: gpt2 | fp16 | compile | batch=64 seq=128
2026-06-04 10:30:23,443 INFO httpx: HTTP Request: HEAD https://huggingface.co/datasets/wikitext/resolve/main/README.md "HTTP/1.1 307 Temporary Redirect"
2026-06-04 10:30:23,652 INFO httpx: HTTP Request: HEAD https://huggingface.co/datasets/Salesforce/wikitext/resolve/main/README.md "HTTP/1.1 307 Temporary Redirect"
2026-06-04 10:30:23,664 INFO httpx: HTTP Request: HEAD https://huggingface.co/api/resolve-cache/datasets/Salesforce/wikitext/b08601e04326c79dfdd32d625aee71d232d685c3/README.md "HTTP/1.1 200 OK"
2026-06-04 10:30:23,886 INFO httpx: HTTP Request: HEAD https://huggingface.co/datasets/wikitext/resolve/b08601e04326c79dfdd32d625aee71d232d685c3/wikitext.py "HTTP/1.1 307 Temporary Redirect"
2026-06-04 10:30:24,107 INFO httpx: HTTP Request: HEAD https://huggingface.co/datasets/Salesforce/wikitext/resolve/b08601e04326c79dfdd32d625aee71d232d685c3/wikitext.py "HTTP/1.1 404 Not Found"
2026-06-04 10:30:24,993 INFO httpx: HTTP Request: HEAD https://s3.amazonaws.com/datasets.huggingface.co/datasets/datasets/wikitext/wikitext.py "HTTP/1.1 200 OK"
2026-06-04 10:30:25,616 INFO httpx: HTTP Request: HEAD https://huggingface.co/datasets/wikitext/resolve/b08601e04326c79dfdd32d625aee71d232d685c3/.huggingface.yaml "HTTP/1.1 307 Temporary Redirect"
2026-06-04 10:30:25,834 INFO httpx: HTTP Request: HEAD https://huggingface.co/datasets/Salesforce/wikitext/resolve/b08601e04326c79dfdd32d625aee71d232d685c3/.huggingface.yaml "HTTP/1.1 404 Not Found"
2026-06-04 10:30:26,137 INFO httpx: HTTP Request: GET https://datasets-server.huggingface.co/info?dataset=wikitext "HTTP/1.1 404 Not Found"
2026-06-04 10:30:26,357 INFO httpx: HTTP Request: HEAD https://huggingface.co/datasets/wikitext/resolve/b08601e04326c79dfdd32d625aee71d232d685c3/dataset_infos.json "HTTP/1.1 307 Temporary Redirect"
2026-06-04 10:30:26,579 INFO httpx: HTTP Request: HEAD https://huggingface.co/datasets/Salesforce/wikitext/resolve/b08601e04326c79dfdd32d625aee71d232d685c3/dataset_infos.json "HTTP/1.1 404 Not Found"
2026-06-04 10:30:26,828 INFO httpx: HTTP Request: HEAD https://huggingface.co/gpt2/resolve/main/tokenizer_config.json "HTTP/1.1 200 OK"
2026-06-04 10:30:27,049 INFO httpx: HTTP Request: GET https://huggingface.co/api/models/gpt2/tree/main/additional_chat_templates?recursive=false&expand=false "HTTP/1.1 307 Temporary Redirect"
2026-06-04 10:30:27,259 INFO httpx: HTTP Request: GET https://huggingface.co/api/models/openai-community/gpt2/tree/main/additional_chat_templates?recursive=false&expand=false "HTTP/1.1 404 Not Found"
2026-06-04 10:30:27,467 INFO httpx: HTTP Request: GET https://huggingface.co/api/models/gpt2/tree/main?recursive=true&expand=false "HTTP/1.1 307 Temporary Redirect"
2026-06-04 10:30:27,676 INFO httpx: HTTP Request: GET https://huggingface.co/api/models/openai-community/gpt2/tree/main?recursive=true&expand=false "HTTP/1.1 200 OK"
2026-06-04 10:30:28,363 INFO sweep: Saved gpt2__fp16__compile__b64__s128.json
2026-06-04 10:30:28,364 INFO sweep: Progress: 113/192
2026-06-04 10:30:28,364 INFO sweep: START: gpt2 | bf16 | eager | batch=1 seq=128
2026-06-04 10:30:33,375 INFO httpx: HTTP Request: HEAD https://huggingface.co/datasets/wikitext/resolve/main/README.md "HTTP/1.1 307 Temporary Redirect"
2026-06-04 10:30:33,622 INFO httpx: HTTP Request: HEAD https://huggingface.co/datasets/Salesforce/wikitext/resolve/main/README.md "HTTP/1.1 307 Temporary Redirect"
2026-06-04 10:30:33,634 INFO httpx: HTTP Request: HEAD https://huggingface.co/api/resolve-cache/datasets/Salesforce/wikitext/b08601e04326c79dfdd32d625aee71d232d685c3/README.md "HTTP/1.1 200 OK"
2026-06-04 10:30:34,090 INFO httpx: HTTP Request: HEAD https://huggingface.co/datasets/wikitext/resolve/b08601e04326c79dfdd32d625aee71d232d685c3/wikitext.py "HTTP/1.1 307 Temporary Redirect"
2026-06-04 10:30:34,296 INFO httpx: HTTP Request: HEAD https://huggingface.co/datasets/Salesforce/wikitext/resolve/b08601e04326c79dfdd32d625aee71d232d685c3/wikitext.py "HTTP/1.1 404 Not Found"
2026-06-04 10:30:35,089 INFO httpx: HTTP Request: HEAD https://s3.amazonaws.com/datasets.huggingface.co/datasets/datasets/wikitext/wikitext.py "HTTP/1.1 200 OK"
2026-06-04 10:30:35,321 INFO httpx: HTTP Request: HEAD https://huggingface.co/datasets/wikitext/resolve/b08601e04326c79dfdd32d625aee71d232d685c3/.huggingface.yaml "HTTP/1.1 307 Temporary Redirect"
2026-06-04 10:30:35,528 INFO httpx: HTTP Request: HEAD https://huggingface.co/datasets/Salesforce/wikitext/resolve/b08601e04326c79dfdd32d625aee71d232d685c3/.huggingface.yaml "HTTP/1.1 404 Not Found"
2026-06-04 10:30:35,842 INFO httpx: HTTP Request: GET https://datasets-server.huggingface.co/info?dataset=wikitext "HTTP/1.1 404 Not Found"
2026-06-04 10:30:36,053 INFO httpx: HTTP Request: HEAD https://huggingface.co/datasets/wikitext/resolve/b08601e04326c79dfdd32d625aee71d232d685c3/dataset_infos.json "HTTP/1.1 307 Temporary Redirect"
2026-06-04 10:30:36,258 INFO httpx: HTTP Request: HEAD https://huggingface.co/datasets/Salesforce/wikitext/resolve/b08601e04326c79dfdd32d625aee71d232d685c3/dataset_infos.json "HTTP/1.1 404 Not Found"
2026-06-04 10:30:36,530 INFO httpx: HTTP Request: HEAD https://huggingface.co/gpt2/resolve/main/tokenizer_config.json "HTTP/1.1 200 OK"
2026-06-04 10:30:37,060 INFO httpx: HTTP Request: GET https://huggingface.co/api/models/gpt2/tree/main/additional_chat_templates?recursive=false&expand=false "HTTP/1.1 307 Temporary Redirect"
2026-06-04 10:30:37,270 INFO httpx: HTTP Request: GET https://huggingface.co/api/models/openai-community/gpt2/tree/main/additional_chat_templates?recursive=false&expand=false "HTTP/1.1 404 Not Found"
2026-06-04 10:30:37,478 INFO httpx: HTTP Request: GET https://huggingface.co/api/models/gpt2/tree/main?recursive=true&expand=false "HTTP/1.1 307 Temporary Redirect"
2026-06-04 10:30:37,709 INFO httpx: HTTP Request: GET https://huggingface.co/api/models/openai-community/gpt2/tree/main?recursive=true&expand=false "HTTP/1.1 200 OK"
2026-06-04 10:30:38,362 INFO sweep: Saved gpt2__bf16__eager__b1__s128.json
2026-06-04 10:30:38,362 INFO sweep: Progress: 114/192
2026-06-04 10:30:38,362 INFO sweep: START: gpt2 | bf16 | eager | batch=4 seq=128
2026-06-04 10:30:48,422 INFO httpx: HTTP Request: HEAD https://huggingface.co/datasets/wikitext/resolve/main/README.md "HTTP/1.1 307 Temporary Redirect"
2026-06-04 10:30:48,634 INFO httpx: HTTP Request: HEAD https://huggingface.co/datasets/Salesforce/wikitext/resolve/main/README.md "HTTP/1.1 307 Temporary Redirect"
2026-06-04 10:30:48,647 INFO httpx: HTTP Request: HEAD https://huggingface.co/api/resolve-cache/datasets/Salesforce/wikitext/b08601e04326c79dfdd32d625aee71d232d685c3/README.md "HTTP/1.1 200 OK"
2026-06-04 10:30:48,871 INFO httpx: HTTP Request: HEAD https://huggingface.co/datasets/wikitext/resolve/b08601e04326c79dfdd32d625aee71d232d685c3/wikitext.py "HTTP/1.1 307 Temporary Redirect"
2026-06-04 10:30:49,094 INFO httpx: HTTP Request: HEAD https://huggingface.co/datasets/Salesforce/wikitext/resolve/b08601e04326c79dfdd32d625aee71d232d685c3/wikitext.py "HTTP/1.1 404 Not Found"
2026-06-04 10:30:49,962 INFO httpx: HTTP Request: HEAD https://s3.amazonaws.com/datasets.huggingface.co/datasets/datasets/wikitext/wikitext.py "HTTP/1.1 200 OK"
2026-06-04 10:30:50,182 INFO httpx: HTTP Request: HEAD https://huggingface.co/datasets/wikitext/resolve/b08601e04326c79dfdd32d625aee71d232d685c3/.huggingface.yaml "HTTP/1.1 307 Temporary Redirect"
2026-06-04 10:30:50,389 INFO httpx: HTTP Request: HEAD https://huggingface.co/datasets/Salesforce/wikitext/resolve/b08601e04326c79dfdd32d625aee71d232d685c3/.huggingface.yaml "HTTP/1.1 404 Not Found"
2026-06-04 10:30:50,674 INFO httpx: HTTP Request: GET https://datasets-server.huggingface.co/info?dataset=wikitext "HTTP/1.1 404 Not Found"
2026-06-04 10:30:50,904 INFO httpx: HTTP Request: HEAD https://huggingface.co/datasets/wikitext/resolve/b08601e04326c79dfdd32d625aee71d232d685c3/dataset_infos.json "HTTP/1.1 307 Temporary Redirect"
2026-06-04 10:30:51,150 INFO httpx: HTTP Request: HEAD https://huggingface.co/datasets/Salesforce/wikitext/resolve/b08601e04326c79dfdd32d625aee71d232d685c3/dataset_infos.json "HTTP/1.1 404 Not Found"
2026-06-04 10:30:51,403 INFO httpx: HTTP Request: HEAD https://huggingface.co/gpt2/resolve/main/tokenizer_config.json "HTTP/1.1 200 OK"
2026-06-04 10:30:51,619 INFO httpx: HTTP Request: GET https://huggingface.co/api/models/gpt2/tree/main/additional_chat_templates?recursive=false&expand=false "HTTP/1.1 307 Temporary Redirect"
2026-06-04 10:30:51,849 INFO httpx: HTTP Request: GET https://huggingface.co/api/models/openai-community/gpt2/tree/main/additional_chat_templates?recursive=false&expand=false "HTTP/1.1 404 Not Found"
2026-06-04 10:30:52,069 INFO httpx: HTTP Request: GET https://huggingface.co/api/models/gpt2/tree/main?recursive=true&expand=false "HTTP/1.1 307 Temporary Redirect"
2026-06-04 10:30:52,286 INFO httpx: HTTP Request: GET https://huggingface.co/api/models/openai-community/gpt2/tree/main?recursive=true&expand=false "HTTP/1.1 200 OK"
2026-06-04 10:30:52,930 INFO sweep: Saved gpt2__bf16__eager__b4__s128.json
2026-06-04 10:30:52,931 INFO sweep: Progress: 115/192
2026-06-04 10:30:52,931 INFO sweep: START: gpt2 | bf16 | eager | batch=16 seq=128
2026-06-04 10:31:24,979 INFO httpx: HTTP Request: HEAD https://huggingface.co/datasets/wikitext/resolve/main/README.md "HTTP/1.1 307 Temporary Redirect"
2026-06-04 10:31:25,203 INFO httpx: HTTP Request: HEAD https://huggingface.co/datasets/Salesforce/wikitext/resolve/main/README.md "HTTP/1.1 307 Temporary Redirect"
2026-06-04 10:31:25,215 INFO httpx: HTTP Request: HEAD https://huggingface.co/api/resolve-cache/datasets/Salesforce/wikitext/b08601e04326c79dfdd32d625aee71d232d685c3/README.md "HTTP/1.1 200 OK"
2026-06-04 10:31:25,421 INFO httpx: HTTP Request: HEAD https://huggingface.co/datasets/wikitext/resolve/b08601e04326c79dfdd32d625aee71d232d685c3/wikitext.py "HTTP/1.1 307 Temporary Redirect"
2026-06-04 10:31:25,644 INFO httpx: HTTP Request: HEAD https://huggingface.co/datasets/Salesforce/wikitext/resolve/b08601e04326c79dfdd32d625aee71d232d685c3/wikitext.py "HTTP/1.1 404 Not Found"
2026-06-04 10:31:27,290 INFO httpx: HTTP Request: HEAD https://s3.amazonaws.com/datasets.huggingface.co/datasets/datasets/wikitext/wikitext.py "HTTP/1.1 200 OK"
2026-06-04 10:31:27,588 INFO httpx: HTTP Request: HEAD https://huggingface.co/datasets/wikitext/resolve/b08601e04326c79dfdd32d625aee71d232d685c3/.huggingface.yaml "HTTP/1.1 307 Temporary Redirect"
2026-06-04 10:31:27,800 INFO httpx: HTTP Request: HEAD https://huggingface.co/datasets/Salesforce/wikitext/resolve/b08601e04326c79dfdd32d625aee71d232d685c3/.huggingface.yaml "HTTP/1.1 404 Not Found"
2026-06-04 10:31:28,105 INFO httpx: HTTP Request: GET https://datasets-server.huggingface.co/info?dataset=wikitext "HTTP/1.1 404 Not Found"
2026-06-04 10:31:28,334 INFO httpx: HTTP Request: HEAD https://huggingface.co/datasets/wikitext/resolve/b08601e04326c79dfdd32d625aee71d232d685c3/dataset_infos.json "HTTP/1.1 307 Temporary Redirect"
2026-06-04 10:31:28,556 INFO httpx: HTTP Request: HEAD https://huggingface.co/datasets/Salesforce/wikitext/resolve/b08601e04326c79dfdd32d625aee71d232d685c3/dataset_infos.json "HTTP/1.1 404 Not Found"
2026-06-04 10:31:28,805 INFO httpx: HTTP Request: HEAD https://huggingface.co/gpt2/resolve/main/tokenizer_config.json "HTTP/1.1 200 OK"
2026-06-04 10:31:29,024 INFO httpx: HTTP Request: GET https://huggingface.co/api/models/gpt2/tree/main/additional_chat_templates?recursive=false&expand=false "HTTP/1.1 307 Temporary Redirect"
2026-06-04 10:31:29,230 INFO httpx: HTTP Request: GET https://huggingface.co/api/models/openai-community/gpt2/tree/main/additional_chat_templates?recursive=false&expand=false "HTTP/1.1 404 Not Found"
2026-06-04 10:31:29,451 INFO httpx: HTTP Request: GET https://huggingface.co/api/models/gpt2/tree/main?recursive=true&expand=false "HTTP/1.1 307 Temporary Redirect"
2026-06-04 10:31:29,658 INFO httpx: HTTP Request: GET https://huggingface.co/api/models/openai-community/gpt2/tree/main?recursive=true&expand=false "HTTP/1.1 200 OK"
2026-06-04 10:31:30,340 INFO sweep: Saved gpt2__bf16__eager__b16__s128.json
2026-06-04 10:31:30,341 INFO sweep: Progress: 116/192
2026-06-04 10:31:30,341 INFO sweep: START: gpt2 | bf16 | eager | batch=64 seq=128
2026-06-04 10:32:51,317 INFO httpx: HTTP Request: HEAD https://huggingface.co/datasets/wikitext/resolve/main/README.md "HTTP/1.1 307 Temporary Redirect"
2026-06-04 10:32:51,557 INFO httpx: HTTP Request: HEAD https://huggingface.co/datasets/Salesforce/wikitext/resolve/main/README.md "HTTP/1.1 307 Temporary Redirect"
2026-06-04 10:32:51,570 INFO httpx: HTTP Request: HEAD https://huggingface.co/api/resolve-cache/datasets/Salesforce/wikitext/b08601e04326c79dfdd32d625aee71d232d685c3/README.md "HTTP/1.1 200 OK"
2026-06-04 10:32:51,814 INFO httpx: HTTP Request: HEAD https://huggingface.co/datasets/wikitext/resolve/b08601e04326c79dfdd32d625aee71d232d685c3/wikitext.py "HTTP/1.1 307 Temporary Redirect"
2026-06-04 10:32:52,051 INFO httpx: HTTP Request: HEAD https://huggingface.co/datasets/Salesforce/wikitext/resolve/b08601e04326c79dfdd32d625aee71d232d685c3/wikitext.py "HTTP/1.1 404 Not Found"
2026-06-04 10:32:52,944 INFO httpx: HTTP Request: HEAD https://s3.amazonaws.com/datasets.huggingface.co/datasets/datasets/wikitext/wikitext.py "HTTP/1.1 200 OK"
2026-06-04 10:32:53,178 INFO httpx: HTTP Request: HEAD https://huggingface.co/datasets/wikitext/resolve/b08601e04326c79dfdd32d625aee71d232d685c3/.huggingface.yaml "HTTP/1.1 307 Temporary Redirect"
2026-06-04 10:32:53,385 INFO httpx: HTTP Request: HEAD https://huggingface.co/datasets/Salesforce/wikitext/resolve/b08601e04326c79dfdd32d625aee71d232d685c3/.huggingface.yaml "HTTP/1.1 404 Not Found"
2026-06-04 10:32:53,662 INFO httpx: HTTP Request: GET https://datasets-server.huggingface.co/info?dataset=wikitext "HTTP/1.1 404 Not Found"
2026-06-04 10:32:53,875 INFO httpx: HTTP Request: HEAD https://huggingface.co/datasets/wikitext/resolve/b08601e04326c79dfdd32d625aee71d232d685c3/dataset_infos.json "HTTP/1.1 307 Temporary Redirect"
2026-06-04 10:32:54,094 INFO httpx: HTTP Request: HEAD https://huggingface.co/datasets/Salesforce/wikitext/resolve/b08601e04326c79dfdd32d625aee71d232d685c3/dataset_infos.json "HTTP/1.1 404 Not Found"
2026-06-04 10:32:54,356 INFO httpx: HTTP Request: HEAD https://huggingface.co/gpt2/resolve/main/tokenizer_config.json "HTTP/1.1 200 OK"
2026-06-04 10:32:54,579 INFO httpx: HTTP Request: GET https://huggingface.co/api/models/gpt2/tree/main/additional_chat_templates?recursive=false&expand=false "HTTP/1.1 307 Temporary Redirect"
2026-06-04 10:32:54,805 INFO httpx: HTTP Request: GET https://huggingface.co/api/models/openai-community/gpt2/tree/main/additional_chat_templates?recursive=false&expand=false "HTTP/1.1 404 Not Found"
2026-06-04 10:32:55,013 INFO httpx: HTTP Request: GET https://huggingface.co/api/models/gpt2/tree/main?recursive=true&expand=false "HTTP/1.1 307 Temporary Redirect"
2026-06-04 10:32:55,238 INFO httpx: HTTP Request: GET https://huggingface.co/api/models/openai-community/gpt2/tree/main?recursive=true&expand=false "HTTP/1.1 200 OK"
2026-06-04 10:32:55,903 INFO sweep: Saved gpt2__bf16__eager__b64__s128.json
2026-06-04 10:32:55,903 INFO sweep: Progress: 117/192
2026-06-04 10:32:55,903 INFO sweep: START: gpt2 | bf16 | compile | batch=1 seq=128
2026-06-04 10:33:02,996 INFO httpx: HTTP Request: HEAD https://huggingface.co/datasets/wikitext/resolve/main/README.md "HTTP/1.1 307 Temporary Redirect"
2026-06-04 10:33:03,237 INFO httpx: HTTP Request: HEAD https://huggingface.co/datasets/Salesforce/wikitext/resolve/main/README.md "HTTP/1.1 307 Temporary Redirect"
2026-06-04 10:33:03,248 INFO httpx: HTTP Request: HEAD https://huggingface.co/api/resolve-cache/datasets/Salesforce/wikitext/b08601e04326c79dfdd32d625aee71d232d685c3/README.md "HTTP/1.1 200 OK"
2026-06-04 10:33:03,493 INFO httpx: HTTP Request: HEAD https://huggingface.co/datasets/wikitext/resolve/b08601e04326c79dfdd32d625aee71d232d685c3/wikitext.py "HTTP/1.1 307 Temporary Redirect"
2026-06-04 10:33:03,701 INFO httpx: HTTP Request: HEAD https://huggingface.co/datasets/Salesforce/wikitext/resolve/b08601e04326c79dfdd32d625aee71d232d685c3/wikitext.py "HTTP/1.1 404 Not Found"
2026-06-04 10:33:04,594 INFO httpx: HTTP Request: HEAD https://s3.amazonaws.com/datasets.huggingface.co/datasets/datasets/wikitext/wikitext.py "HTTP/1.1 200 OK"
2026-06-04 10:33:05,051 INFO httpx: HTTP Request: HEAD https://huggingface.co/datasets/wikitext/resolve/b08601e04326c79dfdd32d625aee71d232d685c3/.huggingface.yaml "HTTP/1.1 307 Temporary Redirect"
2026-06-04 10:33:05,272 INFO httpx: HTTP Request: HEAD https://huggingface.co/datasets/Salesforce/wikitext/resolve/b08601e04326c79dfdd32d625aee71d232d685c3/.huggingface.yaml "HTTP/1.1 404 Not Found"
2026-06-04 10:33:05,562 INFO httpx: HTTP Request: GET https://datasets-server.huggingface.co/info?dataset=wikitext "HTTP/1.1 404 Not Found"
2026-06-04 10:33:05,774 INFO httpx: HTTP Request: HEAD https://huggingface.co/datasets/wikitext/resolve/b08601e04326c79dfdd32d625aee71d232d685c3/dataset_infos.json "HTTP/1.1 307 Temporary Redirect"
2026-06-04 10:33:05,982 INFO httpx: HTTP Request: HEAD https://huggingface.co/datasets/Salesforce/wikitext/resolve/b08601e04326c79dfdd32d625aee71d232d685c3/dataset_infos.json "HTTP/1.1 404 Not Found"
2026-06-04 10:33:06,258 INFO httpx: HTTP Request: HEAD https://huggingface.co/gpt2/resolve/main/tokenizer_config.json "HTTP/1.1 200 OK"
2026-06-04 10:33:06,465 INFO httpx: HTTP Request: GET https://huggingface.co/api/models/gpt2/tree/main/additional_chat_templates?recursive=false&expand=false "HTTP/1.1 307 Temporary Redirect"
2026-06-04 10:33:06,672 INFO httpx: HTTP Request: GET https://huggingface.co/api/models/openai-community/gpt2/tree/main/additional_chat_templates?recursive=false&expand=false "HTTP/1.1 404 Not Found"
2026-06-04 10:33:06,892 INFO httpx: HTTP Request: GET https://huggingface.co/api/models/gpt2/tree/main?recursive=true&expand=false "HTTP/1.1 307 Temporary Redirect"
2026-06-04 10:33:07,112 INFO httpx: HTTP Request: GET https://huggingface.co/api/models/openai-community/gpt2/tree/main?recursive=true&expand=false "HTTP/1.1 200 OK"
2026-06-04 10:33:07,754 INFO sweep: Saved gpt2__bf16__compile__b1__s128.json
2026-06-04 10:33:07,754 INFO sweep: Progress: 118/192
2026-06-04 10:33:07,755 INFO sweep: START: gpt2 | bf16 | compile | batch=4 seq=128
2026-06-04 10:33:17,516 INFO httpx: HTTP Request: HEAD https://huggingface.co/datasets/wikitext/resolve/main/README.md "HTTP/1.1 307 Temporary Redirect"
2026-06-04 10:33:17,728 INFO httpx: HTTP Request: HEAD https://huggingface.co/datasets/Salesforce/wikitext/resolve/main/README.md "HTTP/1.1 307 Temporary Redirect"
2026-06-04 10:33:17,739 INFO httpx: HTTP Request: HEAD https://huggingface.co/api/resolve-cache/datasets/Salesforce/wikitext/b08601e04326c79dfdd32d625aee71d232d685c3/README.md "HTTP/1.1 200 OK"
2026-06-04 10:33:17,953 INFO httpx: HTTP Request: HEAD https://huggingface.co/datasets/wikitext/resolve/b08601e04326c79dfdd32d625aee71d232d685c3/wikitext.py "HTTP/1.1 307 Temporary Redirect"
2026-06-04 10:33:18,392 INFO httpx: HTTP Request: HEAD https://huggingface.co/datasets/Salesforce/wikitext/resolve/b08601e04326c79dfdd32d625aee71d232d685c3/wikitext.py "HTTP/1.1 404 Not Found"
2026-06-04 10:33:19,364 INFO httpx: HTTP Request: HEAD https://s3.amazonaws.com/datasets.huggingface.co/datasets/datasets/wikitext/wikitext.py "HTTP/1.1 200 OK"
2026-06-04 10:33:19,673 INFO httpx: HTTP Request: HEAD https://huggingface.co/datasets/wikitext/resolve/b08601e04326c79dfdd32d625aee71d232d685c3/.huggingface.yaml "HTTP/1.1 307 Temporary Redirect"
2026-06-04 10:33:19,933 INFO httpx: HTTP Request: HEAD https://huggingface.co/datasets/Salesforce/wikitext/resolve/b08601e04326c79dfdd32d625aee71d232d685c3/.huggingface.yaml "HTTP/1.1 404 Not Found"
2026-06-04 10:33:20,184 INFO httpx: HTTP Request: GET https://datasets-server.huggingface.co/info?dataset=wikitext "HTTP/1.1 404 Not Found"
2026-06-04 10:33:20,394 INFO httpx: HTTP Request: HEAD https://huggingface.co/datasets/wikitext/resolve/b08601e04326c79dfdd32d625aee71d232d685c3/dataset_infos.json "HTTP/1.1 307 Temporary Redirect"
2026-06-04 10:33:20,605 INFO httpx: HTTP Request: HEAD https://huggingface.co/datasets/Salesforce/wikitext/resolve/b08601e04326c79dfdd32d625aee71d232d685c3/dataset_infos.json "HTTP/1.1 404 Not Found"
2026-06-04 10:33:20,873 INFO httpx: HTTP Request: HEAD https://huggingface.co/gpt2/resolve/main/tokenizer_config.json "HTTP/1.1 200 OK"
2026-06-04 10:33:21,079 INFO httpx: HTTP Request: GET https://huggingface.co/api/models/gpt2/tree/main/additional_chat_templates?recursive=false&expand=false "HTTP/1.1 307 Temporary Redirect"
2026-06-04 10:33:21,301 INFO httpx: HTTP Request: GET https://huggingface.co/api/models/openai-community/gpt2/tree/main/additional_chat_templates?recursive=false&expand=false "HTTP/1.1 404 Not Found"
2026-06-04 10:33:21,514 INFO httpx: HTTP Request: GET https://huggingface.co/api/models/gpt2/tree/main?recursive=true&expand=false "HTTP/1.1 307 Temporary Redirect"
2026-06-04 10:33:21,738 INFO httpx: HTTP Request: GET https://huggingface.co/api/models/openai-community/gpt2/tree/main?recursive=true&expand=false "HTTP/1.1 200 OK"
2026-06-04 10:33:22,382 INFO sweep: Saved gpt2__bf16__compile__b4__s128.json
2026-06-04 10:33:22,383 INFO sweep: Progress: 119/192
2026-06-04 10:33:22,383 INFO sweep: START: gpt2 | bf16 | compile | batch=16 seq=128
2026-06-04 10:33:58,426 INFO httpx: HTTP Request: HEAD https://huggingface.co/datasets/wikitext/resolve/main/README.md "HTTP/1.1 307 Temporary Redirect"
2026-06-04 10:33:58,686 INFO httpx: HTTP Request: HEAD https://huggingface.co/datasets/Salesforce/wikitext/resolve/main/README.md "HTTP/1.1 307 Temporary Redirect"
2026-06-04 10:33:58,697 INFO httpx: HTTP Request: HEAD https://huggingface.co/api/resolve-cache/datasets/Salesforce/wikitext/b08601e04326c79dfdd32d625aee71d232d685c3/README.md "HTTP/1.1 200 OK"
2026-06-04 10:33:58,920 INFO httpx: HTTP Request: HEAD https://huggingface.co/datasets/wikitext/resolve/b08601e04326c79dfdd32d625aee71d232d685c3/wikitext.py "HTTP/1.1 307 Temporary Redirect"
2026-06-04 10:33:59,129 INFO httpx: HTTP Request: HEAD https://huggingface.co/datasets/Salesforce/wikitext/resolve/b08601e04326c79dfdd32d625aee71d232d685c3/wikitext.py "HTTP/1.1 404 Not Found"
2026-06-04 10:33:59,990 INFO httpx: HTTP Request: HEAD https://s3.amazonaws.com/datasets.huggingface.co/datasets/datasets/wikitext/wikitext.py "HTTP/1.1 200 OK"
2026-06-04 10:34:00,436 INFO httpx: HTTP Request: HEAD https://huggingface.co/datasets/wikitext/resolve/b08601e04326c79dfdd32d625aee71d232d685c3/.huggingface.yaml "HTTP/1.1 307 Temporary Redirect"
2026-06-04 10:34:00,658 INFO httpx: HTTP Request: HEAD https://huggingface.co/datasets/Salesforce/wikitext/resolve/b08601e04326c79dfdd32d625aee71d232d685c3/.huggingface.yaml "HTTP/1.1 404 Not Found"
2026-06-04 10:34:00,976 INFO httpx: HTTP Request: GET https://datasets-server.huggingface.co/info?dataset=wikitext "HTTP/1.1 404 Not Found"
2026-06-04 10:34:01,203 INFO httpx: HTTP Request: HEAD https://huggingface.co/datasets/wikitext/resolve/b08601e04326c79dfdd32d625aee71d232d685c3/dataset_infos.json "HTTP/1.1 307 Temporary Redirect"
2026-06-04 10:34:01,421 INFO httpx: HTTP Request: HEAD https://huggingface.co/datasets/Salesforce/wikitext/resolve/b08601e04326c79dfdd32d625aee71d232d685c3/dataset_infos.json "HTTP/1.1 404 Not Found"
2026-06-04 10:34:01,671 INFO httpx: HTTP Request: HEAD https://huggingface.co/gpt2/resolve/main/tokenizer_config.json "HTTP/1.1 200 OK"
2026-06-04 10:34:01,883 INFO httpx: HTTP Request: GET https://huggingface.co/api/models/gpt2/tree/main/additional_chat_templates?recursive=false&expand=false "HTTP/1.1 307 Temporary Redirect"
2026-06-04 10:34:02,093 INFO httpx: HTTP Request: GET https://huggingface.co/api/models/openai-community/gpt2/tree/main/additional_chat_templates?recursive=false&expand=false "HTTP/1.1 404 Not Found"
2026-06-04 10:34:02,305 INFO httpx: HTTP Request: GET https://huggingface.co/api/models/gpt2/tree/main?recursive=true&expand=false "HTTP/1.1 307 Temporary Redirect"
2026-06-04 10:34:02,515 INFO httpx: HTTP Request: GET https://huggingface.co/api/models/openai-community/gpt2/tree/main?recursive=true&expand=false "HTTP/1.1 200 OK"
2026-06-04 10:34:03,195 INFO sweep: Saved gpt2__bf16__compile__b16__s128.json
2026-06-04 10:34:03,196 INFO sweep: Progress: 120/192
2026-06-04 10:34:03,196 INFO sweep: START: gpt2 | bf16 | compile | batch=64 seq=128
2026-06-04 10:35:26,352 INFO httpx: HTTP Request: HEAD https://huggingface.co/datasets/wikitext/resolve/main/README.md "HTTP/1.1 307 Temporary Redirect"
2026-06-04 10:35:26,599 INFO httpx: HTTP Request: HEAD https://huggingface.co/datasets/Salesforce/wikitext/resolve/main/README.md "HTTP/1.1 307 Temporary Redirect"
2026-06-04 10:35:26,612 INFO httpx: HTTP Request: HEAD https://huggingface.co/api/resolve-cache/datasets/Salesforce/wikitext/b08601e04326c79dfdd32d625aee71d232d685c3/README.md "HTTP/1.1 200 OK"
2026-06-04 10:35:27,053 INFO httpx: HTTP Request: HEAD https://huggingface.co/datasets/wikitext/resolve/b08601e04326c79dfdd32d625aee71d232d685c3/wikitext.py "HTTP/1.1 307 Temporary Redirect"
2026-06-04 10:35:27,276 INFO httpx: HTTP Request: HEAD https://huggingface.co/datasets/Salesforce/wikitext/resolve/b08601e04326c79dfdd32d625aee71d232d685c3/wikitext.py "HTTP/1.1 404 Not Found"
2026-06-04 10:35:28,192 INFO httpx: HTTP Request: HEAD https://s3.amazonaws.com/datasets.huggingface.co/datasets/datasets/wikitext/wikitext.py "HTTP/1.1 200 OK"
2026-06-04 10:35:28,408 INFO httpx: HTTP Request: HEAD https://huggingface.co/datasets/wikitext/resolve/b08601e04326c79dfdd32d625aee71d232d685c3/.huggingface.yaml "HTTP/1.1 307 Temporary Redirect"
2026-06-04 10:35:28,613 INFO httpx: HTTP Request: HEAD https://huggingface.co/datasets/Salesforce/wikitext/resolve/b08601e04326c79dfdd32d625aee71d232d685c3/.huggingface.yaml "HTTP/1.1 404 Not Found"
2026-06-04 10:35:28,901 INFO httpx: HTTP Request: GET https://datasets-server.huggingface.co/info?dataset=wikitext "HTTP/1.1 404 Not Found"
2026-06-04 10:35:29,114 INFO httpx: HTTP Request: HEAD https://huggingface.co/datasets/wikitext/resolve/b08601e04326c79dfdd32d625aee71d232d685c3/dataset_infos.json "HTTP/1.1 307 Temporary Redirect"
2026-06-04 10:35:29,320 INFO httpx: HTTP Request: HEAD https://huggingface.co/datasets/Salesforce/wikitext/resolve/b08601e04326c79dfdd32d625aee71d232d685c3/dataset_infos.json "HTTP/1.1 404 Not Found"
2026-06-04 10:35:29,575 INFO httpx: HTTP Request: HEAD https://huggingface.co/gpt2/resolve/main/tokenizer_config.json "HTTP/1.1 200 OK"
2026-06-04 10:35:29,783 INFO httpx: HTTP Request: GET https://huggingface.co/api/models/gpt2/tree/main/additional_chat_templates?recursive=false&expand=false "HTTP/1.1 307 Temporary Redirect"
2026-06-04 10:35:29,994 INFO httpx: HTTP Request: GET https://huggingface.co/api/models/openai-community/gpt2/tree/main/additional_chat_templates?recursive=false&expand=false "HTTP/1.1 404 Not Found"
2026-06-04 10:35:30,220 INFO httpx: HTTP Request: GET https://huggingface.co/api/models/gpt2/tree/main?recursive=true&expand=false "HTTP/1.1 307 Temporary Redirect"
2026-06-04 10:35:30,448 INFO httpx: HTTP Request: GET https://huggingface.co/api/models/openai-community/gpt2/tree/main?recursive=true&expand=false "HTTP/1.1 200 OK"
2026-06-04 10:35:31,105 INFO sweep: Saved gpt2__bf16__compile__b64__s128.json
2026-06-04 10:35:31,105 INFO sweep: Progress: 121/192
2026-06-04 10:35:31,105 INFO sweep: START: gpt2 | w8a16 | eager | batch=1 seq=128
2026-06-04 10:35:40,184 INFO httpx: HTTP Request: HEAD https://huggingface.co/datasets/wikitext/resolve/main/README.md "HTTP/1.1 307 Temporary Redirect"
2026-06-04 10:35:40,414 INFO httpx: HTTP Request: HEAD https://huggingface.co/datasets/Salesforce/wikitext/resolve/main/README.md "HTTP/1.1 307 Temporary Redirect"
2026-06-04 10:35:40,425 INFO httpx: HTTP Request: HEAD https://huggingface.co/api/resolve-cache/datasets/Salesforce/wikitext/b08601e04326c79dfdd32d625aee71d232d685c3/README.md "HTTP/1.1 200 OK"
2026-06-04 10:35:41,095 INFO httpx: HTTP Request: HEAD https://huggingface.co/datasets/wikitext/resolve/b08601e04326c79dfdd32d625aee71d232d685c3/wikitext.py "HTTP/1.1 307 Temporary Redirect"
2026-06-04 10:35:41,322 INFO httpx: HTTP Request: HEAD https://huggingface.co/datasets/Salesforce/wikitext/resolve/b08601e04326c79dfdd32d625aee71d232d685c3/wikitext.py "HTTP/1.1 404 Not Found"
2026-06-04 10:35:42,175 INFO httpx: HTTP Request: HEAD https://s3.amazonaws.com/datasets.huggingface.co/datasets/datasets/wikitext/wikitext.py "HTTP/1.1 200 OK"
2026-06-04 10:35:42,417 INFO httpx: HTTP Request: HEAD https://huggingface.co/datasets/wikitext/resolve/b08601e04326c79dfdd32d625aee71d232d685c3/.huggingface.yaml "HTTP/1.1 307 Temporary Redirect"
2026-06-04 10:35:42,639 INFO httpx: HTTP Request: HEAD https://huggingface.co/datasets/Salesforce/wikitext/resolve/b08601e04326c79dfdd32d625aee71d232d685c3/.huggingface.yaml "HTTP/1.1 404 Not Found"
2026-06-04 10:35:42,929 INFO httpx: HTTP Request: GET https://datasets-server.huggingface.co/info?dataset=wikitext "HTTP/1.1 404 Not Found"
2026-06-04 10:35:43,153 INFO httpx: HTTP Request: HEAD https://huggingface.co/datasets/wikitext/resolve/b08601e04326c79dfdd32d625aee71d232d685c3/dataset_infos.json "HTTP/1.1 307 Temporary Redirect"
2026-06-04 10:35:43,380 INFO httpx: HTTP Request: HEAD https://huggingface.co/datasets/Salesforce/wikitext/resolve/b08601e04326c79dfdd32d625aee71d232d685c3/dataset_infos.json "HTTP/1.1 404 Not Found"
2026-06-04 10:35:43,641 INFO httpx: HTTP Request: HEAD https://huggingface.co/gpt2/resolve/main/tokenizer_config.json "HTTP/1.1 200 OK"
2026-06-04 10:35:43,873 INFO httpx: HTTP Request: GET https://huggingface.co/api/models/gpt2/tree/main/additional_chat_templates?recursive=false&expand=false "HTTP/1.1 307 Temporary Redirect"
2026-06-04 10:35:44,092 INFO httpx: HTTP Request: GET https://huggingface.co/api/models/openai-community/gpt2/tree/main/additional_chat_templates?recursive=false&expand=false "HTTP/1.1 404 Not Found"
2026-06-04 10:35:44,313 INFO httpx: HTTP Request: GET https://huggingface.co/api/models/gpt2/tree/main?recursive=true&expand=false "HTTP/1.1 307 Temporary Redirect"
2026-06-04 10:35:44,531 INFO httpx: HTTP Request: GET https://huggingface.co/api/models/openai-community/gpt2/tree/main?recursive=true&expand=false "HTTP/1.1 200 OK"
2026-06-04 10:35:45,176 INFO sweep: Saved gpt2__w8a16__eager__b1__s128.json
2026-06-04 10:35:45,176 INFO sweep: Progress: 122/192
2026-06-04 10:35:45,176 INFO sweep: START: gpt2 | w8a16 | eager | batch=4 seq=128
2026-06-04 10:35:55,013 INFO httpx: HTTP Request: HEAD https://huggingface.co/datasets/wikitext/resolve/main/README.md "HTTP/1.1 307 Temporary Redirect"
2026-06-04 10:35:55,223 INFO httpx: HTTP Request: HEAD https://huggingface.co/datasets/Salesforce/wikitext/resolve/main/README.md "HTTP/1.1 307 Temporary Redirect"
2026-06-04 10:35:55,234 INFO httpx: HTTP Request: HEAD https://huggingface.co/api/resolve-cache/datasets/Salesforce/wikitext/b08601e04326c79dfdd32d625aee71d232d685c3/README.md "HTTP/1.1 200 OK"
2026-06-04 10:35:55,471 INFO httpx: HTTP Request: HEAD https://huggingface.co/datasets/wikitext/resolve/b08601e04326c79dfdd32d625aee71d232d685c3/wikitext.py "HTTP/1.1 307 Temporary Redirect"
2026-06-04 10:35:55,675 INFO httpx: HTTP Request: HEAD https://huggingface.co/datasets/Salesforce/wikitext/resolve/b08601e04326c79dfdd32d625aee71d232d685c3/wikitext.py "HTTP/1.1 404 Not Found"
2026-06-04 10:35:56,652 INFO httpx: HTTP Request: HEAD https://s3.amazonaws.com/datasets.huggingface.co/datasets/datasets/wikitext/wikitext.py "HTTP/1.1 200 OK"
2026-06-04 10:35:56,871 INFO httpx: HTTP Request: HEAD https://huggingface.co/datasets/wikitext/resolve/b08601e04326c79dfdd32d625aee71d232d685c3/.huggingface.yaml "HTTP/1.1 307 Temporary Redirect"
2026-06-04 10:35:57,076 INFO httpx: HTTP Request: HEAD https://huggingface.co/datasets/Salesforce/wikitext/resolve/b08601e04326c79dfdd32d625aee71d232d685c3/.huggingface.yaml "HTTP/1.1 404 Not Found"
2026-06-04 10:35:57,445 INFO httpx: HTTP Request: GET https://datasets-server.huggingface.co/info?dataset=wikitext "HTTP/1.1 404 Not Found"
2026-06-04 10:35:57,671 INFO httpx: HTTP Request: HEAD https://huggingface.co/datasets/wikitext/resolve/b08601e04326c79dfdd32d625aee71d232d685c3/dataset_infos.json "HTTP/1.1 307 Temporary Redirect"
2026-06-04 10:35:57,892 INFO httpx: HTTP Request: HEAD https://huggingface.co/datasets/Salesforce/wikitext/resolve/b08601e04326c79dfdd32d625aee71d232d685c3/dataset_infos.json "HTTP/1.1 404 Not Found"
2026-06-04 10:35:58,154 INFO httpx: HTTP Request: HEAD https://huggingface.co/gpt2/resolve/main/tokenizer_config.json "HTTP/1.1 200 OK"
2026-06-04 10:35:58,374 INFO httpx: HTTP Request: GET https://huggingface.co/api/models/gpt2/tree/main/additional_chat_templates?recursive=false&expand=false "HTTP/1.1 307 Temporary Redirect"
2026-06-04 10:35:58,585 INFO httpx: HTTP Request: GET https://huggingface.co/api/models/openai-community/gpt2/tree/main/additional_chat_templates?recursive=false&expand=false "HTTP/1.1 404 Not Found"
2026-06-04 10:35:59,017 INFO httpx: HTTP Request: GET https://huggingface.co/api/models/gpt2/tree/main?recursive=true&expand=false "HTTP/1.1 307 Temporary Redirect"
2026-06-04 10:35:59,229 INFO httpx: HTTP Request: GET https://huggingface.co/api/models/openai-community/gpt2/tree/main?recursive=true&expand=false "HTTP/1.1 200 OK"
2026-06-04 10:35:59,906 INFO sweep: Saved gpt2__w8a16__eager__b4__s128.json
2026-06-04 10:35:59,906 INFO sweep: Progress: 123/192
2026-06-04 10:35:59,906 INFO sweep: START: gpt2 | w8a16 | eager | batch=16 seq=128
2026-06-04 10:36:36,107 INFO httpx: HTTP Request: HEAD https://huggingface.co/datasets/wikitext/resolve/main/README.md "HTTP/1.1 307 Temporary Redirect"
2026-06-04 10:36:36,329 INFO httpx: HTTP Request: HEAD https://huggingface.co/datasets/Salesforce/wikitext/resolve/main/README.md "HTTP/1.1 307 Temporary Redirect"
2026-06-04 10:36:36,341 INFO httpx: HTTP Request: HEAD https://huggingface.co/api/resolve-cache/datasets/Salesforce/wikitext/b08601e04326c79dfdd32d625aee71d232d685c3/README.md "HTTP/1.1 200 OK"
2026-06-04 10:36:36,802 INFO httpx: HTTP Request: HEAD https://huggingface.co/datasets/wikitext/resolve/b08601e04326c79dfdd32d625aee71d232d685c3/wikitext.py "HTTP/1.1 307 Temporary Redirect"
2026-06-04 10:36:37,014 INFO httpx: HTTP Request: HEAD https://huggingface.co/datasets/Salesforce/wikitext/resolve/b08601e04326c79dfdd32d625aee71d232d685c3/wikitext.py "HTTP/1.1 404 Not Found"
2026-06-04 10:36:37,919 INFO httpx: HTTP Request: HEAD https://s3.amazonaws.com/datasets.huggingface.co/datasets/datasets/wikitext/wikitext.py "HTTP/1.1 200 OK"
2026-06-04 10:36:38,138 INFO httpx: HTTP Request: HEAD https://huggingface.co/datasets/wikitext/resolve/b08601e04326c79dfdd32d625aee71d232d685c3/.huggingface.yaml "HTTP/1.1 307 Temporary Redirect"
2026-06-04 10:36:38,360 INFO httpx: HTTP Request: HEAD https://huggingface.co/datasets/Salesforce/wikitext/resolve/b08601e04326c79dfdd32d625aee71d232d685c3/.huggingface.yaml "HTTP/1.1 404 Not Found"
2026-06-04 10:36:38,653 INFO httpx: HTTP Request: GET https://datasets-server.huggingface.co/info?dataset=wikitext "HTTP/1.1 404 Not Found"
2026-06-04 10:36:38,901 INFO httpx: HTTP Request: HEAD https://huggingface.co/datasets/wikitext/resolve/b08601e04326c79dfdd32d625aee71d232d685c3/dataset_infos.json "HTTP/1.1 307 Temporary Redirect"
2026-06-04 10:36:39,110 INFO httpx: HTTP Request: HEAD https://huggingface.co/datasets/Salesforce/wikitext/resolve/b08601e04326c79dfdd32d625aee71d232d685c3/dataset_infos.json "HTTP/1.1 404 Not Found"
2026-06-04 10:36:39,360 INFO httpx: HTTP Request: HEAD https://huggingface.co/gpt2/resolve/main/tokenizer_config.json "HTTP/1.1 200 OK"
2026-06-04 10:36:39,570 INFO httpx: HTTP Request: GET https://huggingface.co/api/models/gpt2/tree/main/additional_chat_templates?recursive=false&expand=false "HTTP/1.1 307 Temporary Redirect"
2026-06-04 10:36:39,794 INFO httpx: HTTP Request: GET https://huggingface.co/api/models/openai-community/gpt2/tree/main/additional_chat_templates?recursive=false&expand=false "HTTP/1.1 404 Not Found"
2026-06-04 10:36:40,000 INFO httpx: HTTP Request: GET https://huggingface.co/api/models/gpt2/tree/main?recursive=true&expand=false "HTTP/1.1 307 Temporary Redirect"
2026-06-04 10:36:40,269 INFO httpx: HTTP Request: GET https://huggingface.co/api/models/openai-community/gpt2/tree/main?recursive=true&expand=false "HTTP/1.1 200 OK"
2026-06-04 10:36:40,949 INFO sweep: Saved gpt2__w8a16__eager__b16__s128.json
2026-06-04 10:36:40,949 INFO sweep: Progress: 124/192
2026-06-04 10:36:40,949 INFO sweep: START: gpt2 | w8a16 | eager | batch=64 seq=128
2026-06-04 10:38:02,476 INFO httpx: HTTP Request: HEAD https://huggingface.co/datasets/wikitext/resolve/main/README.md "HTTP/1.1 307 Temporary Redirect"
2026-06-04 10:38:02,723 INFO httpx: HTTP Request: HEAD https://huggingface.co/datasets/Salesforce/wikitext/resolve/main/README.md "HTTP/1.1 307 Temporary Redirect"
2026-06-04 10:38:02,734 INFO httpx: HTTP Request: HEAD https://huggingface.co/api/resolve-cache/datasets/Salesforce/wikitext/b08601e04326c79dfdd32d625aee71d232d685c3/README.md "HTTP/1.1 200 OK"
2026-06-04 10:38:02,970 INFO httpx: HTTP Request: HEAD https://huggingface.co/datasets/wikitext/resolve/b08601e04326c79dfdd32d625aee71d232d685c3/wikitext.py "HTTP/1.1 307 Temporary Redirect"
2026-06-04 10:38:03,202 INFO httpx: HTTP Request: HEAD https://huggingface.co/datasets/Salesforce/wikitext/resolve/b08601e04326c79dfdd32d625aee71d232d685c3/wikitext.py "HTTP/1.1 404 Not Found"
2026-06-04 10:38:04,039 INFO httpx: HTTP Request: HEAD https://s3.amazonaws.com/datasets.huggingface.co/datasets/datasets/wikitext/wikitext.py "HTTP/1.1 200 OK"
2026-06-04 10:38:04,257 INFO httpx: HTTP Request: HEAD https://huggingface.co/datasets/wikitext/resolve/b08601e04326c79dfdd32d625aee71d232d685c3/.huggingface.yaml "HTTP/1.1 307 Temporary Redirect"
2026-06-04 10:38:04,467 INFO httpx: HTTP Request: HEAD https://huggingface.co/datasets/Salesforce/wikitext/resolve/b08601e04326c79dfdd32d625aee71d232d685c3/.huggingface.yaml "HTTP/1.1 404 Not Found"
2026-06-04 10:38:04,769 INFO httpx: HTTP Request: GET https://datasets-server.huggingface.co/info?dataset=wikitext "HTTP/1.1 404 Not Found"
2026-06-04 10:38:04,997 INFO httpx: HTTP Request: HEAD https://huggingface.co/datasets/wikitext/resolve/b08601e04326c79dfdd32d625aee71d232d685c3/dataset_infos.json "HTTP/1.1 307 Temporary Redirect"
2026-06-04 10:38:05,205 INFO httpx: HTTP Request: HEAD https://huggingface.co/datasets/Salesforce/wikitext/resolve/b08601e04326c79dfdd32d625aee71d232d685c3/dataset_infos.json "HTTP/1.1 404 Not Found"
2026-06-04 10:38:05,450 INFO httpx: HTTP Request: HEAD https://huggingface.co/gpt2/resolve/main/tokenizer_config.json "HTTP/1.1 200 OK"
2026-06-04 10:38:05,777 INFO httpx: HTTP Request: GET https://huggingface.co/api/models/gpt2/tree/main/additional_chat_templates?recursive=false&expand=false "HTTP/1.1 307 Temporary Redirect"
2026-06-04 10:38:06,000 INFO httpx: HTTP Request: GET https://huggingface.co/api/models/openai-community/gpt2/tree/main/additional_chat_templates?recursive=false&expand=false "HTTP/1.1 404 Not Found"
2026-06-04 10:38:06,205 INFO httpx: HTTP Request: GET https://huggingface.co/api/models/gpt2/tree/main?recursive=true&expand=false "HTTP/1.1 307 Temporary Redirect"
2026-06-04 10:38:06,427 INFO httpx: HTTP Request: GET https://huggingface.co/api/models/openai-community/gpt2/tree/main?recursive=true&expand=false "HTTP/1.1 200 OK"
2026-06-04 10:38:07,106 INFO sweep: Saved gpt2__w8a16__eager__b64__s128.json
2026-06-04 10:38:07,106 INFO sweep: Progress: 125/192
2026-06-04 10:38:07,106 INFO sweep: START: gpt2 | w8a16 | compile | batch=1 seq=128
2026-06-04 10:38:16,172 INFO httpx: HTTP Request: HEAD https://huggingface.co/datasets/wikitext/resolve/main/README.md "HTTP/1.1 307 Temporary Redirect"
2026-06-04 10:38:16,427 INFO httpx: HTTP Request: HEAD https://huggingface.co/datasets/Salesforce/wikitext/resolve/main/README.md "HTTP/1.1 307 Temporary Redirect"
2026-06-04 10:38:16,438 INFO httpx: HTTP Request: HEAD https://huggingface.co/api/resolve-cache/datasets/Salesforce/wikitext/b08601e04326c79dfdd32d625aee71d232d685c3/README.md "HTTP/1.1 200 OK"
2026-06-04 10:38:16,662 INFO httpx: HTTP Request: HEAD https://huggingface.co/datasets/wikitext/resolve/b08601e04326c79dfdd32d625aee71d232d685c3/wikitext.py "HTTP/1.1 307 Temporary Redirect"
2026-06-04 10:38:16,887 INFO httpx: HTTP Request: HEAD https://huggingface.co/datasets/Salesforce/wikitext/resolve/b08601e04326c79dfdd32d625aee71d232d685c3/wikitext.py "HTTP/1.1 404 Not Found"
2026-06-04 10:38:17,801 INFO httpx: HTTP Request: HEAD https://s3.amazonaws.com/datasets.huggingface.co/datasets/datasets/wikitext/wikitext.py "HTTP/1.1 200 OK"
2026-06-04 10:38:18,028 INFO httpx: HTTP Request: HEAD https://huggingface.co/datasets/wikitext/resolve/b08601e04326c79dfdd32d625aee71d232d685c3/.huggingface.yaml "HTTP/1.1 307 Temporary Redirect"
2026-06-04 10:38:18,265 INFO httpx: HTTP Request: HEAD https://huggingface.co/datasets/Salesforce/wikitext/resolve/b08601e04326c79dfdd32d625aee71d232d685c3/.huggingface.yaml "HTTP/1.1 404 Not Found"
2026-06-04 10:38:18,514 INFO httpx: HTTP Request: GET https://datasets-server.huggingface.co/info?dataset=wikitext "HTTP/1.1 404 Not Found"
2026-06-04 10:38:18,742 INFO httpx: HTTP Request: HEAD https://huggingface.co/datasets/wikitext/resolve/b08601e04326c79dfdd32d625aee71d232d685c3/dataset_infos.json "HTTP/1.1 307 Temporary Redirect"
2026-06-04 10:38:18,957 INFO httpx: HTTP Request: HEAD https://huggingface.co/datasets/Salesforce/wikitext/resolve/b08601e04326c79dfdd32d625aee71d232d685c3/dataset_infos.json "HTTP/1.1 404 Not Found"
2026-06-04 10:38:19,203 INFO httpx: HTTP Request: HEAD https://huggingface.co/gpt2/resolve/main/tokenizer_config.json "HTTP/1.1 200 OK"
2026-06-04 10:38:19,424 INFO httpx: HTTP Request: GET https://huggingface.co/api/models/gpt2/tree/main/additional_chat_templates?recursive=false&expand=false "HTTP/1.1 307 Temporary Redirect"
2026-06-04 10:38:19,636 INFO httpx: HTTP Request: GET https://huggingface.co/api/models/openai-community/gpt2/tree/main/additional_chat_templates?recursive=false&expand=false "HTTP/1.1 404 Not Found"
2026-06-04 10:38:19,857 INFO httpx: HTTP Request: GET https://huggingface.co/api/models/gpt2/tree/main?recursive=true&expand=false "HTTP/1.1 307 Temporary Redirect"
2026-06-04 10:38:20,080 INFO httpx: HTTP Request: GET https://huggingface.co/api/models/openai-community/gpt2/tree/main?recursive=true&expand=false "HTTP/1.1 200 OK"
2026-06-04 10:38:20,766 INFO sweep: Saved gpt2__w8a16__compile__b1__s128.json
2026-06-04 10:38:20,767 INFO sweep: Progress: 126/192
2026-06-04 10:38:20,767 INFO sweep: START: gpt2 | w8a16 | compile | batch=4 seq=128
2026-06-04 10:38:30,687 INFO httpx: HTTP Request: HEAD https://huggingface.co/datasets/wikitext/resolve/main/README.md "HTTP/1.1 307 Temporary Redirect"
2026-06-04 10:38:30,912 INFO httpx: HTTP Request: HEAD https://huggingface.co/datasets/Salesforce/wikitext/resolve/main/README.md "HTTP/1.1 307 Temporary Redirect"
2026-06-04 10:38:30,923 INFO httpx: HTTP Request: HEAD https://huggingface.co/api/resolve-cache/datasets/Salesforce/wikitext/b08601e04326c79dfdd32d625aee71d232d685c3/README.md "HTTP/1.1 200 OK"
2026-06-04 10:38:31,168 INFO httpx: HTTP Request: HEAD https://huggingface.co/datasets/wikitext/resolve/b08601e04326c79dfdd32d625aee71d232d685c3/wikitext.py "HTTP/1.1 307 Temporary Redirect"
2026-06-04 10:38:31,427 INFO httpx: HTTP Request: HEAD https://huggingface.co/datasets/Salesforce/wikitext/resolve/b08601e04326c79dfdd32d625aee71d232d685c3/wikitext.py "HTTP/1.1 404 Not Found"
2026-06-04 10:38:32,318 INFO httpx: HTTP Request: HEAD https://s3.amazonaws.com/datasets.huggingface.co/datasets/datasets/wikitext/wikitext.py "HTTP/1.1 200 OK"
2026-06-04 10:38:32,578 INFO httpx: HTTP Request: HEAD https://huggingface.co/datasets/wikitext/resolve/b08601e04326c79dfdd32d625aee71d232d685c3/.huggingface.yaml "HTTP/1.1 307 Temporary Redirect"
2026-06-04 10:38:32,788 INFO httpx: HTTP Request: HEAD https://huggingface.co/datasets/Salesforce/wikitext/resolve/b08601e04326c79dfdd32d625aee71d232d685c3/.huggingface.yaml "HTTP/1.1 404 Not Found"
2026-06-04 10:38:33,156 INFO httpx: HTTP Request: GET https://datasets-server.huggingface.co/info?dataset=wikitext "HTTP/1.1 404 Not Found"
2026-06-04 10:38:33,386 INFO httpx: HTTP Request: HEAD https://huggingface.co/datasets/wikitext/resolve/b08601e04326c79dfdd32d625aee71d232d685c3/dataset_infos.json "HTTP/1.1 307 Temporary Redirect"
2026-06-04 10:38:33,594 INFO httpx: HTTP Request: HEAD https://huggingface.co/datasets/Salesforce/wikitext/resolve/b08601e04326c79dfdd32d625aee71d232d685c3/dataset_infos.json "HTTP/1.1 404 Not Found"
2026-06-04 10:38:33,848 INFO httpx: HTTP Request: HEAD https://huggingface.co/gpt2/resolve/main/tokenizer_config.json "HTTP/1.1 200 OK"
2026-06-04 10:38:34,056 INFO httpx: HTTP Request: GET https://huggingface.co/api/models/gpt2/tree/main/additional_chat_templates?recursive=false&expand=false "HTTP/1.1 307 Temporary Redirect"
2026-06-04 10:38:34,279 INFO httpx: HTTP Request: GET https://huggingface.co/api/models/openai-community/gpt2/tree/main/additional_chat_templates?recursive=false&expand=false "HTTP/1.1 404 Not Found"
2026-06-04 10:38:34,488 INFO httpx: HTTP Request: GET https://huggingface.co/api/models/gpt2/tree/main?recursive=true&expand=false "HTTP/1.1 307 Temporary Redirect"
2026-06-04 10:38:34,699 INFO httpx: HTTP Request: GET https://huggingface.co/api/models/openai-community/gpt2/tree/main?recursive=true&expand=false "HTTP/1.1 200 OK"
2026-06-04 10:38:35,370 INFO sweep: Saved gpt2__w8a16__compile__b4__s128.json
2026-06-04 10:38:35,371 INFO sweep: Progress: 127/192
2026-06-04 10:38:35,371 INFO sweep: START: gpt2 | w8a16 | compile | batch=16 seq=128
2026-06-04 10:39:09,777 INFO httpx: HTTP Request: HEAD https://huggingface.co/datasets/wikitext/resolve/main/README.md "HTTP/1.1 307 Temporary Redirect"
2026-06-04 10:39:10,008 INFO httpx: HTTP Request: HEAD https://huggingface.co/datasets/Salesforce/wikitext/resolve/main/README.md "HTTP/1.1 307 Temporary Redirect"
2026-06-04 10:39:10,020 INFO httpx: HTTP Request: HEAD https://huggingface.co/api/resolve-cache/datasets/Salesforce/wikitext/b08601e04326c79dfdd32d625aee71d232d685c3/README.md "HTTP/1.1 200 OK"
2026-06-04 10:39:10,239 INFO httpx: HTTP Request: HEAD https://huggingface.co/datasets/wikitext/resolve/b08601e04326c79dfdd32d625aee71d232d685c3/wikitext.py "HTTP/1.1 307 Temporary Redirect"
2026-06-04 10:39:10,458 INFO httpx: HTTP Request: HEAD https://huggingface.co/datasets/Salesforce/wikitext/resolve/b08601e04326c79dfdd32d625aee71d232d685c3/wikitext.py "HTTP/1.1 404 Not Found"
2026-06-04 10:39:11,314 INFO httpx: HTTP Request: HEAD https://s3.amazonaws.com/datasets.huggingface.co/datasets/datasets/wikitext/wikitext.py "HTTP/1.1 200 OK"
2026-06-04 10:39:11,533 INFO httpx: HTTP Request: HEAD https://huggingface.co/datasets/wikitext/resolve/b08601e04326c79dfdd32d625aee71d232d685c3/.huggingface.yaml "HTTP/1.1 307 Temporary Redirect"
2026-06-04 10:39:11,751 INFO httpx: HTTP Request: HEAD https://huggingface.co/datasets/Salesforce/wikitext/resolve/b08601e04326c79dfdd32d625aee71d232d685c3/.huggingface.yaml "HTTP/1.1 404 Not Found"
2026-06-04 10:39:12,311 INFO httpx: HTTP Request: GET https://datasets-server.huggingface.co/info?dataset=wikitext "HTTP/1.1 404 Not Found"
2026-06-04 10:39:12,534 INFO httpx: HTTP Request: HEAD https://huggingface.co/datasets/wikitext/resolve/b08601e04326c79dfdd32d625aee71d232d685c3/dataset_infos.json "HTTP/1.1 307 Temporary Redirect"
2026-06-04 10:39:12,759 INFO httpx: HTTP Request: HEAD https://huggingface.co/datasets/Salesforce/wikitext/resolve/b08601e04326c79dfdd32d625aee71d232d685c3/dataset_infos.json "HTTP/1.1 404 Not Found"
2026-06-04 10:39:13,019 INFO httpx: HTTP Request: HEAD https://huggingface.co/gpt2/resolve/main/tokenizer_config.json "HTTP/1.1 200 OK"
2026-06-04 10:39:13,238 INFO httpx: HTTP Request: GET https://huggingface.co/api/models/gpt2/tree/main/additional_chat_templates?recursive=false&expand=false "HTTP/1.1 307 Temporary Redirect"
2026-06-04 10:39:14,392 INFO httpx: HTTP Request: GET https://huggingface.co/api/models/openai-community/gpt2/tree/main/additional_chat_templates?recursive=false&expand=false "HTTP/1.1 404 Not Found"
2026-06-04 10:39:14,600 INFO httpx: HTTP Request: GET https://huggingface.co/api/models/gpt2/tree/main?recursive=true&expand=false "HTTP/1.1 307 Temporary Redirect"
2026-06-04 10:39:14,824 INFO httpx: HTTP Request: GET https://huggingface.co/api/models/openai-community/gpt2/tree/main?recursive=true&expand=false "HTTP/1.1 200 OK"
2026-06-04 10:39:15,491 INFO sweep: Saved gpt2__w8a16__compile__b16__s128.json
2026-06-04 10:39:15,492 INFO sweep: Progress: 128/192
2026-06-04 10:39:15,492 INFO sweep: START: gpt2 | w8a16 | compile | batch=64 seq=128
2026-06-04 10:40:37,266 INFO httpx: HTTP Request: HEAD https://huggingface.co/datasets/wikitext/resolve/main/README.md "HTTP/1.1 307 Temporary Redirect"
2026-06-04 10:40:37,534 INFO httpx: HTTP Request: HEAD https://huggingface.co/datasets/Salesforce/wikitext/resolve/main/README.md "HTTP/1.1 307 Temporary Redirect"
2026-06-04 10:40:37,545 INFO httpx: HTTP Request: HEAD https://huggingface.co/api/resolve-cache/datasets/Salesforce/wikitext/b08601e04326c79dfdd32d625aee71d232d685c3/README.md "HTTP/1.1 200 OK"
2026-06-04 10:40:37,792 INFO httpx: HTTP Request: HEAD https://huggingface.co/datasets/wikitext/resolve/b08601e04326c79dfdd32d625aee71d232d685c3/wikitext.py "HTTP/1.1 307 Temporary Redirect"
2026-06-04 10:40:37,998 INFO httpx: HTTP Request: HEAD https://huggingface.co/datasets/Salesforce/wikitext/resolve/b08601e04326c79dfdd32d625aee71d232d685c3/wikitext.py "HTTP/1.1 404 Not Found"
2026-06-04 10:40:38,784 INFO httpx: HTTP Request: HEAD https://s3.amazonaws.com/datasets.huggingface.co/datasets/datasets/wikitext/wikitext.py "HTTP/1.1 200 OK"
2026-06-04 10:40:39,004 INFO httpx: HTTP Request: HEAD https://huggingface.co/datasets/wikitext/resolve/b08601e04326c79dfdd32d625aee71d232d685c3/.huggingface.yaml "HTTP/1.1 307 Temporary Redirect"
2026-06-04 10:40:39,240 INFO httpx: HTTP Request: HEAD https://huggingface.co/datasets/Salesforce/wikitext/resolve/b08601e04326c79dfdd32d625aee71d232d685c3/.huggingface.yaml "HTTP/1.1 404 Not Found"
2026-06-04 10:40:39,490 INFO httpx: HTTP Request: GET https://datasets-server.huggingface.co/info?dataset=wikitext "HTTP/1.1 404 Not Found"
2026-06-04 10:40:40,197 INFO httpx: HTTP Request: HEAD https://huggingface.co/datasets/wikitext/resolve/b08601e04326c79dfdd32d625aee71d232d685c3/dataset_infos.json "HTTP/1.1 307 Temporary Redirect"
2026-06-04 10:40:40,402 INFO httpx: HTTP Request: HEAD https://huggingface.co/datasets/Salesforce/wikitext/resolve/b08601e04326c79dfdd32d625aee71d232d685c3/dataset_infos.json "HTTP/1.1 404 Not Found"
2026-06-04 10:40:40,653 INFO httpx: HTTP Request: HEAD https://huggingface.co/gpt2/resolve/main/tokenizer_config.json "HTTP/1.1 200 OK"
2026-06-04 10:40:41,119 INFO httpx: HTTP Request: GET https://huggingface.co/api/models/gpt2/tree/main/additional_chat_templates?recursive=false&expand=false "HTTP/1.1 307 Temporary Redirect"
2026-06-04 10:40:41,341 INFO httpx: HTTP Request: GET https://huggingface.co/api/models/openai-community/gpt2/tree/main/additional_chat_templates?recursive=false&expand=false "HTTP/1.1 404 Not Found"
2026-06-04 10:40:41,552 INFO httpx: HTTP Request: GET https://huggingface.co/api/models/gpt2/tree/main?recursive=true&expand=false "HTTP/1.1 307 Temporary Redirect"
2026-06-04 10:40:41,765 INFO httpx: HTTP Request: GET https://huggingface.co/api/models/openai-community/gpt2/tree/main?recursive=true&expand=false "HTTP/1.1 200 OK"
2026-06-04 10:40:42,458 INFO sweep: Saved gpt2__w8a16__compile__b64__s128.json
2026-06-04 10:40:42,459 INFO sweep: Progress: 129/192
2026-06-04 10:40:42,459 INFO sweep: START: gpt2 | w4a16 | eager | batch=1 seq=128
2026-06-04 10:40:49,441 INFO httpx: HTTP Request: HEAD https://huggingface.co/datasets/wikitext/resolve/main/README.md "HTTP/1.1 307 Temporary Redirect"
2026-06-04 10:40:49,650 INFO httpx: HTTP Request: HEAD https://huggingface.co/datasets/Salesforce/wikitext/resolve/main/README.md "HTTP/1.1 307 Temporary Redirect"
2026-06-04 10:40:49,661 INFO httpx: HTTP Request: HEAD https://huggingface.co/api/resolve-cache/datasets/Salesforce/wikitext/b08601e04326c79dfdd32d625aee71d232d685c3/README.md "HTTP/1.1 200 OK"
2026-06-04 10:40:49,930 INFO httpx: HTTP Request: HEAD https://huggingface.co/datasets/wikitext/resolve/b08601e04326c79dfdd32d625aee71d232d685c3/wikitext.py "HTTP/1.1 307 Temporary Redirect"
2026-06-04 10:40:50,233 INFO httpx: HTTP Request: HEAD https://huggingface.co/datasets/Salesforce/wikitext/resolve/b08601e04326c79dfdd32d625aee71d232d685c3/wikitext.py "HTTP/1.1 404 Not Found"
2026-06-04 10:40:51,051 INFO httpx: HTTP Request: HEAD https://s3.amazonaws.com/datasets.huggingface.co/datasets/datasets/wikitext/wikitext.py "HTTP/1.1 200 OK"
2026-06-04 10:40:51,268 INFO httpx: HTTP Request: HEAD https://huggingface.co/datasets/wikitext/resolve/b08601e04326c79dfdd32d625aee71d232d685c3/.huggingface.yaml "HTTP/1.1 307 Temporary Redirect"
2026-06-04 10:40:51,486 INFO httpx: HTTP Request: HEAD https://huggingface.co/datasets/Salesforce/wikitext/resolve/b08601e04326c79dfdd32d625aee71d232d685c3/.huggingface.yaml "HTTP/1.1 404 Not Found"
2026-06-04 10:40:51,769 INFO httpx: HTTP Request: GET https://datasets-server.huggingface.co/info?dataset=wikitext "HTTP/1.1 404 Not Found"
2026-06-04 10:40:51,978 INFO httpx: HTTP Request: HEAD https://huggingface.co/datasets/wikitext/resolve/b08601e04326c79dfdd32d625aee71d232d685c3/dataset_infos.json "HTTP/1.1 307 Temporary Redirect"
2026-06-04 10:40:52,234 INFO httpx: HTTP Request: HEAD https://huggingface.co/datasets/Salesforce/wikitext/resolve/b08601e04326c79dfdd32d625aee71d232d685c3/dataset_infos.json "HTTP/1.1 404 Not Found"
2026-06-04 10:40:52,498 INFO httpx: HTTP Request: HEAD https://huggingface.co/gpt2/resolve/main/tokenizer_config.json "HTTP/1.1 200 OK"
2026-06-04 10:40:52,705 INFO httpx: HTTP Request: GET https://huggingface.co/api/models/gpt2/tree/main/additional_chat_templates?recursive=false&expand=false "HTTP/1.1 307 Temporary Redirect"
2026-06-04 10:40:52,913 INFO httpx: HTTP Request: GET https://huggingface.co/api/models/openai-community/gpt2/tree/main/additional_chat_templates?recursive=false&expand=false "HTTP/1.1 404 Not Found"
2026-06-04 10:40:53,137 INFO httpx: HTTP Request: GET https://huggingface.co/api/models/gpt2/tree/main?recursive=true&expand=false "HTTP/1.1 307 Temporary Redirect"
2026-06-04 10:40:53,346 INFO httpx: HTTP Request: GET https://huggingface.co/api/models/openai-community/gpt2/tree/main?recursive=true&expand=false "HTTP/1.1 200 OK"
2026-06-04 10:40:54,036 INFO sweep: Saved gpt2__w4a16__eager__b1__s128.json
2026-06-04 10:40:54,037 INFO sweep: Progress: 130/192
2026-06-04 10:40:54,037 INFO sweep: START: gpt2 | w4a16 | eager | batch=4 seq=128
2026-06-04 10:41:03,761 INFO httpx: HTTP Request: HEAD https://huggingface.co/datasets/wikitext/resolve/main/README.md "HTTP/1.1 307 Temporary Redirect"
2026-06-04 10:41:03,980 INFO httpx: HTTP Request: HEAD https://huggingface.co/datasets/Salesforce/wikitext/resolve/main/README.md "HTTP/1.1 307 Temporary Redirect"
2026-06-04 10:41:03,994 INFO httpx: HTTP Request: HEAD https://huggingface.co/api/resolve-cache/datasets/Salesforce/wikitext/b08601e04326c79dfdd32d625aee71d232d685c3/README.md "HTTP/1.1 200 OK"
2026-06-04 10:41:04,261 INFO httpx: HTTP Request: HEAD https://huggingface.co/datasets/wikitext/resolve/b08601e04326c79dfdd32d625aee71d232d685c3/wikitext.py "HTTP/1.1 307 Temporary Redirect"
2026-06-04 10:41:04,563 INFO httpx: HTTP Request: HEAD https://huggingface.co/datasets/Salesforce/wikitext/resolve/b08601e04326c79dfdd32d625aee71d232d685c3/wikitext.py "HTTP/1.1 404 Not Found"
2026-06-04 10:41:05,387 INFO httpx: HTTP Request: HEAD https://s3.amazonaws.com/datasets.huggingface.co/datasets/datasets/wikitext/wikitext.py "HTTP/1.1 200 OK"
2026-06-04 10:41:05,604 INFO httpx: HTTP Request: HEAD https://huggingface.co/datasets/wikitext/resolve/b08601e04326c79dfdd32d625aee71d232d685c3/.huggingface.yaml "HTTP/1.1 307 Temporary Redirect"
2026-06-04 10:41:05,811 INFO httpx: HTTP Request: HEAD https://huggingface.co/datasets/Salesforce/wikitext/resolve/b08601e04326c79dfdd32d625aee71d232d685c3/.huggingface.yaml "HTTP/1.1 404 Not Found"
2026-06-04 10:41:11,150 INFO httpx: HTTP Request: GET https://datasets-server.huggingface.co/info?dataset=wikitext "HTTP/1.1 404 Not Found"
2026-06-04 10:41:11,424 INFO httpx: HTTP Request: HEAD https://huggingface.co/datasets/wikitext/resolve/b08601e04326c79dfdd32d625aee71d232d685c3/dataset_infos.json "HTTP/1.1 307 Temporary Redirect"
2026-06-04 10:41:11,649 INFO httpx: HTTP Request: HEAD https://huggingface.co/datasets/Salesforce/wikitext/resolve/b08601e04326c79dfdd32d625aee71d232d685c3/dataset_infos.json "HTTP/1.1 404 Not Found"
2026-06-04 10:41:11,910 INFO httpx: HTTP Request: HEAD https://huggingface.co/gpt2/resolve/main/tokenizer_config.json "HTTP/1.1 200 OK"
2026-06-04 10:41:12,119 INFO httpx: HTTP Request: GET https://huggingface.co/api/models/gpt2/tree/main/additional_chat_templates?recursive=false&expand=false "HTTP/1.1 307 Temporary Redirect"
2026-06-04 10:41:12,325 INFO httpx: HTTP Request: GET https://huggingface.co/api/models/openai-community/gpt2/tree/main/additional_chat_templates?recursive=false&expand=false "HTTP/1.1 404 Not Found"
2026-06-04 10:41:12,535 INFO httpx: HTTP Request: GET https://huggingface.co/api/models/gpt2/tree/main?recursive=true&expand=false "HTTP/1.1 307 Temporary Redirect"
2026-06-04 10:41:12,743 INFO httpx: HTTP Request: GET https://huggingface.co/api/models/openai-community/gpt2/tree/main?recursive=true&expand=false "HTTP/1.1 200 OK"
2026-06-04 10:41:13,395 INFO sweep: Saved gpt2__w4a16__eager__b4__s128.json
2026-06-04 10:41:13,395 INFO sweep: Progress: 131/192
2026-06-04 10:41:13,396 INFO sweep: START: gpt2 | w4a16 | eager | batch=16 seq=128
2026-06-04 10:41:45,426 INFO httpx: HTTP Request: HEAD https://huggingface.co/datasets/wikitext/resolve/main/README.md "HTTP/1.1 307 Temporary Redirect"
2026-06-04 10:41:45,634 INFO httpx: HTTP Request: HEAD https://huggingface.co/datasets/Salesforce/wikitext/resolve/main/README.md "HTTP/1.1 307 Temporary Redirect"
2026-06-04 10:41:45,646 INFO httpx: HTTP Request: HEAD https://huggingface.co/api/resolve-cache/datasets/Salesforce/wikitext/b08601e04326c79dfdd32d625aee71d232d685c3/README.md "HTTP/1.1 200 OK"
2026-06-04 10:41:45,866 INFO httpx: HTTP Request: HEAD https://huggingface.co/datasets/wikitext/resolve/b08601e04326c79dfdd32d625aee71d232d685c3/wikitext.py "HTTP/1.1 307 Temporary Redirect"
2026-06-04 10:41:46,095 INFO httpx: HTTP Request: HEAD https://huggingface.co/datasets/Salesforce/wikitext/resolve/b08601e04326c79dfdd32d625aee71d232d685c3/wikitext.py "HTTP/1.1 404 Not Found"
2026-06-04 10:41:46,862 INFO httpx: HTTP Request: HEAD https://s3.amazonaws.com/datasets.huggingface.co/datasets/datasets/wikitext/wikitext.py "HTTP/1.1 200 OK"
2026-06-04 10:41:47,093 INFO httpx: HTTP Request: HEAD https://huggingface.co/datasets/wikitext/resolve/b08601e04326c79dfdd32d625aee71d232d685c3/.huggingface.yaml "HTTP/1.1 307 Temporary Redirect"
2026-06-04 10:41:47,300 INFO httpx: HTTP Request: HEAD https://huggingface.co/datasets/Salesforce/wikitext/resolve/b08601e04326c79dfdd32d625aee71d232d685c3/.huggingface.yaml "HTTP/1.1 404 Not Found"
2026-06-04 10:41:47,571 INFO httpx: HTTP Request: GET https://datasets-server.huggingface.co/info?dataset=wikitext "HTTP/1.1 404 Not Found"
2026-06-04 10:41:47,804 INFO httpx: HTTP Request: HEAD https://huggingface.co/datasets/wikitext/resolve/b08601e04326c79dfdd32d625aee71d232d685c3/dataset_infos.json "HTTP/1.1 307 Temporary Redirect"
2026-06-04 10:41:48,022 INFO httpx: HTTP Request: HEAD https://huggingface.co/datasets/Salesforce/wikitext/resolve/b08601e04326c79dfdd32d625aee71d232d685c3/dataset_infos.json "HTTP/1.1 404 Not Found"
2026-06-04 10:41:48,270 INFO httpx: HTTP Request: HEAD https://huggingface.co/gpt2/resolve/main/tokenizer_config.json "HTTP/1.1 200 OK"
2026-06-04 10:41:48,480 INFO httpx: HTTP Request: GET https://huggingface.co/api/models/gpt2/tree/main/additional_chat_templates?recursive=false&expand=false "HTTP/1.1 307 Temporary Redirect"
2026-06-04 10:41:48,804 INFO httpx: HTTP Request: GET https://huggingface.co/api/models/openai-community/gpt2/tree/main/additional_chat_templates?recursive=false&expand=false "HTTP/1.1 404 Not Found"
2026-06-04 10:41:49,060 INFO httpx: HTTP Request: GET https://huggingface.co/api/models/gpt2/tree/main?recursive=true&expand=false "HTTP/1.1 307 Temporary Redirect"
2026-06-04 10:41:49,271 INFO httpx: HTTP Request: GET https://huggingface.co/api/models/openai-community/gpt2/tree/main?recursive=true&expand=false "HTTP/1.1 200 OK"
2026-06-04 10:41:49,924 INFO sweep: Saved gpt2__w4a16__eager__b16__s128.json
2026-06-04 10:41:49,924 INFO sweep: Progress: 132/192
2026-06-04 10:41:49,924 INFO sweep: START: gpt2 | w4a16 | eager | batch=64 seq=128
2026-06-04 10:43:11,151 INFO httpx: HTTP Request: HEAD https://huggingface.co/datasets/wikitext/resolve/main/README.md "HTTP/1.1 307 Temporary Redirect"
2026-06-04 10:43:11,399 INFO httpx: HTTP Request: HEAD https://huggingface.co/datasets/Salesforce/wikitext/resolve/main/README.md "HTTP/1.1 307 Temporary Redirect"
2026-06-04 10:43:11,410 INFO httpx: HTTP Request: HEAD https://huggingface.co/api/resolve-cache/datasets/Salesforce/wikitext/b08601e04326c79dfdd32d625aee71d232d685c3/README.md "HTTP/1.1 200 OK"
2026-06-04 10:43:11,858 INFO httpx: HTTP Request: HEAD https://huggingface.co/datasets/wikitext/resolve/b08601e04326c79dfdd32d625aee71d232d685c3/wikitext.py "HTTP/1.1 307 Temporary Redirect"
2026-06-04 10:43:12,079 INFO httpx: HTTP Request: HEAD https://huggingface.co/datasets/Salesforce/wikitext/resolve/b08601e04326c79dfdd32d625aee71d232d685c3/wikitext.py "HTTP/1.1 404 Not Found"
2026-06-04 10:43:12,946 INFO httpx: HTTP Request: HEAD https://s3.amazonaws.com/datasets.huggingface.co/datasets/datasets/wikitext/wikitext.py "HTTP/1.1 200 OK"
2026-06-04 10:43:13,388 INFO httpx: HTTP Request: HEAD https://huggingface.co/datasets/wikitext/resolve/b08601e04326c79dfdd32d625aee71d232d685c3/.huggingface.yaml "HTTP/1.1 307 Temporary Redirect"
2026-06-04 10:43:13,610 INFO httpx: HTTP Request: HEAD https://huggingface.co/datasets/Salesforce/wikitext/resolve/b08601e04326c79dfdd32d625aee71d232d685c3/.huggingface.yaml "HTTP/1.1 404 Not Found"
2026-06-04 10:43:13,899 INFO httpx: HTTP Request: GET https://datasets-server.huggingface.co/info?dataset=wikitext "HTTP/1.1 404 Not Found"
2026-06-04 10:43:14,109 INFO httpx: HTTP Request: HEAD https://huggingface.co/datasets/wikitext/resolve/b08601e04326c79dfdd32d625aee71d232d685c3/dataset_infos.json "HTTP/1.1 307 Temporary Redirect"
2026-06-04 10:43:14,315 INFO httpx: HTTP Request: HEAD https://huggingface.co/datasets/Salesforce/wikitext/resolve/b08601e04326c79dfdd32d625aee71d232d685c3/dataset_infos.json "HTTP/1.1 404 Not Found"
2026-06-04 10:43:14,574 INFO httpx: HTTP Request: HEAD https://huggingface.co/gpt2/resolve/main/tokenizer_config.json "HTTP/1.1 200 OK"
2026-06-04 10:43:14,785 INFO httpx: HTTP Request: GET https://huggingface.co/api/models/gpt2/tree/main/additional_chat_templates?recursive=false&expand=false "HTTP/1.1 307 Temporary Redirect"
2026-06-04 10:43:14,994 INFO httpx: HTTP Request: GET https://huggingface.co/api/models/openai-community/gpt2/tree/main/additional_chat_templates?recursive=false&expand=false "HTTP/1.1 404 Not Found"
2026-06-04 10:43:15,200 INFO httpx: HTTP Request: GET https://huggingface.co/api/models/gpt2/tree/main?recursive=true&expand=false "HTTP/1.1 307 Temporary Redirect"
2026-06-04 10:43:15,411 INFO httpx: HTTP Request: GET https://huggingface.co/api/models/openai-community/gpt2/tree/main?recursive=true&expand=false "HTTP/1.1 200 OK"
2026-06-04 10:43:16,095 INFO sweep: Saved gpt2__w4a16__eager__b64__s128.json
2026-06-04 10:43:16,095 INFO sweep: Progress: 133/192
2026-06-04 10:43:16,095 INFO sweep: START: gpt2 | w4a16 | compile | batch=1 seq=128
2026-06-04 10:43:25,383 INFO httpx: HTTP Request: HEAD https://huggingface.co/datasets/wikitext/resolve/main/README.md "HTTP/1.1 307 Temporary Redirect"
2026-06-04 10:43:25,602 INFO httpx: HTTP Request: HEAD https://huggingface.co/datasets/Salesforce/wikitext/resolve/main/README.md "HTTP/1.1 307 Temporary Redirect"
2026-06-04 10:43:25,613 INFO httpx: HTTP Request: HEAD https://huggingface.co/api/resolve-cache/datasets/Salesforce/wikitext/b08601e04326c79dfdd32d625aee71d232d685c3/README.md "HTTP/1.1 200 OK"
2026-06-04 10:43:25,819 INFO httpx: HTTP Request: HEAD https://huggingface.co/datasets/wikitext/resolve/b08601e04326c79dfdd32d625aee71d232d685c3/wikitext.py "HTTP/1.1 307 Temporary Redirect"
2026-06-04 10:43:26,041 INFO httpx: HTTP Request: HEAD https://huggingface.co/datasets/Salesforce/wikitext/resolve/b08601e04326c79dfdd32d625aee71d232d685c3/wikitext.py "HTTP/1.1 404 Not Found"
2026-06-04 10:43:26,824 INFO httpx: HTTP Request: HEAD https://s3.amazonaws.com/datasets.huggingface.co/datasets/datasets/wikitext/wikitext.py "HTTP/1.1 200 OK"
2026-06-04 10:43:27,042 INFO httpx: HTTP Request: HEAD https://huggingface.co/datasets/wikitext/resolve/b08601e04326c79dfdd32d625aee71d232d685c3/.huggingface.yaml "HTTP/1.1 307 Temporary Redirect"
2026-06-04 10:43:27,273 INFO httpx: HTTP Request: HEAD https://huggingface.co/datasets/Salesforce/wikitext/resolve/b08601e04326c79dfdd32d625aee71d232d685c3/.huggingface.yaml "HTTP/1.1 404 Not Found"
2026-06-04 10:43:27,530 INFO httpx: HTTP Request: GET https://datasets-server.huggingface.co/info?dataset=wikitext "HTTP/1.1 404 Not Found"
2026-06-04 10:43:27,740 INFO httpx: HTTP Request: HEAD https://huggingface.co/datasets/wikitext/resolve/b08601e04326c79dfdd32d625aee71d232d685c3/dataset_infos.json "HTTP/1.1 307 Temporary Redirect"
2026-06-04 10:43:27,948 INFO httpx: HTTP Request: HEAD https://huggingface.co/datasets/Salesforce/wikitext/resolve/b08601e04326c79dfdd32d625aee71d232d685c3/dataset_infos.json "HTTP/1.1 404 Not Found"
2026-06-04 10:43:28,196 INFO httpx: HTTP Request: HEAD https://huggingface.co/gpt2/resolve/main/tokenizer_config.json "HTTP/1.1 200 OK"
2026-06-04 10:43:28,403 INFO httpx: HTTP Request: GET https://huggingface.co/api/models/gpt2/tree/main/additional_chat_templates?recursive=false&expand=false "HTTP/1.1 307 Temporary Redirect"
2026-06-04 10:43:28,610 INFO httpx: HTTP Request: GET https://huggingface.co/api/models/openai-community/gpt2/tree/main/additional_chat_templates?recursive=false&expand=false "HTTP/1.1 404 Not Found"
2026-06-04 10:43:28,831 INFO httpx: HTTP Request: GET https://huggingface.co/api/models/gpt2/tree/main?recursive=true&expand=false "HTTP/1.1 307 Temporary Redirect"
2026-06-04 10:43:29,043 INFO httpx: HTTP Request: GET https://huggingface.co/api/models/openai-community/gpt2/tree/main?recursive=true&expand=false "HTTP/1.1 200 OK"
2026-06-04 10:43:29,693 INFO sweep: Saved gpt2__w4a16__compile__b1__s128.json
2026-06-04 10:43:29,694 INFO sweep: Progress: 134/192
2026-06-04 10:43:29,694 INFO sweep: START: gpt2 | w4a16 | compile | batch=4 seq=128
2026-06-04 10:43:39,457 INFO httpx: HTTP Request: HEAD https://huggingface.co/datasets/wikitext/resolve/main/README.md "HTTP/1.1 307 Temporary Redirect"
2026-06-04 10:43:39,700 INFO httpx: HTTP Request: HEAD https://huggingface.co/datasets/Salesforce/wikitext/resolve/main/README.md "HTTP/1.1 307 Temporary Redirect"
2026-06-04 10:43:39,713 INFO httpx: HTTP Request: HEAD https://huggingface.co/api/resolve-cache/datasets/Salesforce/wikitext/b08601e04326c79dfdd32d625aee71d232d685c3/README.md "HTTP/1.1 200 OK"
2026-06-04 10:43:39,939 INFO httpx: HTTP Request: HEAD https://huggingface.co/datasets/wikitext/resolve/b08601e04326c79dfdd32d625aee71d232d685c3/wikitext.py "HTTP/1.1 307 Temporary Redirect"
2026-06-04 10:43:40,146 INFO httpx: HTTP Request: HEAD https://huggingface.co/datasets/Salesforce/wikitext/resolve/b08601e04326c79dfdd32d625aee71d232d685c3/wikitext.py "HTTP/1.1 404 Not Found"
2026-06-04 10:43:40,943 INFO httpx: HTTP Request: HEAD https://s3.amazonaws.com/datasets.huggingface.co/datasets/datasets/wikitext/wikitext.py "HTTP/1.1 200 OK"
2026-06-04 10:43:41,173 INFO httpx: HTTP Request: HEAD https://huggingface.co/datasets/wikitext/resolve/b08601e04326c79dfdd32d625aee71d232d685c3/.huggingface.yaml "HTTP/1.1 307 Temporary Redirect"
2026-06-04 10:43:41,381 INFO httpx: HTTP Request: HEAD https://huggingface.co/datasets/Salesforce/wikitext/resolve/b08601e04326c79dfdd32d625aee71d232d685c3/.huggingface.yaml "HTTP/1.1 404 Not Found"
2026-06-04 10:43:41,854 INFO httpx: HTTP Request: GET https://datasets-server.huggingface.co/info?dataset=wikitext "HTTP/1.1 404 Not Found"
2026-06-04 10:43:42,065 INFO httpx: HTTP Request: HEAD https://huggingface.co/datasets/wikitext/resolve/b08601e04326c79dfdd32d625aee71d232d685c3/dataset_infos.json "HTTP/1.1 307 Temporary Redirect"
2026-06-04 10:43:42,271 INFO httpx: HTTP Request: HEAD https://huggingface.co/datasets/Salesforce/wikitext/resolve/b08601e04326c79dfdd32d625aee71d232d685c3/dataset_infos.json "HTTP/1.1 404 Not Found"
2026-06-04 10:43:42,550 INFO httpx: HTTP Request: HEAD https://huggingface.co/gpt2/resolve/main/tokenizer_config.json "HTTP/1.1 200 OK"
2026-06-04 10:43:42,757 INFO httpx: HTTP Request: GET https://huggingface.co/api/models/gpt2/tree/main/additional_chat_templates?recursive=false&expand=false "HTTP/1.1 307 Temporary Redirect"
2026-06-04 10:43:42,969 INFO httpx: HTTP Request: GET https://huggingface.co/api/models/openai-community/gpt2/tree/main/additional_chat_templates?recursive=false&expand=false "HTTP/1.1 404 Not Found"
2026-06-04 10:43:43,193 INFO httpx: HTTP Request: GET https://huggingface.co/api/models/gpt2/tree/main?recursive=true&expand=false "HTTP/1.1 307 Temporary Redirect"
2026-06-04 10:43:43,403 INFO httpx: HTTP Request: GET https://huggingface.co/api/models/openai-community/gpt2/tree/main?recursive=true&expand=false "HTTP/1.1 200 OK"
2026-06-04 10:43:44,072 INFO sweep: Saved gpt2__w4a16__compile__b4__s128.json
2026-06-04 10:43:44,073 INFO sweep: Progress: 135/192
2026-06-04 10:43:44,073 INFO sweep: START: gpt2 | w4a16 | compile | batch=16 seq=128
2026-06-04 10:44:18,124 INFO httpx: HTTP Request: HEAD https://huggingface.co/datasets/wikitext/resolve/main/README.md "HTTP/1.1 307 Temporary Redirect"
2026-06-04 10:44:18,352 INFO httpx: HTTP Request: HEAD https://huggingface.co/datasets/Salesforce/wikitext/resolve/main/README.md "HTTP/1.1 307 Temporary Redirect"
2026-06-04 10:44:18,364 INFO httpx: HTTP Request: HEAD https://huggingface.co/api/resolve-cache/datasets/Salesforce/wikitext/b08601e04326c79dfdd32d625aee71d232d685c3/README.md "HTTP/1.1 200 OK"
2026-06-04 10:44:18,821 INFO httpx: HTTP Request: HEAD https://huggingface.co/datasets/wikitext/resolve/b08601e04326c79dfdd32d625aee71d232d685c3/wikitext.py "HTTP/1.1 307 Temporary Redirect"
2026-06-04 10:44:19,030 INFO httpx: HTTP Request: HEAD https://huggingface.co/datasets/Salesforce/wikitext/resolve/b08601e04326c79dfdd32d625aee71d232d685c3/wikitext.py "HTTP/1.1 404 Not Found"
2026-06-04 10:44:19,802 INFO httpx: HTTP Request: HEAD https://s3.amazonaws.com/datasets.huggingface.co/datasets/datasets/wikitext/wikitext.py "HTTP/1.1 200 OK"
2026-06-04 10:44:20,050 INFO httpx: HTTP Request: HEAD https://huggingface.co/datasets/wikitext/resolve/b08601e04326c79dfdd32d625aee71d232d685c3/.huggingface.yaml "HTTP/1.1 307 Temporary Redirect"
2026-06-04 10:44:20,289 INFO httpx: HTTP Request: HEAD https://huggingface.co/datasets/Salesforce/wikitext/resolve/b08601e04326c79dfdd32d625aee71d232d685c3/.huggingface.yaml "HTTP/1.1 404 Not Found"
2026-06-04 10:44:20,561 INFO httpx: HTTP Request: GET https://datasets-server.huggingface.co/info?dataset=wikitext "HTTP/1.1 404 Not Found"
2026-06-04 10:44:20,782 INFO httpx: HTTP Request: HEAD https://huggingface.co/datasets/wikitext/resolve/b08601e04326c79dfdd32d625aee71d232d685c3/dataset_infos.json "HTTP/1.1 307 Temporary Redirect"
2026-06-04 10:44:20,991 INFO httpx: HTTP Request: HEAD https://huggingface.co/datasets/Salesforce/wikitext/resolve/b08601e04326c79dfdd32d625aee71d232d685c3/dataset_infos.json "HTTP/1.1 404 Not Found"
2026-06-04 10:44:21,267 INFO httpx: HTTP Request: HEAD https://huggingface.co/gpt2/resolve/main/tokenizer_config.json "HTTP/1.1 200 OK"
2026-06-04 10:44:21,478 INFO httpx: HTTP Request: GET https://huggingface.co/api/models/gpt2/tree/main/additional_chat_templates?recursive=false&expand=false "HTTP/1.1 307 Temporary Redirect"
2026-06-04 10:44:21,702 INFO httpx: HTTP Request: GET https://huggingface.co/api/models/openai-community/gpt2/tree/main/additional_chat_templates?recursive=false&expand=false "HTTP/1.1 404 Not Found"
2026-06-04 10:44:21,926 INFO httpx: HTTP Request: GET https://huggingface.co/api/models/gpt2/tree/main?recursive=true&expand=false "HTTP/1.1 307 Temporary Redirect"
2026-06-04 10:44:22,159 INFO httpx: HTTP Request: GET https://huggingface.co/api/models/openai-community/gpt2/tree/main?recursive=true&expand=false "HTTP/1.1 200 OK"
2026-06-04 10:44:22,819 INFO sweep: Saved gpt2__w4a16__compile__b16__s128.json
2026-06-04 10:44:22,820 INFO sweep: Progress: 136/192
2026-06-04 10:44:22,820 INFO sweep: START: gpt2 | w4a16 | compile | batch=64 seq=128
2026-06-04 10:45:44,335 INFO httpx: HTTP Request: HEAD https://huggingface.co/datasets/wikitext/resolve/main/README.md "HTTP/1.1 307 Temporary Redirect"
2026-06-04 10:45:44,558 INFO httpx: HTTP Request: HEAD https://huggingface.co/datasets/Salesforce/wikitext/resolve/main/README.md "HTTP/1.1 307 Temporary Redirect"
2026-06-04 10:45:44,569 INFO httpx: HTTP Request: HEAD https://huggingface.co/api/resolve-cache/datasets/Salesforce/wikitext/b08601e04326c79dfdd32d625aee71d232d685c3/README.md "HTTP/1.1 200 OK"
2026-06-04 10:45:45,685 INFO httpx: HTTP Request: HEAD https://huggingface.co/datasets/wikitext/resolve/b08601e04326c79dfdd32d625aee71d232d685c3/wikitext.py "HTTP/1.1 307 Temporary Redirect"
2026-06-04 10:45:45,892 INFO httpx: HTTP Request: HEAD https://huggingface.co/datasets/Salesforce/wikitext/resolve/b08601e04326c79dfdd32d625aee71d232d685c3/wikitext.py "HTTP/1.1 404 Not Found"
2026-06-04 10:45:46,749 INFO httpx: HTTP Request: HEAD https://s3.amazonaws.com/datasets.huggingface.co/datasets/datasets/wikitext/wikitext.py "HTTP/1.1 200 OK"
2026-06-04 10:45:46,989 INFO httpx: HTTP Request: HEAD https://huggingface.co/datasets/wikitext/resolve/b08601e04326c79dfdd32d625aee71d232d685c3/.huggingface.yaml "HTTP/1.1 307 Temporary Redirect"
2026-06-04 10:45:47,195 INFO httpx: HTTP Request: HEAD https://huggingface.co/datasets/Salesforce/wikitext/resolve/b08601e04326c79dfdd32d625aee71d232d685c3/.huggingface.yaml "HTTP/1.1 404 Not Found"
2026-06-04 10:45:47,450 INFO httpx: HTTP Request: GET https://datasets-server.huggingface.co/info?dataset=wikitext "HTTP/1.1 404 Not Found"
2026-06-04 10:45:47,700 INFO httpx: HTTP Request: HEAD https://huggingface.co/datasets/wikitext/resolve/b08601e04326c79dfdd32d625aee71d232d685c3/dataset_infos.json "HTTP/1.1 307 Temporary Redirect"
2026-06-04 10:45:47,929 INFO httpx: HTTP Request: HEAD https://huggingface.co/datasets/Salesforce/wikitext/resolve/b08601e04326c79dfdd32d625aee71d232d685c3/dataset_infos.json "HTTP/1.1 404 Not Found"
2026-06-04 10:45:48,425 INFO httpx: HTTP Request: HEAD https://huggingface.co/gpt2/resolve/main/tokenizer_config.json "HTTP/1.1 200 OK"
2026-06-04 10:45:48,637 INFO httpx: HTTP Request: GET https://huggingface.co/api/models/gpt2/tree/main/additional_chat_templates?recursive=false&expand=false "HTTP/1.1 307 Temporary Redirect"
2026-06-04 10:45:48,857 INFO httpx: HTTP Request: GET https://huggingface.co/api/models/openai-community/gpt2/tree/main/additional_chat_templates?recursive=false&expand=false "HTTP/1.1 404 Not Found"
2026-06-04 10:45:49,064 INFO httpx: HTTP Request: GET https://huggingface.co/api/models/gpt2/tree/main?recursive=true&expand=false "HTTP/1.1 307 Temporary Redirect"
2026-06-04 10:45:49,292 INFO httpx: HTTP Request: GET https://huggingface.co/api/models/openai-community/gpt2/tree/main?recursive=true&expand=false "HTTP/1.1 200 OK"
2026-06-04 10:45:49,940 INFO sweep: Saved gpt2__w4a16__compile__b64__s128.json
2026-06-04 10:45:49,941 INFO sweep: Progress: 137/192
2026-06-04 10:45:49,941 INFO sweep: START: gpt2 | w8a8 | eager | batch=1 seq=128
2026-06-04 10:45:56,978 INFO httpx: HTTP Request: HEAD https://huggingface.co/datasets/wikitext/resolve/main/README.md "HTTP/1.1 307 Temporary Redirect"
2026-06-04 10:45:57,228 INFO httpx: HTTP Request: HEAD https://huggingface.co/datasets/Salesforce/wikitext/resolve/main/README.md "HTTP/1.1 307 Temporary Redirect"
2026-06-04 10:45:57,239 INFO httpx: HTTP Request: HEAD https://huggingface.co/api/resolve-cache/datasets/Salesforce/wikitext/b08601e04326c79dfdd32d625aee71d232d685c3/README.md "HTTP/1.1 200 OK"
2026-06-04 10:45:57,469 INFO httpx: HTTP Request: HEAD https://huggingface.co/datasets/wikitext/resolve/b08601e04326c79dfdd32d625aee71d232d685c3/wikitext.py "HTTP/1.1 307 Temporary Redirect"
2026-06-04 10:45:57,717 INFO httpx: HTTP Request: HEAD https://huggingface.co/datasets/Salesforce/wikitext/resolve/b08601e04326c79dfdd32d625aee71d232d685c3/wikitext.py "HTTP/1.1 404 Not Found"
2026-06-04 10:45:58,559 INFO httpx: HTTP Request: HEAD https://s3.amazonaws.com/datasets.huggingface.co/datasets/datasets/wikitext/wikitext.py "HTTP/1.1 200 OK"
2026-06-04 10:45:58,787 INFO httpx: HTTP Request: HEAD https://huggingface.co/datasets/wikitext/resolve/b08601e04326c79dfdd32d625aee71d232d685c3/.huggingface.yaml "HTTP/1.1 307 Temporary Redirect"
2026-06-04 10:45:58,993 INFO httpx: HTTP Request: HEAD https://huggingface.co/datasets/Salesforce/wikitext/resolve/b08601e04326c79dfdd32d625aee71d232d685c3/.huggingface.yaml "HTTP/1.1 404 Not Found"
2026-06-04 10:45:59,385 INFO httpx: HTTP Request: GET https://datasets-server.huggingface.co/info?dataset=wikitext "HTTP/1.1 404 Not Found"
2026-06-04 10:45:59,595 INFO httpx: HTTP Request: HEAD https://huggingface.co/datasets/wikitext/resolve/b08601e04326c79dfdd32d625aee71d232d685c3/dataset_infos.json "HTTP/1.1 307 Temporary Redirect"
2026-06-04 10:45:59,817 INFO httpx: HTTP Request: HEAD https://huggingface.co/datasets/Salesforce/wikitext/resolve/b08601e04326c79dfdd32d625aee71d232d685c3/dataset_infos.json "HTTP/1.1 404 Not Found"
2026-06-04 10:46:00,070 INFO httpx: HTTP Request: HEAD https://huggingface.co/gpt2/resolve/main/tokenizer_config.json "HTTP/1.1 200 OK"
2026-06-04 10:46:00,284 INFO httpx: HTTP Request: GET https://huggingface.co/api/models/gpt2/tree/main/additional_chat_templates?recursive=false&expand=false "HTTP/1.1 307 Temporary Redirect"
2026-06-04 10:46:00,733 INFO httpx: HTTP Request: GET https://huggingface.co/api/models/openai-community/gpt2/tree/main/additional_chat_templates?recursive=false&expand=false "HTTP/1.1 404 Not Found"
2026-06-04 10:46:00,954 INFO httpx: HTTP Request: GET https://huggingface.co/api/models/gpt2/tree/main?recursive=true&expand=false "HTTP/1.1 307 Temporary Redirect"
2026-06-04 10:46:01,166 INFO httpx: HTTP Request: GET https://huggingface.co/api/models/openai-community/gpt2/tree/main?recursive=true&expand=false "HTTP/1.1 200 OK"
2026-06-04 10:46:01,839 INFO sweep: Saved gpt2__w8a8__eager__b1__s128.json
2026-06-04 10:46:01,844 INFO sweep: Progress: 138/192
2026-06-04 10:46:01,844 INFO sweep: START: gpt2 | w8a8 | eager | batch=4 seq=128
2026-06-04 10:46:11,703 INFO httpx: HTTP Request: HEAD https://huggingface.co/datasets/wikitext/resolve/main/README.md "HTTP/1.1 307 Temporary Redirect"
2026-06-04 10:46:11,911 INFO httpx: HTTP Request: HEAD https://huggingface.co/datasets/Salesforce/wikitext/resolve/main/README.md "HTTP/1.1 307 Temporary Redirect"
2026-06-04 10:46:11,922 INFO httpx: HTTP Request: HEAD https://huggingface.co/api/resolve-cache/datasets/Salesforce/wikitext/b08601e04326c79dfdd32d625aee71d232d685c3/README.md "HTTP/1.1 200 OK"
2026-06-04 10:46:12,179 INFO httpx: HTTP Request: HEAD https://huggingface.co/datasets/wikitext/resolve/b08601e04326c79dfdd32d625aee71d232d685c3/wikitext.py "HTTP/1.1 307 Temporary Redirect"
2026-06-04 10:46:12,402 INFO httpx: HTTP Request: HEAD https://huggingface.co/datasets/Salesforce/wikitext/resolve/b08601e04326c79dfdd32d625aee71d232d685c3/wikitext.py "HTTP/1.1 404 Not Found"
2026-06-04 10:46:13,293 INFO httpx: HTTP Request: HEAD https://s3.amazonaws.com/datasets.huggingface.co/datasets/datasets/wikitext/wikitext.py "HTTP/1.1 200 OK"
2026-06-04 10:46:13,524 INFO httpx: HTTP Request: HEAD https://huggingface.co/datasets/wikitext/resolve/b08601e04326c79dfdd32d625aee71d232d685c3/.huggingface.yaml "HTTP/1.1 307 Temporary Redirect"
2026-06-04 10:46:13,798 INFO httpx: HTTP Request: HEAD https://huggingface.co/datasets/Salesforce/wikitext/resolve/b08601e04326c79dfdd32d625aee71d232d685c3/.huggingface.yaml "HTTP/1.1 404 Not Found"
2026-06-04 10:46:14,088 INFO httpx: HTTP Request: GET https://datasets-server.huggingface.co/info?dataset=wikitext "HTTP/1.1 404 Not Found"
2026-06-04 10:46:14,294 INFO httpx: HTTP Request: HEAD https://huggingface.co/datasets/wikitext/resolve/b08601e04326c79dfdd32d625aee71d232d685c3/dataset_infos.json "HTTP/1.1 307 Temporary Redirect"
2026-06-04 10:46:14,519 INFO httpx: HTTP Request: HEAD https://huggingface.co/datasets/Salesforce/wikitext/resolve/b08601e04326c79dfdd32d625aee71d232d685c3/dataset_infos.json "HTTP/1.1 404 Not Found"
2026-06-04 10:46:14,767 INFO httpx: HTTP Request: HEAD https://huggingface.co/gpt2/resolve/main/tokenizer_config.json "HTTP/1.1 200 OK"
2026-06-04 10:46:14,992 INFO httpx: HTTP Request: GET https://huggingface.co/api/models/gpt2/tree/main/additional_chat_templates?recursive=false&expand=false "HTTP/1.1 307 Temporary Redirect"
2026-06-04 10:46:15,211 INFO httpx: HTTP Request: GET https://huggingface.co/api/models/openai-community/gpt2/tree/main/additional_chat_templates?recursive=false&expand=false "HTTP/1.1 404 Not Found"
2026-06-04 10:46:15,434 INFO httpx: HTTP Request: GET https://huggingface.co/api/models/gpt2/tree/main?recursive=true&expand=false "HTTP/1.1 307 Temporary Redirect"
2026-06-04 10:46:15,643 INFO httpx: HTTP Request: GET https://huggingface.co/api/models/openai-community/gpt2/tree/main?recursive=true&expand=false "HTTP/1.1 200 OK"
2026-06-04 10:46:16,307 INFO sweep: Saved gpt2__w8a8__eager__b4__s128.json
2026-06-04 10:46:16,307 INFO sweep: Progress: 139/192
2026-06-04 10:46:16,307 INFO sweep: START: gpt2 | w8a8 | eager | batch=16 seq=128
2026-06-04 10:46:54,778 INFO httpx: HTTP Request: HEAD https://huggingface.co/datasets/wikitext/resolve/main/README.md "HTTP/1.1 307 Temporary Redirect"
2026-06-04 10:46:54,986 INFO httpx: HTTP Request: HEAD https://huggingface.co/datasets/Salesforce/wikitext/resolve/main/README.md "HTTP/1.1 307 Temporary Redirect"
2026-06-04 10:46:55,002 INFO httpx: HTTP Request: HEAD https://huggingface.co/api/resolve-cache/datasets/Salesforce/wikitext/b08601e04326c79dfdd32d625aee71d232d685c3/README.md "HTTP/1.1 200 OK"
2026-06-04 10:46:55,229 INFO httpx: HTTP Request: HEAD https://huggingface.co/datasets/wikitext/resolve/b08601e04326c79dfdd32d625aee71d232d685c3/wikitext.py "HTTP/1.1 307 Temporary Redirect"
2026-06-04 10:46:55,464 INFO httpx: HTTP Request: HEAD https://huggingface.co/datasets/Salesforce/wikitext/resolve/b08601e04326c79dfdd32d625aee71d232d685c3/wikitext.py "HTTP/1.1 404 Not Found"
2026-06-04 10:46:56,313 INFO httpx: HTTP Request: HEAD https://s3.amazonaws.com/datasets.huggingface.co/datasets/datasets/wikitext/wikitext.py "HTTP/1.1 200 OK"
2026-06-04 10:46:56,541 INFO httpx: HTTP Request: HEAD https://huggingface.co/datasets/wikitext/resolve/b08601e04326c79dfdd32d625aee71d232d685c3/.huggingface.yaml "HTTP/1.1 307 Temporary Redirect"
2026-06-04 10:46:56,792 INFO httpx: HTTP Request: HEAD https://huggingface.co/datasets/Salesforce/wikitext/resolve/b08601e04326c79dfdd32d625aee71d232d685c3/.huggingface.yaml "HTTP/1.1 404 Not Found"
2026-06-04 10:46:57,050 INFO httpx: HTTP Request: GET https://datasets-server.huggingface.co/info?dataset=wikitext "HTTP/1.1 404 Not Found"
2026-06-04 10:46:57,261 INFO httpx: HTTP Request: HEAD https://huggingface.co/datasets/wikitext/resolve/b08601e04326c79dfdd32d625aee71d232d685c3/dataset_infos.json "HTTP/1.1 307 Temporary Redirect"
2026-06-04 10:46:57,480 INFO httpx: HTTP Request: HEAD https://huggingface.co/datasets/Salesforce/wikitext/resolve/b08601e04326c79dfdd32d625aee71d232d685c3/dataset_infos.json "HTTP/1.1 404 Not Found"
2026-06-04 10:46:57,743 INFO httpx: HTTP Request: HEAD https://huggingface.co/gpt2/resolve/main/tokenizer_config.json "HTTP/1.1 200 OK"
2026-06-04 10:46:57,952 INFO httpx: HTTP Request: GET https://huggingface.co/api/models/gpt2/tree/main/additional_chat_templates?recursive=false&expand=false "HTTP/1.1 307 Temporary Redirect"
2026-06-04 10:46:58,165 INFO httpx: HTTP Request: GET https://huggingface.co/api/models/openai-community/gpt2/tree/main/additional_chat_templates?recursive=false&expand=false "HTTP/1.1 404 Not Found"
2026-06-04 10:46:58,384 INFO httpx: HTTP Request: GET https://huggingface.co/api/models/gpt2/tree/main?recursive=true&expand=false "HTTP/1.1 307 Temporary Redirect"
2026-06-04 10:46:58,611 INFO httpx: HTTP Request: GET https://huggingface.co/api/models/openai-community/gpt2/tree/main?recursive=true&expand=false "HTTP/1.1 200 OK"
2026-06-04 10:46:59,277 INFO sweep: Saved gpt2__w8a8__eager__b16__s128.json
2026-06-04 10:46:59,277 INFO sweep: Progress: 140/192
2026-06-04 10:46:59,277 INFO sweep: START: gpt2 | w8a8 | eager | batch=64 seq=128
2026-06-04 10:48:20,794 INFO httpx: HTTP Request: HEAD https://huggingface.co/datasets/wikitext/resolve/main/README.md "HTTP/1.1 307 Temporary Redirect"
2026-06-04 10:48:21,019 INFO httpx: HTTP Request: HEAD https://huggingface.co/datasets/Salesforce/wikitext/resolve/main/README.md "HTTP/1.1 307 Temporary Redirect"
2026-06-04 10:48:21,030 INFO httpx: HTTP Request: HEAD https://huggingface.co/api/resolve-cache/datasets/Salesforce/wikitext/b08601e04326c79dfdd32d625aee71d232d685c3/README.md "HTTP/1.1 200 OK"
2026-06-04 10:48:21,253 INFO httpx: HTTP Request: HEAD https://huggingface.co/datasets/wikitext/resolve/b08601e04326c79dfdd32d625aee71d232d685c3/wikitext.py "HTTP/1.1 307 Temporary Redirect"
2026-06-04 10:48:21,475 INFO httpx: HTTP Request: HEAD https://huggingface.co/datasets/Salesforce/wikitext/resolve/b08601e04326c79dfdd32d625aee71d232d685c3/wikitext.py "HTTP/1.1 404 Not Found"
2026-06-04 10:48:22,331 INFO httpx: HTTP Request: HEAD https://s3.amazonaws.com/datasets.huggingface.co/datasets/datasets/wikitext/wikitext.py "HTTP/1.1 200 OK"
2026-06-04 10:48:22,556 INFO httpx: HTTP Request: HEAD https://huggingface.co/datasets/wikitext/resolve/b08601e04326c79dfdd32d625aee71d232d685c3/.huggingface.yaml "HTTP/1.1 307 Temporary Redirect"
2026-06-04 10:48:22,842 INFO httpx: HTTP Request: HEAD https://huggingface.co/datasets/Salesforce/wikitext/resolve/b08601e04326c79dfdd32d625aee71d232d685c3/.huggingface.yaml "HTTP/1.1 404 Not Found"
2026-06-04 10:48:23,154 INFO httpx: HTTP Request: GET https://datasets-server.huggingface.co/info?dataset=wikitext "HTTP/1.1 404 Not Found"
2026-06-04 10:48:23,378 INFO httpx: HTTP Request: HEAD https://huggingface.co/datasets/wikitext/resolve/b08601e04326c79dfdd32d625aee71d232d685c3/dataset_infos.json "HTTP/1.1 307 Temporary Redirect"
2026-06-04 10:48:23,587 INFO httpx: HTTP Request: HEAD https://huggingface.co/datasets/Salesforce/wikitext/resolve/b08601e04326c79dfdd32d625aee71d232d685c3/dataset_infos.json "HTTP/1.1 404 Not Found"
2026-06-04 10:48:23,851 INFO httpx: HTTP Request: HEAD https://huggingface.co/gpt2/resolve/main/tokenizer_config.json "HTTP/1.1 200 OK"
2026-06-04 10:48:24,075 INFO httpx: HTTP Request: GET https://huggingface.co/api/models/gpt2/tree/main/additional_chat_templates?recursive=false&expand=false "HTTP/1.1 307 Temporary Redirect"
2026-06-04 10:48:24,285 INFO httpx: HTTP Request: GET https://huggingface.co/api/models/openai-community/gpt2/tree/main/additional_chat_templates?recursive=false&expand=false "HTTP/1.1 404 Not Found"
2026-06-04 10:48:24,511 INFO httpx: HTTP Request: GET https://huggingface.co/api/models/gpt2/tree/main?recursive=true&expand=false "HTTP/1.1 307 Temporary Redirect"
2026-06-04 10:48:24,718 INFO httpx: HTTP Request: GET https://huggingface.co/api/models/openai-community/gpt2/tree/main?recursive=true&expand=false "HTTP/1.1 200 OK"
2026-06-04 10:48:25,390 INFO sweep: Saved gpt2__w8a8__eager__b64__s128.json
2026-06-04 10:48:25,390 INFO sweep: Progress: 141/192
2026-06-04 10:48:25,390 INFO sweep: START: gpt2 | w8a8 | compile | batch=1 seq=128
2026-06-04 10:48:30,535 INFO httpx: HTTP Request: HEAD https://huggingface.co/datasets/wikitext/resolve/main/README.md "HTTP/1.1 307 Temporary Redirect"
2026-06-04 10:48:30,783 INFO httpx: HTTP Request: HEAD https://huggingface.co/datasets/Salesforce/wikitext/resolve/main/README.md "HTTP/1.1 307 Temporary Redirect"
2026-06-04 10:48:30,794 INFO httpx: HTTP Request: HEAD https://huggingface.co/api/resolve-cache/datasets/Salesforce/wikitext/b08601e04326c79dfdd32d625aee71d232d685c3/README.md "HTTP/1.1 200 OK"
2026-06-04 10:48:31,034 INFO httpx: HTTP Request: HEAD https://huggingface.co/datasets/wikitext/resolve/b08601e04326c79dfdd32d625aee71d232d685c3/wikitext.py "HTTP/1.1 307 Temporary Redirect"
2026-06-04 10:48:31,253 INFO httpx: HTTP Request: HEAD https://huggingface.co/datasets/Salesforce/wikitext/resolve/b08601e04326c79dfdd32d625aee71d232d685c3/wikitext.py "HTTP/1.1 404 Not Found"
2026-06-04 10:48:32,135 INFO httpx: HTTP Request: HEAD https://s3.amazonaws.com/datasets.huggingface.co/datasets/datasets/wikitext/wikitext.py "HTTP/1.1 200 OK"
2026-06-04 10:48:32,369 INFO httpx: HTTP Request: HEAD https://huggingface.co/datasets/wikitext/resolve/b08601e04326c79dfdd32d625aee71d232d685c3/.huggingface.yaml "HTTP/1.1 307 Temporary Redirect"
2026-06-04 10:48:32,588 INFO httpx: HTTP Request: HEAD https://huggingface.co/datasets/Salesforce/wikitext/resolve/b08601e04326c79dfdd32d625aee71d232d685c3/.huggingface.yaml "HTTP/1.1 404 Not Found"
2026-06-04 10:48:32,877 INFO httpx: HTTP Request: GET https://datasets-server.huggingface.co/info?dataset=wikitext "HTTP/1.1 404 Not Found"
2026-06-04 10:48:33,098 INFO httpx: HTTP Request: HEAD https://huggingface.co/datasets/wikitext/resolve/b08601e04326c79dfdd32d625aee71d232d685c3/dataset_infos.json "HTTP/1.1 307 Temporary Redirect"
2026-06-04 10:48:33,308 INFO httpx: HTTP Request: HEAD https://huggingface.co/datasets/Salesforce/wikitext/resolve/b08601e04326c79dfdd32d625aee71d232d685c3/dataset_infos.json "HTTP/1.1 404 Not Found"
2026-06-04 10:48:33,561 INFO httpx: HTTP Request: HEAD https://huggingface.co/gpt2/resolve/main/tokenizer_config.json "HTTP/1.1 200 OK"
2026-06-04 10:48:33,771 INFO httpx: HTTP Request: GET https://huggingface.co/api/models/gpt2/tree/main/additional_chat_templates?recursive=false&expand=false "HTTP/1.1 307 Temporary Redirect"
2026-06-04 10:48:33,979 INFO httpx: HTTP Request: GET https://huggingface.co/api/models/openai-community/gpt2/tree/main/additional_chat_templates?recursive=false&expand=false "HTTP/1.1 404 Not Found"
2026-06-04 10:48:34,198 INFO httpx: HTTP Request: GET https://huggingface.co/api/models/gpt2/tree/main?recursive=true&expand=false "HTTP/1.1 307 Temporary Redirect"
2026-06-04 10:48:34,824 INFO httpx: HTTP Request: GET https://huggingface.co/api/models/openai-community/gpt2/tree/main?recursive=true&expand=false "HTTP/1.1 200 OK"
2026-06-04 10:48:35,464 INFO sweep: Saved gpt2__w8a8__compile__b1__s128.json
2026-06-04 10:48:35,464 INFO sweep: Progress: 142/192
2026-06-04 10:48:35,465 INFO sweep: START: gpt2 | w8a8 | compile | batch=4 seq=128
2026-06-04 10:48:45,712 INFO httpx: HTTP Request: HEAD https://huggingface.co/datasets/wikitext/resolve/main/README.md "HTTP/1.1 307 Temporary Redirect"
2026-06-04 10:48:45,935 INFO httpx: HTTP Request: HEAD https://huggingface.co/datasets/Salesforce/wikitext/resolve/main/README.md "HTTP/1.1 307 Temporary Redirect"
2026-06-04 10:48:45,946 INFO httpx: HTTP Request: HEAD https://huggingface.co/api/resolve-cache/datasets/Salesforce/wikitext/b08601e04326c79dfdd32d625aee71d232d685c3/README.md "HTTP/1.1 200 OK"
2026-06-04 10:48:46,189 INFO httpx: HTTP Request: HEAD https://huggingface.co/datasets/wikitext/resolve/b08601e04326c79dfdd32d625aee71d232d685c3/wikitext.py "HTTP/1.1 307 Temporary Redirect"
2026-06-04 10:48:46,399 INFO httpx: HTTP Request: HEAD https://huggingface.co/datasets/Salesforce/wikitext/resolve/b08601e04326c79dfdd32d625aee71d232d685c3/wikitext.py "HTTP/1.1 404 Not Found"
2026-06-04 10:48:47,287 INFO httpx: HTTP Request: HEAD https://s3.amazonaws.com/datasets.huggingface.co/datasets/datasets/wikitext/wikitext.py "HTTP/1.1 200 OK"
2026-06-04 10:48:47,521 INFO httpx: HTTP Request: HEAD https://huggingface.co/datasets/wikitext/resolve/b08601e04326c79dfdd32d625aee71d232d685c3/.huggingface.yaml "HTTP/1.1 307 Temporary Redirect"
2026-06-04 10:48:47,826 INFO httpx: HTTP Request: HEAD https://huggingface.co/datasets/Salesforce/wikitext/resolve/b08601e04326c79dfdd32d625aee71d232d685c3/.huggingface.yaml "HTTP/1.1 404 Not Found"
2026-06-04 10:48:48,136 INFO httpx: HTTP Request: GET https://datasets-server.huggingface.co/info?dataset=wikitext "HTTP/1.1 404 Not Found"
2026-06-04 10:48:48,358 INFO httpx: HTTP Request: HEAD https://huggingface.co/datasets/wikitext/resolve/b08601e04326c79dfdd32d625aee71d232d685c3/dataset_infos.json "HTTP/1.1 307 Temporary Redirect"
2026-06-04 10:48:48,578 INFO httpx: HTTP Request: HEAD https://huggingface.co/datasets/Salesforce/wikitext/resolve/b08601e04326c79dfdd32d625aee71d232d685c3/dataset_infos.json "HTTP/1.1 404 Not Found"
2026-06-04 10:48:48,840 INFO httpx: HTTP Request: HEAD https://huggingface.co/gpt2/resolve/main/tokenizer_config.json "HTTP/1.1 200 OK"
2026-06-04 10:48:49,056 INFO httpx: HTTP Request: GET https://huggingface.co/api/models/gpt2/tree/main/additional_chat_templates?recursive=false&expand=false "HTTP/1.1 307 Temporary Redirect"
2026-06-04 10:48:49,267 INFO httpx: HTTP Request: GET https://huggingface.co/api/models/openai-community/gpt2/tree/main/additional_chat_templates?recursive=false&expand=false "HTTP/1.1 404 Not Found"
2026-06-04 10:48:49,476 INFO httpx: HTTP Request: GET https://huggingface.co/api/models/gpt2/tree/main?recursive=true&expand=false "HTTP/1.1 307 Temporary Redirect"
2026-06-04 10:48:49,706 INFO httpx: HTTP Request: GET https://huggingface.co/api/models/openai-community/gpt2/tree/main?recursive=true&expand=false "HTTP/1.1 200 OK"
2026-06-04 10:48:50,353 INFO sweep: Saved gpt2__w8a8__compile__b4__s128.json
2026-06-04 10:48:50,353 INFO sweep: Progress: 143/192
2026-06-04 10:48:50,354 INFO sweep: START: gpt2 | w8a8 | compile | batch=16 seq=128
2026-06-04 10:49:22,975 INFO httpx: HTTP Request: HEAD https://huggingface.co/datasets/wikitext/resolve/main/README.md "HTTP/1.1 307 Temporary Redirect"
2026-06-04 10:49:23,199 INFO httpx: HTTP Request: HEAD https://huggingface.co/datasets/Salesforce/wikitext/resolve/main/README.md "HTTP/1.1 307 Temporary Redirect"
2026-06-04 10:49:23,210 INFO httpx: HTTP Request: HEAD https://huggingface.co/api/resolve-cache/datasets/Salesforce/wikitext/b08601e04326c79dfdd32d625aee71d232d685c3/README.md "HTTP/1.1 200 OK"
2026-06-04 10:49:23,459 INFO httpx: HTTP Request: HEAD https://huggingface.co/datasets/wikitext/resolve/b08601e04326c79dfdd32d625aee71d232d685c3/wikitext.py "HTTP/1.1 307 Temporary Redirect"
2026-06-04 10:49:23,680 INFO httpx: HTTP Request: HEAD https://huggingface.co/datasets/Salesforce/wikitext/resolve/b08601e04326c79dfdd32d625aee71d232d685c3/wikitext.py "HTTP/1.1 404 Not Found"
2026-06-04 10:49:24,578 INFO httpx: HTTP Request: HEAD https://s3.amazonaws.com/datasets.huggingface.co/datasets/datasets/wikitext/wikitext.py "HTTP/1.1 200 OK"
2026-06-04 10:49:24,794 INFO httpx: HTTP Request: HEAD https://huggingface.co/datasets/wikitext/resolve/b08601e04326c79dfdd32d625aee71d232d685c3/.huggingface.yaml "HTTP/1.1 307 Temporary Redirect"
2026-06-04 10:49:25,002 INFO httpx: HTTP Request: HEAD https://huggingface.co/datasets/Salesforce/wikitext/resolve/b08601e04326c79dfdd32d625aee71d232d685c3/.huggingface.yaml "HTTP/1.1 404 Not Found"
2026-06-04 10:49:25,466 INFO httpx: HTTP Request: GET https://datasets-server.huggingface.co/info?dataset=wikitext "HTTP/1.1 404 Not Found"
2026-06-04 10:49:25,672 INFO httpx: HTTP Request: HEAD https://huggingface.co/datasets/wikitext/resolve/b08601e04326c79dfdd32d625aee71d232d685c3/dataset_infos.json "HTTP/1.1 307 Temporary Redirect"
2026-06-04 10:49:25,887 INFO httpx: HTTP Request: HEAD https://huggingface.co/datasets/Salesforce/wikitext/resolve/b08601e04326c79dfdd32d625aee71d232d685c3/dataset_infos.json "HTTP/1.1 404 Not Found"
2026-06-04 10:49:26,151 INFO httpx: HTTP Request: HEAD https://huggingface.co/gpt2/resolve/main/tokenizer_config.json "HTTP/1.1 200 OK"
2026-06-04 10:49:26,382 INFO httpx: HTTP Request: GET https://huggingface.co/api/models/gpt2/tree/main/additional_chat_templates?recursive=false&expand=false "HTTP/1.1 307 Temporary Redirect"
2026-06-04 10:49:26,589 INFO httpx: HTTP Request: GET https://huggingface.co/api/models/openai-community/gpt2/tree/main/additional_chat_templates?recursive=false&expand=false "HTTP/1.1 404 Not Found"
2026-06-04 10:49:26,795 INFO httpx: HTTP Request: GET https://huggingface.co/api/models/gpt2/tree/main?recursive=true&expand=false "HTTP/1.1 307 Temporary Redirect"
2026-06-04 10:49:27,003 INFO httpx: HTTP Request: GET https://huggingface.co/api/models/openai-community/gpt2/tree/main?recursive=true&expand=false "HTTP/1.1 200 OK"
2026-06-04 10:49:27,670 INFO sweep: Saved gpt2__w8a8__compile__b16__s128.json
2026-06-04 10:49:27,670 INFO sweep: Progress: 144/192
2026-06-04 10:49:27,671 INFO sweep: START: gpt2 | w8a8 | compile | batch=64 seq=128
2026-06-04 10:50:49,320 INFO httpx: HTTP Request: HEAD https://huggingface.co/datasets/wikitext/resolve/main/README.md "HTTP/1.1 307 Temporary Redirect"
2026-06-04 10:50:49,577 INFO httpx: HTTP Request: HEAD https://huggingface.co/datasets/Salesforce/wikitext/resolve/main/README.md "HTTP/1.1 307 Temporary Redirect"
2026-06-04 10:50:49,591 INFO httpx: HTTP Request: HEAD https://huggingface.co/api/resolve-cache/datasets/Salesforce/wikitext/b08601e04326c79dfdd32d625aee71d232d685c3/README.md "HTTP/1.1 200 OK"
2026-06-04 10:50:49,811 INFO httpx: HTTP Request: HEAD https://huggingface.co/datasets/wikitext/resolve/b08601e04326c79dfdd32d625aee71d232d685c3/wikitext.py "HTTP/1.1 307 Temporary Redirect"
2026-06-04 10:50:50,016 INFO httpx: HTTP Request: HEAD https://huggingface.co/datasets/Salesforce/wikitext/resolve/b08601e04326c79dfdd32d625aee71d232d685c3/wikitext.py "HTTP/1.1 404 Not Found"
2026-06-04 10:50:50,865 INFO httpx: HTTP Request: HEAD https://s3.amazonaws.com/datasets.huggingface.co/datasets/datasets/wikitext/wikitext.py "HTTP/1.1 200 OK"
2026-06-04 10:50:51,118 INFO httpx: HTTP Request: HEAD https://huggingface.co/datasets/wikitext/resolve/b08601e04326c79dfdd32d625aee71d232d685c3/.huggingface.yaml "HTTP/1.1 307 Temporary Redirect"
2026-06-04 10:50:51,327 INFO httpx: HTTP Request: HEAD https://huggingface.co/datasets/Salesforce/wikitext/resolve/b08601e04326c79dfdd32d625aee71d232d685c3/.huggingface.yaml "HTTP/1.1 404 Not Found"
2026-06-04 10:50:51,684 INFO httpx: HTTP Request: GET https://datasets-server.huggingface.co/info?dataset=wikitext "HTTP/1.1 404 Not Found"
2026-06-04 10:50:51,894 INFO httpx: HTTP Request: HEAD https://huggingface.co/datasets/wikitext/resolve/b08601e04326c79dfdd32d625aee71d232d685c3/dataset_infos.json "HTTP/1.1 307 Temporary Redirect"
2026-06-04 10:50:52,104 INFO httpx: HTTP Request: HEAD https://huggingface.co/datasets/Salesforce/wikitext/resolve/b08601e04326c79dfdd32d625aee71d232d685c3/dataset_infos.json "HTTP/1.1 404 Not Found"
2026-06-04 10:50:52,415 INFO httpx: HTTP Request: HEAD https://huggingface.co/gpt2/resolve/main/tokenizer_config.json "HTTP/1.1 200 OK"
2026-06-04 10:50:52,627 INFO httpx: HTTP Request: GET https://huggingface.co/api/models/gpt2/tree/main/additional_chat_templates?recursive=false&expand=false "HTTP/1.1 307 Temporary Redirect"
2026-06-04 10:50:52,838 INFO httpx: HTTP Request: GET https://huggingface.co/api/models/openai-community/gpt2/tree/main/additional_chat_templates?recursive=false&expand=false "HTTP/1.1 404 Not Found"
2026-06-04 10:50:53,059 INFO httpx: HTTP Request: GET https://huggingface.co/api/models/gpt2/tree/main?recursive=true&expand=false "HTTP/1.1 307 Temporary Redirect"
2026-06-04 10:50:53,273 INFO httpx: HTTP Request: GET https://huggingface.co/api/models/openai-community/gpt2/tree/main?recursive=true&expand=false "HTTP/1.1 200 OK"
2026-06-04 10:50:53,924 INFO sweep: Saved gpt2__w8a8__compile__b64__s128.json
2026-06-04 10:50:54,333 INFO sweep: Loading FP16 reference for vit-s
2026-06-04 10:50:54,714 INFO sweep: Progress: 145/192
2026-06-04 10:50:54,714 INFO sweep: START: vit-s | fp32 | eager | batch=1 seq=128
2026-06-04 10:50:55,018 WARNING deterministic: FLOPs estimation failed: VisionTransformer.forward() got an unexpected keyword argument 'pixel_values'
2026-06-04 10:50:55,019 WARNING deterministic: Kernel profiling failed: VisionTransformer.forward() got an unexpected keyword argument 'pixel_values'
2026-06-04 10:50:55,019 ERROR sweep: Unexpected error: VisionTransformer.forward() got an unexpected keyword argument 'pixel_values'
Traceback (most recent call last):
  File "/home/shreya/Coding/optimizer_V2/edge_quant_bench/run_sweep.py", line 179, in run_one
    stats = time_model(run_fn, cooldown_fn=cooldown_fn)
            ^^^^^^^^^^^^^^^^^^^^^^^^^^^^^^^^^^^^^^^^^^^
  File "/home/shreya/Coding/optimizer_V2/edge_quant_bench/measure.py", line 18, in time_model
    run_fn()
  File "/home/shreya/Coding/optimizer_V2/edge_quant_bench/run_sweep.py", line 137, in run_fn
    def run_fn(): return model(**inputs)
                         ^^^^^^^^^^^^^^^
  File "/home/shreya/venvs/fusion_qat/lib/python3.12/site-packages/torch/nn/modules/module.py", line 1739, in _wrapped_call_impl
    return self._call_impl(*args, **kwargs)
           ^^^^^^^^^^^^^^^^^^^^^^^^^^^^^^^^
  File "/home/shreya/venvs/fusion_qat/lib/python3.12/site-packages/torch/nn/modules/module.py", line 1750, in _call_impl
    return forward_call(*args, **kwargs)
           ^^^^^^^^^^^^^^^^^^^^^^^^^^^^^
TypeError: VisionTransformer.forward() got an unexpected keyword argument 'pixel_values'
2026-06-04 10:50:55,505 INFO sweep: Saved vit_s__fp32__eager__b1__s128.json
2026-06-04 10:50:55,505 INFO sweep: Progress: 146/192
2026-06-04 10:50:55,505 INFO sweep: START: vit-s | fp32 | eager | batch=4 seq=128
2026-06-04 10:50:55,747 WARNING deterministic: FLOPs estimation failed: VisionTransformer.forward() got an unexpected keyword argument 'pixel_values'
2026-06-04 10:50:55,748 WARNING deterministic: Kernel profiling failed: VisionTransformer.forward() got an unexpected keyword argument 'pixel_values'
2026-06-04 10:50:55,748 ERROR sweep: Unexpected error: VisionTransformer.forward() got an unexpected keyword argument 'pixel_values'
Traceback (most recent call last):
  File "/home/shreya/Coding/optimizer_V2/edge_quant_bench/run_sweep.py", line 179, in run_one
    stats = time_model(run_fn, cooldown_fn=cooldown_fn)
            ^^^^^^^^^^^^^^^^^^^^^^^^^^^^^^^^^^^^^^^^^^^
  File "/home/shreya/Coding/optimizer_V2/edge_quant_bench/measure.py", line 18, in time_model
    run_fn()
  File "/home/shreya/Coding/optimizer_V2/edge_quant_bench/run_sweep.py", line 137, in run_fn
    def run_fn(): return model(**inputs)
                         ^^^^^^^^^^^^^^^
  File "/home/shreya/venvs/fusion_qat/lib/python3.12/site-packages/torch/nn/modules/module.py", line 1739, in _wrapped_call_impl
    return self._call_impl(*args, **kwargs)
           ^^^^^^^^^^^^^^^^^^^^^^^^^^^^^^^^
  File "/home/shreya/venvs/fusion_qat/lib/python3.12/site-packages/torch/nn/modules/module.py", line 1750, in _call_impl
    return forward_call(*args, **kwargs)
           ^^^^^^^^^^^^^^^^^^^^^^^^^^^^^
TypeError: VisionTransformer.forward() got an unexpected keyword argument 'pixel_values'
2026-06-04 10:50:56,233 INFO sweep: Saved vit_s__fp32__eager__b4__s128.json
2026-06-04 10:50:56,233 INFO sweep: Progress: 147/192
2026-06-04 10:50:56,233 INFO sweep: START: vit-s | fp32 | eager | batch=16 seq=128
2026-06-04 10:50:56,481 WARNING deterministic: FLOPs estimation failed: VisionTransformer.forward() got an unexpected keyword argument 'pixel_values'
2026-06-04 10:50:56,483 WARNING deterministic: Kernel profiling failed: VisionTransformer.forward() got an unexpected keyword argument 'pixel_values'
2026-06-04 10:50:56,483 ERROR sweep: Unexpected error: VisionTransformer.forward() got an unexpected keyword argument 'pixel_values'
Traceback (most recent call last):
  File "/home/shreya/Coding/optimizer_V2/edge_quant_bench/run_sweep.py", line 179, in run_one
    stats = time_model(run_fn, cooldown_fn=cooldown_fn)
            ^^^^^^^^^^^^^^^^^^^^^^^^^^^^^^^^^^^^^^^^^^^
  File "/home/shreya/Coding/optimizer_V2/edge_quant_bench/measure.py", line 18, in time_model
    run_fn()
  File "/home/shreya/Coding/optimizer_V2/edge_quant_bench/run_sweep.py", line 137, in run_fn
    def run_fn(): return model(**inputs)
                         ^^^^^^^^^^^^^^^
  File "/home/shreya/venvs/fusion_qat/lib/python3.12/site-packages/torch/nn/modules/module.py", line 1739, in _wrapped_call_impl
    return self._call_impl(*args, **kwargs)
           ^^^^^^^^^^^^^^^^^^^^^^^^^^^^^^^^
  File "/home/shreya/venvs/fusion_qat/lib/python3.12/site-packages/torch/nn/modules/module.py", line 1750, in _call_impl
    return forward_call(*args, **kwargs)
           ^^^^^^^^^^^^^^^^^^^^^^^^^^^^^
TypeError: VisionTransformer.forward() got an unexpected keyword argument 'pixel_values'
2026-06-04 10:50:56,963 INFO sweep: Saved vit_s__fp32__eager__b16__s128.json
2026-06-04 10:50:56,964 INFO sweep: Progress: 148/192
2026-06-04 10:50:56,964 INFO sweep: START: vit-s | fp32 | eager | batch=64 seq=128
2026-06-04 10:50:57,259 WARNING deterministic: FLOPs estimation failed: VisionTransformer.forward() got an unexpected keyword argument 'pixel_values'
2026-06-04 10:50:57,261 WARNING deterministic: Kernel profiling failed: VisionTransformer.forward() got an unexpected keyword argument 'pixel_values'
2026-06-04 10:50:57,261 ERROR sweep: Unexpected error: VisionTransformer.forward() got an unexpected keyword argument 'pixel_values'
Traceback (most recent call last):
  File "/home/shreya/Coding/optimizer_V2/edge_quant_bench/run_sweep.py", line 179, in run_one
    stats = time_model(run_fn, cooldown_fn=cooldown_fn)
            ^^^^^^^^^^^^^^^^^^^^^^^^^^^^^^^^^^^^^^^^^^^
  File "/home/shreya/Coding/optimizer_V2/edge_quant_bench/measure.py", line 18, in time_model
    run_fn()
  File "/home/shreya/Coding/optimizer_V2/edge_quant_bench/run_sweep.py", line 137, in run_fn
    def run_fn(): return model(**inputs)
                         ^^^^^^^^^^^^^^^
  File "/home/shreya/venvs/fusion_qat/lib/python3.12/site-packages/torch/nn/modules/module.py", line 1739, in _wrapped_call_impl
    return self._call_impl(*args, **kwargs)
           ^^^^^^^^^^^^^^^^^^^^^^^^^^^^^^^^
  File "/home/shreya/venvs/fusion_qat/lib/python3.12/site-packages/torch/nn/modules/module.py", line 1750, in _call_impl
    return forward_call(*args, **kwargs)
           ^^^^^^^^^^^^^^^^^^^^^^^^^^^^^
TypeError: VisionTransformer.forward() got an unexpected keyword argument 'pixel_values'
2026-06-04 10:50:57,751 INFO sweep: Saved vit_s__fp32__eager__b64__s128.json
2026-06-04 10:50:57,751 INFO sweep: Progress: 149/192
2026-06-04 10:50:57,751 INFO sweep: START: vit-s | fp32 | compile | batch=1 seq=128
2026-06-04 10:50:58,055 WARNING deterministic: FLOPs estimation failed: VisionTransformer.forward() got an unexpected keyword argument 'pixel_values'
2026-06-04 10:50:58,057 WARNING sweep: Compile warmup error: VisionTransformer.forward() got an unexpected keyword argument 'pixel_values'
2026-06-04 10:50:58,058 WARNING deterministic: Kernel profiling failed: VisionTransformer.forward() got an unexpected keyword argument 'pixel_values'
2026-06-04 10:50:58,058 ERROR sweep: Unexpected error: VisionTransformer.forward() got an unexpected keyword argument 'pixel_values'
Traceback (most recent call last):
  File "/home/shreya/Coding/optimizer_V2/edge_quant_bench/run_sweep.py", line 179, in run_one
    stats = time_model(run_fn, cooldown_fn=cooldown_fn)
            ^^^^^^^^^^^^^^^^^^^^^^^^^^^^^^^^^^^^^^^^^^^
  File "/home/shreya/Coding/optimizer_V2/edge_quant_bench/measure.py", line 18, in time_model
    run_fn()
  File "/home/shreya/Coding/optimizer_V2/edge_quant_bench/run_sweep.py", line 144, in run_fn
    def run_fn(): return compiled(**inputs)
                         ^^^^^^^^^^^^^^^^^^
  File "/home/shreya/venvs/fusion_qat/lib/python3.12/site-packages/torch/nn/modules/module.py", line 1739, in _wrapped_call_impl
    return self._call_impl(*args, **kwargs)
           ^^^^^^^^^^^^^^^^^^^^^^^^^^^^^^^^
  File "/home/shreya/venvs/fusion_qat/lib/python3.12/site-packages/torch/nn/modules/module.py", line 1750, in _call_impl
    return forward_call(*args, **kwargs)
           ^^^^^^^^^^^^^^^^^^^^^^^^^^^^^
  File "/home/shreya/venvs/fusion_qat/lib/python3.12/site-packages/torch/_dynamo/eval_frame.py", line 574, in _fn
    return fn(*args, **kwargs)
           ^^^^^^^^^^^^^^^^^^^
  File "/home/shreya/venvs/fusion_qat/lib/python3.12/site-packages/torch/nn/modules/module.py", line 1739, in _wrapped_call_impl
    return self._call_impl(*args, **kwargs)
           ^^^^^^^^^^^^^^^^^^^^^^^^^^^^^^^^
  File "/home/shreya/venvs/fusion_qat/lib/python3.12/site-packages/torch/nn/modules/module.py", line 1750, in _call_impl
    return forward_call(*args, **kwargs)
           ^^^^^^^^^^^^^^^^^^^^^^^^^^^^^
TypeError: VisionTransformer.forward() got an unexpected keyword argument 'pixel_values'
2026-06-04 10:50:58,540 INFO sweep: Saved vit_s__fp32__compile__b1__s128.json
2026-06-04 10:50:58,541 INFO sweep: Progress: 150/192
2026-06-04 10:50:58,541 INFO sweep: START: vit-s | fp32 | compile | batch=4 seq=128
2026-06-04 10:50:58,833 WARNING deterministic: FLOPs estimation failed: VisionTransformer.forward() got an unexpected keyword argument 'pixel_values'
2026-06-04 10:50:58,835 WARNING sweep: Compile warmup error: VisionTransformer.forward() got an unexpected keyword argument 'pixel_values'
2026-06-04 10:50:58,836 WARNING deterministic: Kernel profiling failed: VisionTransformer.forward() got an unexpected keyword argument 'pixel_values'
2026-06-04 10:50:58,836 ERROR sweep: Unexpected error: VisionTransformer.forward() got an unexpected keyword argument 'pixel_values'
Traceback (most recent call last):
  File "/home/shreya/Coding/optimizer_V2/edge_quant_bench/run_sweep.py", line 179, in run_one
    stats = time_model(run_fn, cooldown_fn=cooldown_fn)
            ^^^^^^^^^^^^^^^^^^^^^^^^^^^^^^^^^^^^^^^^^^^
  File "/home/shreya/Coding/optimizer_V2/edge_quant_bench/measure.py", line 18, in time_model
    run_fn()
  File "/home/shreya/Coding/optimizer_V2/edge_quant_bench/run_sweep.py", line 144, in run_fn
    def run_fn(): return compiled(**inputs)
                         ^^^^^^^^^^^^^^^^^^
  File "/home/shreya/venvs/fusion_qat/lib/python3.12/site-packages/torch/nn/modules/module.py", line 1739, in _wrapped_call_impl
    return self._call_impl(*args, **kwargs)
           ^^^^^^^^^^^^^^^^^^^^^^^^^^^^^^^^
  File "/home/shreya/venvs/fusion_qat/lib/python3.12/site-packages/torch/nn/modules/module.py", line 1750, in _call_impl
    return forward_call(*args, **kwargs)
           ^^^^^^^^^^^^^^^^^^^^^^^^^^^^^
  File "/home/shreya/venvs/fusion_qat/lib/python3.12/site-packages/torch/_dynamo/eval_frame.py", line 574, in _fn
    return fn(*args, **kwargs)
           ^^^^^^^^^^^^^^^^^^^
  File "/home/shreya/venvs/fusion_qat/lib/python3.12/site-packages/torch/nn/modules/module.py", line 1739, in _wrapped_call_impl
    return self._call_impl(*args, **kwargs)
           ^^^^^^^^^^^^^^^^^^^^^^^^^^^^^^^^
  File "/home/shreya/venvs/fusion_qat/lib/python3.12/site-packages/torch/nn/modules/module.py", line 1750, in _call_impl
    return forward_call(*args, **kwargs)
           ^^^^^^^^^^^^^^^^^^^^^^^^^^^^^
TypeError: VisionTransformer.forward() got an unexpected keyword argument 'pixel_values'
2026-06-04 10:50:59,352 INFO sweep: Saved vit_s__fp32__compile__b4__s128.json
2026-06-04 10:50:59,353 INFO sweep: Progress: 151/192
2026-06-04 10:50:59,353 INFO sweep: START: vit-s | fp32 | compile | batch=16 seq=128
2026-06-04 10:50:59,650 WARNING deterministic: FLOPs estimation failed: VisionTransformer.forward() got an unexpected keyword argument 'pixel_values'
2026-06-04 10:50:59,651 WARNING sweep: Compile warmup error: VisionTransformer.forward() got an unexpected keyword argument 'pixel_values'
2026-06-04 10:50:59,652 WARNING deterministic: Kernel profiling failed: VisionTransformer.forward() got an unexpected keyword argument 'pixel_values'
2026-06-04 10:50:59,652 ERROR sweep: Unexpected error: VisionTransformer.forward() got an unexpected keyword argument 'pixel_values'
Traceback (most recent call last):
  File "/home/shreya/Coding/optimizer_V2/edge_quant_bench/run_sweep.py", line 179, in run_one
    stats = time_model(run_fn, cooldown_fn=cooldown_fn)
            ^^^^^^^^^^^^^^^^^^^^^^^^^^^^^^^^^^^^^^^^^^^
  File "/home/shreya/Coding/optimizer_V2/edge_quant_bench/measure.py", line 18, in time_model
    run_fn()
  File "/home/shreya/Coding/optimizer_V2/edge_quant_bench/run_sweep.py", line 144, in run_fn
    def run_fn(): return compiled(**inputs)
                         ^^^^^^^^^^^^^^^^^^
  File "/home/shreya/venvs/fusion_qat/lib/python3.12/site-packages/torch/nn/modules/module.py", line 1739, in _wrapped_call_impl
    return self._call_impl(*args, **kwargs)
           ^^^^^^^^^^^^^^^^^^^^^^^^^^^^^^^^
  File "/home/shreya/venvs/fusion_qat/lib/python3.12/site-packages/torch/nn/modules/module.py", line 1750, in _call_impl
    return forward_call(*args, **kwargs)
           ^^^^^^^^^^^^^^^^^^^^^^^^^^^^^
  File "/home/shreya/venvs/fusion_qat/lib/python3.12/site-packages/torch/_dynamo/eval_frame.py", line 574, in _fn
    return fn(*args, **kwargs)
           ^^^^^^^^^^^^^^^^^^^
  File "/home/shreya/venvs/fusion_qat/lib/python3.12/site-packages/torch/nn/modules/module.py", line 1739, in _wrapped_call_impl
    return self._call_impl(*args, **kwargs)
           ^^^^^^^^^^^^^^^^^^^^^^^^^^^^^^^^
  File "/home/shreya/venvs/fusion_qat/lib/python3.12/site-packages/torch/nn/modules/module.py", line 1750, in _call_impl
    return forward_call(*args, **kwargs)
           ^^^^^^^^^^^^^^^^^^^^^^^^^^^^^
TypeError: VisionTransformer.forward() got an unexpected keyword argument 'pixel_values'
2026-06-04 10:51:00,151 INFO sweep: Saved vit_s__fp32__compile__b16__s128.json
2026-06-04 10:51:00,152 INFO sweep: Progress: 152/192
2026-06-04 10:51:00,152 INFO sweep: START: vit-s | fp32 | compile | batch=64 seq=128
2026-06-04 10:51:00,450 WARNING deterministic: FLOPs estimation failed: VisionTransformer.forward() got an unexpected keyword argument 'pixel_values'
2026-06-04 10:51:00,452 WARNING sweep: Compile warmup error: VisionTransformer.forward() got an unexpected keyword argument 'pixel_values'
2026-06-04 10:51:00,454 WARNING deterministic: Kernel profiling failed: VisionTransformer.forward() got an unexpected keyword argument 'pixel_values'
2026-06-04 10:51:00,454 ERROR sweep: Unexpected error: VisionTransformer.forward() got an unexpected keyword argument 'pixel_values'
Traceback (most recent call last):
  File "/home/shreya/Coding/optimizer_V2/edge_quant_bench/run_sweep.py", line 179, in run_one
    stats = time_model(run_fn, cooldown_fn=cooldown_fn)
            ^^^^^^^^^^^^^^^^^^^^^^^^^^^^^^^^^^^^^^^^^^^
  File "/home/shreya/Coding/optimizer_V2/edge_quant_bench/measure.py", line 18, in time_model
    run_fn()
  File "/home/shreya/Coding/optimizer_V2/edge_quant_bench/run_sweep.py", line 144, in run_fn
    def run_fn(): return compiled(**inputs)
                         ^^^^^^^^^^^^^^^^^^
  File "/home/shreya/venvs/fusion_qat/lib/python3.12/site-packages/torch/nn/modules/module.py", line 1739, in _wrapped_call_impl
    return self._call_impl(*args, **kwargs)
           ^^^^^^^^^^^^^^^^^^^^^^^^^^^^^^^^
  File "/home/shreya/venvs/fusion_qat/lib/python3.12/site-packages/torch/nn/modules/module.py", line 1750, in _call_impl
    return forward_call(*args, **kwargs)
           ^^^^^^^^^^^^^^^^^^^^^^^^^^^^^
  File "/home/shreya/venvs/fusion_qat/lib/python3.12/site-packages/torch/_dynamo/eval_frame.py", line 574, in _fn
    return fn(*args, **kwargs)
           ^^^^^^^^^^^^^^^^^^^
  File "/home/shreya/venvs/fusion_qat/lib/python3.12/site-packages/torch/nn/modules/module.py", line 1739, in _wrapped_call_impl
    return self._call_impl(*args, **kwargs)
           ^^^^^^^^^^^^^^^^^^^^^^^^^^^^^^^^
  File "/home/shreya/venvs/fusion_qat/lib/python3.12/site-packages/torch/nn/modules/module.py", line 1750, in _call_impl
    return forward_call(*args, **kwargs)
           ^^^^^^^^^^^^^^^^^^^^^^^^^^^^^
TypeError: VisionTransformer.forward() got an unexpected keyword argument 'pixel_values'
2026-06-04 10:51:00,960 INFO sweep: Saved vit_s__fp32__compile__b64__s128.json
2026-06-04 10:51:01,003 INFO sweep: Progress: 153/192
2026-06-04 10:51:01,003 INFO sweep: START: vit-s | fp16 | eager | batch=1 seq=128
2026-06-04 10:51:01,308 WARNING deterministic: FLOPs estimation failed: VisionTransformer.forward() got an unexpected keyword argument 'pixel_values'
2026-06-04 10:51:01,310 WARNING deterministic: Kernel profiling failed: VisionTransformer.forward() got an unexpected keyword argument 'pixel_values'
2026-06-04 10:51:01,310 ERROR sweep: Unexpected error: VisionTransformer.forward() got an unexpected keyword argument 'pixel_values'
Traceback (most recent call last):
  File "/home/shreya/Coding/optimizer_V2/edge_quant_bench/run_sweep.py", line 179, in run_one
    stats = time_model(run_fn, cooldown_fn=cooldown_fn)
            ^^^^^^^^^^^^^^^^^^^^^^^^^^^^^^^^^^^^^^^^^^^
  File "/home/shreya/Coding/optimizer_V2/edge_quant_bench/measure.py", line 18, in time_model
    run_fn()
  File "/home/shreya/Coding/optimizer_V2/edge_quant_bench/run_sweep.py", line 137, in run_fn
    def run_fn(): return model(**inputs)
                         ^^^^^^^^^^^^^^^
  File "/home/shreya/venvs/fusion_qat/lib/python3.12/site-packages/torch/nn/modules/module.py", line 1739, in _wrapped_call_impl
    return self._call_impl(*args, **kwargs)
           ^^^^^^^^^^^^^^^^^^^^^^^^^^^^^^^^
  File "/home/shreya/venvs/fusion_qat/lib/python3.12/site-packages/torch/nn/modules/module.py", line 1750, in _call_impl
    return forward_call(*args, **kwargs)
           ^^^^^^^^^^^^^^^^^^^^^^^^^^^^^
TypeError: VisionTransformer.forward() got an unexpected keyword argument 'pixel_values'
2026-06-04 10:51:01,814 INFO sweep: Saved vit_s__fp16__eager__b1__s128.json
2026-06-04 10:51:01,814 INFO sweep: Progress: 154/192
2026-06-04 10:51:01,814 INFO sweep: START: vit-s | fp16 | eager | batch=4 seq=128
2026-06-04 10:51:02,111 WARNING deterministic: FLOPs estimation failed: VisionTransformer.forward() got an unexpected keyword argument 'pixel_values'
2026-06-04 10:51:02,112 WARNING deterministic: Kernel profiling failed: VisionTransformer.forward() got an unexpected keyword argument 'pixel_values'
2026-06-04 10:51:02,112 ERROR sweep: Unexpected error: VisionTransformer.forward() got an unexpected keyword argument 'pixel_values'
Traceback (most recent call last):
  File "/home/shreya/Coding/optimizer_V2/edge_quant_bench/run_sweep.py", line 179, in run_one
    stats = time_model(run_fn, cooldown_fn=cooldown_fn)
            ^^^^^^^^^^^^^^^^^^^^^^^^^^^^^^^^^^^^^^^^^^^
  File "/home/shreya/Coding/optimizer_V2/edge_quant_bench/measure.py", line 18, in time_model
    run_fn()
  File "/home/shreya/Coding/optimizer_V2/edge_quant_bench/run_sweep.py", line 137, in run_fn
    def run_fn(): return model(**inputs)
                         ^^^^^^^^^^^^^^^
  File "/home/shreya/venvs/fusion_qat/lib/python3.12/site-packages/torch/nn/modules/module.py", line 1739, in _wrapped_call_impl
    return self._call_impl(*args, **kwargs)
           ^^^^^^^^^^^^^^^^^^^^^^^^^^^^^^^^
  File "/home/shreya/venvs/fusion_qat/lib/python3.12/site-packages/torch/nn/modules/module.py", line 1750, in _call_impl
    return forward_call(*args, **kwargs)
           ^^^^^^^^^^^^^^^^^^^^^^^^^^^^^
TypeError: VisionTransformer.forward() got an unexpected keyword argument 'pixel_values'
2026-06-04 10:51:02,625 INFO sweep: Saved vit_s__fp16__eager__b4__s128.json
2026-06-04 10:51:02,626 INFO sweep: Progress: 155/192
2026-06-04 10:51:02,626 INFO sweep: START: vit-s | fp16 | eager | batch=16 seq=128
2026-06-04 10:51:02,930 WARNING deterministic: FLOPs estimation failed: VisionTransformer.forward() got an unexpected keyword argument 'pixel_values'
2026-06-04 10:51:02,931 WARNING deterministic: Kernel profiling failed: VisionTransformer.forward() got an unexpected keyword argument 'pixel_values'
2026-06-04 10:51:02,931 ERROR sweep: Unexpected error: VisionTransformer.forward() got an unexpected keyword argument 'pixel_values'
Traceback (most recent call last):
  File "/home/shreya/Coding/optimizer_V2/edge_quant_bench/run_sweep.py", line 179, in run_one
    stats = time_model(run_fn, cooldown_fn=cooldown_fn)
            ^^^^^^^^^^^^^^^^^^^^^^^^^^^^^^^^^^^^^^^^^^^
  File "/home/shreya/Coding/optimizer_V2/edge_quant_bench/measure.py", line 18, in time_model
    run_fn()
  File "/home/shreya/Coding/optimizer_V2/edge_quant_bench/run_sweep.py", line 137, in run_fn
    def run_fn(): return model(**inputs)
                         ^^^^^^^^^^^^^^^
  File "/home/shreya/venvs/fusion_qat/lib/python3.12/site-packages/torch/nn/modules/module.py", line 1739, in _wrapped_call_impl
    return self._call_impl(*args, **kwargs)
           ^^^^^^^^^^^^^^^^^^^^^^^^^^^^^^^^
  File "/home/shreya/venvs/fusion_qat/lib/python3.12/site-packages/torch/nn/modules/module.py", line 1750, in _call_impl
    return forward_call(*args, **kwargs)
           ^^^^^^^^^^^^^^^^^^^^^^^^^^^^^
TypeError: VisionTransformer.forward() got an unexpected keyword argument 'pixel_values'
2026-06-04 10:51:03,442 INFO sweep: Saved vit_s__fp16__eager__b16__s128.json
2026-06-04 10:51:03,442 INFO sweep: Progress: 156/192
2026-06-04 10:51:03,442 INFO sweep: START: vit-s | fp16 | eager | batch=64 seq=128
2026-06-04 10:51:03,746 WARNING deterministic: FLOPs estimation failed: VisionTransformer.forward() got an unexpected keyword argument 'pixel_values'
2026-06-04 10:51:03,747 WARNING deterministic: Kernel profiling failed: VisionTransformer.forward() got an unexpected keyword argument 'pixel_values'
2026-06-04 10:51:03,747 ERROR sweep: Unexpected error: VisionTransformer.forward() got an unexpected keyword argument 'pixel_values'
Traceback (most recent call last):
  File "/home/shreya/Coding/optimizer_V2/edge_quant_bench/run_sweep.py", line 179, in run_one
    stats = time_model(run_fn, cooldown_fn=cooldown_fn)
            ^^^^^^^^^^^^^^^^^^^^^^^^^^^^^^^^^^^^^^^^^^^
  File "/home/shreya/Coding/optimizer_V2/edge_quant_bench/measure.py", line 18, in time_model
    run_fn()
  File "/home/shreya/Coding/optimizer_V2/edge_quant_bench/run_sweep.py", line 137, in run_fn
    def run_fn(): return model(**inputs)
                         ^^^^^^^^^^^^^^^
  File "/home/shreya/venvs/fusion_qat/lib/python3.12/site-packages/torch/nn/modules/module.py", line 1739, in _wrapped_call_impl
    return self._call_impl(*args, **kwargs)
           ^^^^^^^^^^^^^^^^^^^^^^^^^^^^^^^^
  File "/home/shreya/venvs/fusion_qat/lib/python3.12/site-packages/torch/nn/modules/module.py", line 1750, in _call_impl
    return forward_call(*args, **kwargs)
           ^^^^^^^^^^^^^^^^^^^^^^^^^^^^^
TypeError: VisionTransformer.forward() got an unexpected keyword argument 'pixel_values'
2026-06-04 10:51:04,249 INFO sweep: Saved vit_s__fp16__eager__b64__s128.json
2026-06-04 10:51:04,249 INFO sweep: Progress: 157/192
2026-06-04 10:51:04,250 INFO sweep: START: vit-s | fp16 | compile | batch=1 seq=128
2026-06-04 10:51:04,544 WARNING deterministic: FLOPs estimation failed: VisionTransformer.forward() got an unexpected keyword argument 'pixel_values'
2026-06-04 10:51:04,546 WARNING sweep: Compile warmup error: VisionTransformer.forward() got an unexpected keyword argument 'pixel_values'
2026-06-04 10:51:04,547 WARNING deterministic: Kernel profiling failed: VisionTransformer.forward() got an unexpected keyword argument 'pixel_values'
2026-06-04 10:51:04,547 ERROR sweep: Unexpected error: VisionTransformer.forward() got an unexpected keyword argument 'pixel_values'
Traceback (most recent call last):
  File "/home/shreya/Coding/optimizer_V2/edge_quant_bench/run_sweep.py", line 179, in run_one
    stats = time_model(run_fn, cooldown_fn=cooldown_fn)
            ^^^^^^^^^^^^^^^^^^^^^^^^^^^^^^^^^^^^^^^^^^^
  File "/home/shreya/Coding/optimizer_V2/edge_quant_bench/measure.py", line 18, in time_model
    run_fn()
  File "/home/shreya/Coding/optimizer_V2/edge_quant_bench/run_sweep.py", line 144, in run_fn
    def run_fn(): return compiled(**inputs)
                         ^^^^^^^^^^^^^^^^^^
  File "/home/shreya/venvs/fusion_qat/lib/python3.12/site-packages/torch/nn/modules/module.py", line 1739, in _wrapped_call_impl
    return self._call_impl(*args, **kwargs)
           ^^^^^^^^^^^^^^^^^^^^^^^^^^^^^^^^
  File "/home/shreya/venvs/fusion_qat/lib/python3.12/site-packages/torch/nn/modules/module.py", line 1750, in _call_impl
    return forward_call(*args, **kwargs)
           ^^^^^^^^^^^^^^^^^^^^^^^^^^^^^
  File "/home/shreya/venvs/fusion_qat/lib/python3.12/site-packages/torch/_dynamo/eval_frame.py", line 574, in _fn
    return fn(*args, **kwargs)
           ^^^^^^^^^^^^^^^^^^^
  File "/home/shreya/venvs/fusion_qat/lib/python3.12/site-packages/torch/nn/modules/module.py", line 1739, in _wrapped_call_impl
    return self._call_impl(*args, **kwargs)
           ^^^^^^^^^^^^^^^^^^^^^^^^^^^^^^^^
  File "/home/shreya/venvs/fusion_qat/lib/python3.12/site-packages/torch/nn/modules/module.py", line 1750, in _call_impl
    return forward_call(*args, **kwargs)
           ^^^^^^^^^^^^^^^^^^^^^^^^^^^^^
TypeError: VisionTransformer.forward() got an unexpected keyword argument 'pixel_values'
2026-06-04 10:51:05,058 INFO sweep: Saved vit_s__fp16__compile__b1__s128.json
2026-06-04 10:51:05,059 INFO sweep: Progress: 158/192
2026-06-04 10:51:05,059 INFO sweep: START: vit-s | fp16 | compile | batch=4 seq=128
2026-06-04 10:51:05,362 WARNING deterministic: FLOPs estimation failed: VisionTransformer.forward() got an unexpected keyword argument 'pixel_values'
2026-06-04 10:51:05,364 WARNING sweep: Compile warmup error: VisionTransformer.forward() got an unexpected keyword argument 'pixel_values'
2026-06-04 10:51:05,365 WARNING deterministic: Kernel profiling failed: VisionTransformer.forward() got an unexpected keyword argument 'pixel_values'
2026-06-04 10:51:05,365 ERROR sweep: Unexpected error: VisionTransformer.forward() got an unexpected keyword argument 'pixel_values'
Traceback (most recent call last):
  File "/home/shreya/Coding/optimizer_V2/edge_quant_bench/run_sweep.py", line 179, in run_one
    stats = time_model(run_fn, cooldown_fn=cooldown_fn)
            ^^^^^^^^^^^^^^^^^^^^^^^^^^^^^^^^^^^^^^^^^^^
  File "/home/shreya/Coding/optimizer_V2/edge_quant_bench/measure.py", line 18, in time_model
    run_fn()
  File "/home/shreya/Coding/optimizer_V2/edge_quant_bench/run_sweep.py", line 144, in run_fn
    def run_fn(): return compiled(**inputs)
                         ^^^^^^^^^^^^^^^^^^
  File "/home/shreya/venvs/fusion_qat/lib/python3.12/site-packages/torch/nn/modules/module.py", line 1739, in _wrapped_call_impl
    return self._call_impl(*args, **kwargs)
           ^^^^^^^^^^^^^^^^^^^^^^^^^^^^^^^^
  File "/home/shreya/venvs/fusion_qat/lib/python3.12/site-packages/torch/nn/modules/module.py", line 1750, in _call_impl
    return forward_call(*args, **kwargs)
           ^^^^^^^^^^^^^^^^^^^^^^^^^^^^^
  File "/home/shreya/venvs/fusion_qat/lib/python3.12/site-packages/torch/_dynamo/eval_frame.py", line 574, in _fn
    return fn(*args, **kwargs)
           ^^^^^^^^^^^^^^^^^^^
  File "/home/shreya/venvs/fusion_qat/lib/python3.12/site-packages/torch/nn/modules/module.py", line 1739, in _wrapped_call_impl
    return self._call_impl(*args, **kwargs)
           ^^^^^^^^^^^^^^^^^^^^^^^^^^^^^^^^
  File "/home/shreya/venvs/fusion_qat/lib/python3.12/site-packages/torch/nn/modules/module.py", line 1750, in _call_impl
    return forward_call(*args, **kwargs)
           ^^^^^^^^^^^^^^^^^^^^^^^^^^^^^
TypeError: VisionTransformer.forward() got an unexpected keyword argument 'pixel_values'
2026-06-04 10:51:05,847 INFO sweep: Saved vit_s__fp16__compile__b4__s128.json
2026-06-04 10:51:05,848 INFO sweep: Progress: 159/192
2026-06-04 10:51:05,848 INFO sweep: START: vit-s | fp16 | compile | batch=16 seq=128
2026-06-04 10:51:06,093 WARNING deterministic: FLOPs estimation failed: VisionTransformer.forward() got an unexpected keyword argument 'pixel_values'
2026-06-04 10:51:06,094 WARNING sweep: Compile warmup error: VisionTransformer.forward() got an unexpected keyword argument 'pixel_values'
2026-06-04 10:51:06,095 WARNING deterministic: Kernel profiling failed: VisionTransformer.forward() got an unexpected keyword argument 'pixel_values'
2026-06-04 10:51:06,095 ERROR sweep: Unexpected error: VisionTransformer.forward() got an unexpected keyword argument 'pixel_values'
Traceback (most recent call last):
  File "/home/shreya/Coding/optimizer_V2/edge_quant_bench/run_sweep.py", line 179, in run_one
    stats = time_model(run_fn, cooldown_fn=cooldown_fn)
            ^^^^^^^^^^^^^^^^^^^^^^^^^^^^^^^^^^^^^^^^^^^
  File "/home/shreya/Coding/optimizer_V2/edge_quant_bench/measure.py", line 18, in time_model
    run_fn()
  File "/home/shreya/Coding/optimizer_V2/edge_quant_bench/run_sweep.py", line 144, in run_fn
    def run_fn(): return compiled(**inputs)
                         ^^^^^^^^^^^^^^^^^^
  File "/home/shreya/venvs/fusion_qat/lib/python3.12/site-packages/torch/nn/modules/module.py", line 1739, in _wrapped_call_impl
    return self._call_impl(*args, **kwargs)
           ^^^^^^^^^^^^^^^^^^^^^^^^^^^^^^^^
  File "/home/shreya/venvs/fusion_qat/lib/python3.12/site-packages/torch/nn/modules/module.py", line 1750, in _call_impl
    return forward_call(*args, **kwargs)
           ^^^^^^^^^^^^^^^^^^^^^^^^^^^^^
  File "/home/shreya/venvs/fusion_qat/lib/python3.12/site-packages/torch/_dynamo/eval_frame.py", line 574, in _fn
    return fn(*args, **kwargs)
           ^^^^^^^^^^^^^^^^^^^
  File "/home/shreya/venvs/fusion_qat/lib/python3.12/site-packages/torch/nn/modules/module.py", line 1739, in _wrapped_call_impl
    return self._call_impl(*args, **kwargs)
           ^^^^^^^^^^^^^^^^^^^^^^^^^^^^^^^^
  File "/home/shreya/venvs/fusion_qat/lib/python3.12/site-packages/torch/nn/modules/module.py", line 1750, in _call_impl
    return forward_call(*args, **kwargs)
           ^^^^^^^^^^^^^^^^^^^^^^^^^^^^^
TypeError: VisionTransformer.forward() got an unexpected keyword argument 'pixel_values'
2026-06-04 10:51:06,565 INFO sweep: Saved vit_s__fp16__compile__b16__s128.json
2026-06-04 10:51:06,566 INFO sweep: Progress: 160/192
2026-06-04 10:51:06,566 INFO sweep: START: vit-s | fp16 | compile | batch=64 seq=128
2026-06-04 10:51:06,820 WARNING deterministic: FLOPs estimation failed: VisionTransformer.forward() got an unexpected keyword argument 'pixel_values'
2026-06-04 10:51:06,821 WARNING sweep: Compile warmup error: VisionTransformer.forward() got an unexpected keyword argument 'pixel_values'
2026-06-04 10:51:06,822 WARNING deterministic: Kernel profiling failed: VisionTransformer.forward() got an unexpected keyword argument 'pixel_values'
2026-06-04 10:51:06,822 ERROR sweep: Unexpected error: VisionTransformer.forward() got an unexpected keyword argument 'pixel_values'
Traceback (most recent call last):
  File "/home/shreya/Coding/optimizer_V2/edge_quant_bench/run_sweep.py", line 179, in run_one
    stats = time_model(run_fn, cooldown_fn=cooldown_fn)
            ^^^^^^^^^^^^^^^^^^^^^^^^^^^^^^^^^^^^^^^^^^^
  File "/home/shreya/Coding/optimizer_V2/edge_quant_bench/measure.py", line 18, in time_model
    run_fn()
  File "/home/shreya/Coding/optimizer_V2/edge_quant_bench/run_sweep.py", line 144, in run_fn
    def run_fn(): return compiled(**inputs)
                         ^^^^^^^^^^^^^^^^^^
  File "/home/shreya/venvs/fusion_qat/lib/python3.12/site-packages/torch/nn/modules/module.py", line 1739, in _wrapped_call_impl
    return self._call_impl(*args, **kwargs)
           ^^^^^^^^^^^^^^^^^^^^^^^^^^^^^^^^
  File "/home/shreya/venvs/fusion_qat/lib/python3.12/site-packages/torch/nn/modules/module.py", line 1750, in _call_impl
    return forward_call(*args, **kwargs)
           ^^^^^^^^^^^^^^^^^^^^^^^^^^^^^
  File "/home/shreya/venvs/fusion_qat/lib/python3.12/site-packages/torch/_dynamo/eval_frame.py", line 574, in _fn
    return fn(*args, **kwargs)
           ^^^^^^^^^^^^^^^^^^^
  File "/home/shreya/venvs/fusion_qat/lib/python3.12/site-packages/torch/nn/modules/module.py", line 1739, in _wrapped_call_impl
    return self._call_impl(*args, **kwargs)
           ^^^^^^^^^^^^^^^^^^^^^^^^^^^^^^^^
  File "/home/shreya/venvs/fusion_qat/lib/python3.12/site-packages/torch/nn/modules/module.py", line 1750, in _call_impl
    return forward_call(*args, **kwargs)
           ^^^^^^^^^^^^^^^^^^^^^^^^^^^^^
TypeError: VisionTransformer.forward() got an unexpected keyword argument 'pixel_values'
2026-06-04 10:51:07,295 INFO sweep: Saved vit_s__fp16__compile__b64__s128.json
2026-06-04 10:51:07,296 INFO sweep: Progress: 161/192
2026-06-04 10:51:07,296 INFO sweep: START: vit-s | bf16 | eager | batch=1 seq=128
2026-06-04 10:51:07,538 WARNING deterministic: FLOPs estimation failed: VisionTransformer.forward() got an unexpected keyword argument 'pixel_values'
2026-06-04 10:51:07,539 WARNING deterministic: Kernel profiling failed: VisionTransformer.forward() got an unexpected keyword argument 'pixel_values'
2026-06-04 10:51:07,540 ERROR sweep: Unexpected error: VisionTransformer.forward() got an unexpected keyword argument 'pixel_values'
Traceback (most recent call last):
  File "/home/shreya/Coding/optimizer_V2/edge_quant_bench/run_sweep.py", line 179, in run_one
    stats = time_model(run_fn, cooldown_fn=cooldown_fn)
            ^^^^^^^^^^^^^^^^^^^^^^^^^^^^^^^^^^^^^^^^^^^
  File "/home/shreya/Coding/optimizer_V2/edge_quant_bench/measure.py", line 18, in time_model
    run_fn()
  File "/home/shreya/Coding/optimizer_V2/edge_quant_bench/run_sweep.py", line 137, in run_fn
    def run_fn(): return model(**inputs)
                         ^^^^^^^^^^^^^^^
  File "/home/shreya/venvs/fusion_qat/lib/python3.12/site-packages/torch/nn/modules/module.py", line 1739, in _wrapped_call_impl
    return self._call_impl(*args, **kwargs)
           ^^^^^^^^^^^^^^^^^^^^^^^^^^^^^^^^
  File "/home/shreya/venvs/fusion_qat/lib/python3.12/site-packages/torch/nn/modules/module.py", line 1750, in _call_impl
    return forward_call(*args, **kwargs)
           ^^^^^^^^^^^^^^^^^^^^^^^^^^^^^
TypeError: VisionTransformer.forward() got an unexpected keyword argument 'pixel_values'
2026-06-04 10:51:08,016 INFO sweep: Saved vit_s__bf16__eager__b1__s128.json
2026-06-04 10:51:08,016 INFO sweep: Progress: 162/192
2026-06-04 10:51:08,016 INFO sweep: START: vit-s | bf16 | eager | batch=4 seq=128
2026-06-04 10:51:08,260 WARNING deterministic: FLOPs estimation failed: VisionTransformer.forward() got an unexpected keyword argument 'pixel_values'
2026-06-04 10:51:08,261 WARNING deterministic: Kernel profiling failed: VisionTransformer.forward() got an unexpected keyword argument 'pixel_values'
2026-06-04 10:51:08,261 ERROR sweep: Unexpected error: VisionTransformer.forward() got an unexpected keyword argument 'pixel_values'
Traceback (most recent call last):
  File "/home/shreya/Coding/optimizer_V2/edge_quant_bench/run_sweep.py", line 179, in run_one
    stats = time_model(run_fn, cooldown_fn=cooldown_fn)
            ^^^^^^^^^^^^^^^^^^^^^^^^^^^^^^^^^^^^^^^^^^^
  File "/home/shreya/Coding/optimizer_V2/edge_quant_bench/measure.py", line 18, in time_model
    run_fn()
  File "/home/shreya/Coding/optimizer_V2/edge_quant_bench/run_sweep.py", line 137, in run_fn
    def run_fn(): return model(**inputs)
                         ^^^^^^^^^^^^^^^
  File "/home/shreya/venvs/fusion_qat/lib/python3.12/site-packages/torch/nn/modules/module.py", line 1739, in _wrapped_call_impl
    return self._call_impl(*args, **kwargs)
           ^^^^^^^^^^^^^^^^^^^^^^^^^^^^^^^^
  File "/home/shreya/venvs/fusion_qat/lib/python3.12/site-packages/torch/nn/modules/module.py", line 1750, in _call_impl
    return forward_call(*args, **kwargs)
           ^^^^^^^^^^^^^^^^^^^^^^^^^^^^^
TypeError: VisionTransformer.forward() got an unexpected keyword argument 'pixel_values'
2026-06-04 10:51:08,751 INFO sweep: Saved vit_s__bf16__eager__b4__s128.json
2026-06-04 10:51:08,751 INFO sweep: Progress: 163/192
2026-06-04 10:51:08,751 INFO sweep: START: vit-s | bf16 | eager | batch=16 seq=128
2026-06-04 10:51:08,996 WARNING deterministic: FLOPs estimation failed: VisionTransformer.forward() got an unexpected keyword argument 'pixel_values'
2026-06-04 10:51:08,997 WARNING deterministic: Kernel profiling failed: VisionTransformer.forward() got an unexpected keyword argument 'pixel_values'
2026-06-04 10:51:08,997 ERROR sweep: Unexpected error: VisionTransformer.forward() got an unexpected keyword argument 'pixel_values'
Traceback (most recent call last):
  File "/home/shreya/Coding/optimizer_V2/edge_quant_bench/run_sweep.py", line 179, in run_one
    stats = time_model(run_fn, cooldown_fn=cooldown_fn)
            ^^^^^^^^^^^^^^^^^^^^^^^^^^^^^^^^^^^^^^^^^^^
  File "/home/shreya/Coding/optimizer_V2/edge_quant_bench/measure.py", line 18, in time_model
    run_fn()
  File "/home/shreya/Coding/optimizer_V2/edge_quant_bench/run_sweep.py", line 137, in run_fn
    def run_fn(): return model(**inputs)
                         ^^^^^^^^^^^^^^^
  File "/home/shreya/venvs/fusion_qat/lib/python3.12/site-packages/torch/nn/modules/module.py", line 1739, in _wrapped_call_impl
    return self._call_impl(*args, **kwargs)
           ^^^^^^^^^^^^^^^^^^^^^^^^^^^^^^^^
  File "/home/shreya/venvs/fusion_qat/lib/python3.12/site-packages/torch/nn/modules/module.py", line 1750, in _call_impl
    return forward_call(*args, **kwargs)
           ^^^^^^^^^^^^^^^^^^^^^^^^^^^^^
TypeError: VisionTransformer.forward() got an unexpected keyword argument 'pixel_values'
2026-06-04 10:51:09,480 INFO sweep: Saved vit_s__bf16__eager__b16__s128.json
2026-06-04 10:51:09,480 INFO sweep: Progress: 164/192
2026-06-04 10:51:09,480 INFO sweep: START: vit-s | bf16 | eager | batch=64 seq=128
2026-06-04 10:51:09,730 WARNING deterministic: FLOPs estimation failed: VisionTransformer.forward() got an unexpected keyword argument 'pixel_values'
2026-06-04 10:51:09,732 WARNING deterministic: Kernel profiling failed: VisionTransformer.forward() got an unexpected keyword argument 'pixel_values'
2026-06-04 10:51:09,732 ERROR sweep: Unexpected error: VisionTransformer.forward() got an unexpected keyword argument 'pixel_values'
Traceback (most recent call last):
  File "/home/shreya/Coding/optimizer_V2/edge_quant_bench/run_sweep.py", line 179, in run_one
    stats = time_model(run_fn, cooldown_fn=cooldown_fn)
            ^^^^^^^^^^^^^^^^^^^^^^^^^^^^^^^^^^^^^^^^^^^
  File "/home/shreya/Coding/optimizer_V2/edge_quant_bench/measure.py", line 18, in time_model
    run_fn()
  File "/home/shreya/Coding/optimizer_V2/edge_quant_bench/run_sweep.py", line 137, in run_fn
    def run_fn(): return model(**inputs)
                         ^^^^^^^^^^^^^^^
  File "/home/shreya/venvs/fusion_qat/lib/python3.12/site-packages/torch/nn/modules/module.py", line 1739, in _wrapped_call_impl
    return self._call_impl(*args, **kwargs)
           ^^^^^^^^^^^^^^^^^^^^^^^^^^^^^^^^
  File "/home/shreya/venvs/fusion_qat/lib/python3.12/site-packages/torch/nn/modules/module.py", line 1750, in _call_impl
    return forward_call(*args, **kwargs)
           ^^^^^^^^^^^^^^^^^^^^^^^^^^^^^
TypeError: VisionTransformer.forward() got an unexpected keyword argument 'pixel_values'
2026-06-04 10:51:10,214 INFO sweep: Saved vit_s__bf16__eager__b64__s128.json
2026-06-04 10:51:10,214 INFO sweep: Progress: 165/192
2026-06-04 10:51:10,214 INFO sweep: START: vit-s | bf16 | compile | batch=1 seq=128
2026-06-04 10:51:10,466 WARNING deterministic: FLOPs estimation failed: VisionTransformer.forward() got an unexpected keyword argument 'pixel_values'
2026-06-04 10:51:10,467 WARNING sweep: Compile warmup error: VisionTransformer.forward() got an unexpected keyword argument 'pixel_values'
2026-06-04 10:51:10,468 WARNING deterministic: Kernel profiling failed: VisionTransformer.forward() got an unexpected keyword argument 'pixel_values'
2026-06-04 10:51:10,469 ERROR sweep: Unexpected error: VisionTransformer.forward() got an unexpected keyword argument 'pixel_values'
Traceback (most recent call last):
  File "/home/shreya/Coding/optimizer_V2/edge_quant_bench/run_sweep.py", line 179, in run_one
    stats = time_model(run_fn, cooldown_fn=cooldown_fn)
            ^^^^^^^^^^^^^^^^^^^^^^^^^^^^^^^^^^^^^^^^^^^
  File "/home/shreya/Coding/optimizer_V2/edge_quant_bench/measure.py", line 18, in time_model
    run_fn()
  File "/home/shreya/Coding/optimizer_V2/edge_quant_bench/run_sweep.py", line 144, in run_fn
    def run_fn(): return compiled(**inputs)
                         ^^^^^^^^^^^^^^^^^^
  File "/home/shreya/venvs/fusion_qat/lib/python3.12/site-packages/torch/nn/modules/module.py", line 1739, in _wrapped_call_impl
    return self._call_impl(*args, **kwargs)
           ^^^^^^^^^^^^^^^^^^^^^^^^^^^^^^^^
  File "/home/shreya/venvs/fusion_qat/lib/python3.12/site-packages/torch/nn/modules/module.py", line 1750, in _call_impl
    return forward_call(*args, **kwargs)
           ^^^^^^^^^^^^^^^^^^^^^^^^^^^^^
  File "/home/shreya/venvs/fusion_qat/lib/python3.12/site-packages/torch/_dynamo/eval_frame.py", line 574, in _fn
    return fn(*args, **kwargs)
           ^^^^^^^^^^^^^^^^^^^
  File "/home/shreya/venvs/fusion_qat/lib/python3.12/site-packages/torch/nn/modules/module.py", line 1739, in _wrapped_call_impl
    return self._call_impl(*args, **kwargs)
           ^^^^^^^^^^^^^^^^^^^^^^^^^^^^^^^^
  File "/home/shreya/venvs/fusion_qat/lib/python3.12/site-packages/torch/nn/modules/module.py", line 1750, in _call_impl
    return forward_call(*args, **kwargs)
           ^^^^^^^^^^^^^^^^^^^^^^^^^^^^^
TypeError: VisionTransformer.forward() got an unexpected keyword argument 'pixel_values'
2026-06-04 10:51:10,941 INFO sweep: Saved vit_s__bf16__compile__b1__s128.json
2026-06-04 10:51:10,942 INFO sweep: Progress: 166/192
2026-06-04 10:51:10,942 INFO sweep: START: vit-s | bf16 | compile | batch=4 seq=128
2026-06-04 10:51:11,196 WARNING deterministic: FLOPs estimation failed: VisionTransformer.forward() got an unexpected keyword argument 'pixel_values'
2026-06-04 10:51:11,197 WARNING sweep: Compile warmup error: VisionTransformer.forward() got an unexpected keyword argument 'pixel_values'
2026-06-04 10:51:11,202 WARNING deterministic: Kernel profiling failed: VisionTransformer.forward() got an unexpected keyword argument 'pixel_values'
2026-06-04 10:51:11,202 ERROR sweep: Unexpected error: VisionTransformer.forward() got an unexpected keyword argument 'pixel_values'
Traceback (most recent call last):
  File "/home/shreya/Coding/optimizer_V2/edge_quant_bench/run_sweep.py", line 179, in run_one
    stats = time_model(run_fn, cooldown_fn=cooldown_fn)
            ^^^^^^^^^^^^^^^^^^^^^^^^^^^^^^^^^^^^^^^^^^^
  File "/home/shreya/Coding/optimizer_V2/edge_quant_bench/measure.py", line 18, in time_model
    run_fn()
  File "/home/shreya/Coding/optimizer_V2/edge_quant_bench/run_sweep.py", line 144, in run_fn
    def run_fn(): return compiled(**inputs)
                         ^^^^^^^^^^^^^^^^^^
  File "/home/shreya/venvs/fusion_qat/lib/python3.12/site-packages/torch/nn/modules/module.py", line 1739, in _wrapped_call_impl
    return self._call_impl(*args, **kwargs)
           ^^^^^^^^^^^^^^^^^^^^^^^^^^^^^^^^
  File "/home/shreya/venvs/fusion_qat/lib/python3.12/site-packages/torch/nn/modules/module.py", line 1750, in _call_impl
    return forward_call(*args, **kwargs)
           ^^^^^^^^^^^^^^^^^^^^^^^^^^^^^
  File "/home/shreya/venvs/fusion_qat/lib/python3.12/site-packages/torch/_dynamo/eval_frame.py", line 574, in _fn
    return fn(*args, **kwargs)
           ^^^^^^^^^^^^^^^^^^^
  File "/home/shreya/venvs/fusion_qat/lib/python3.12/site-packages/torch/nn/modules/module.py", line 1739, in _wrapped_call_impl
    return self._call_impl(*args, **kwargs)
           ^^^^^^^^^^^^^^^^^^^^^^^^^^^^^^^^
  File "/home/shreya/venvs/fusion_qat/lib/python3.12/site-packages/torch/nn/modules/module.py", line 1750, in _call_impl
    return forward_call(*args, **kwargs)
           ^^^^^^^^^^^^^^^^^^^^^^^^^^^^^
TypeError: VisionTransformer.forward() got an unexpected keyword argument 'pixel_values'
2026-06-04 10:51:11,685 INFO sweep: Saved vit_s__bf16__compile__b4__s128.json
2026-06-04 10:51:11,686 INFO sweep: Progress: 167/192
2026-06-04 10:51:11,686 INFO sweep: START: vit-s | bf16 | compile | batch=16 seq=128
2026-06-04 10:51:11,931 WARNING deterministic: FLOPs estimation failed: VisionTransformer.forward() got an unexpected keyword argument 'pixel_values'
2026-06-04 10:51:11,932 WARNING sweep: Compile warmup error: VisionTransformer.forward() got an unexpected keyword argument 'pixel_values'
2026-06-04 10:51:11,934 WARNING deterministic: Kernel profiling failed: VisionTransformer.forward() got an unexpected keyword argument 'pixel_values'
2026-06-04 10:51:11,934 ERROR sweep: Unexpected error: VisionTransformer.forward() got an unexpected keyword argument 'pixel_values'
Traceback (most recent call last):
  File "/home/shreya/Coding/optimizer_V2/edge_quant_bench/run_sweep.py", line 179, in run_one
    stats = time_model(run_fn, cooldown_fn=cooldown_fn)
            ^^^^^^^^^^^^^^^^^^^^^^^^^^^^^^^^^^^^^^^^^^^
  File "/home/shreya/Coding/optimizer_V2/edge_quant_bench/measure.py", line 18, in time_model
    run_fn()
  File "/home/shreya/Coding/optimizer_V2/edge_quant_bench/run_sweep.py", line 144, in run_fn
    def run_fn(): return compiled(**inputs)
                         ^^^^^^^^^^^^^^^^^^
  File "/home/shreya/venvs/fusion_qat/lib/python3.12/site-packages/torch/nn/modules/module.py", line 1739, in _wrapped_call_impl
    return self._call_impl(*args, **kwargs)
           ^^^^^^^^^^^^^^^^^^^^^^^^^^^^^^^^
  File "/home/shreya/venvs/fusion_qat/lib/python3.12/site-packages/torch/nn/modules/module.py", line 1750, in _call_impl
    return forward_call(*args, **kwargs)
           ^^^^^^^^^^^^^^^^^^^^^^^^^^^^^
  File "/home/shreya/venvs/fusion_qat/lib/python3.12/site-packages/torch/_dynamo/eval_frame.py", line 574, in _fn
    return fn(*args, **kwargs)
           ^^^^^^^^^^^^^^^^^^^
  File "/home/shreya/venvs/fusion_qat/lib/python3.12/site-packages/torch/nn/modules/module.py", line 1739, in _wrapped_call_impl
    return self._call_impl(*args, **kwargs)
           ^^^^^^^^^^^^^^^^^^^^^^^^^^^^^^^^
  File "/home/shreya/venvs/fusion_qat/lib/python3.12/site-packages/torch/nn/modules/module.py", line 1750, in _call_impl
    return forward_call(*args, **kwargs)
           ^^^^^^^^^^^^^^^^^^^^^^^^^^^^^
TypeError: VisionTransformer.forward() got an unexpected keyword argument 'pixel_values'
2026-06-04 10:51:12,414 INFO sweep: Saved vit_s__bf16__compile__b16__s128.json
2026-06-04 10:51:12,414 INFO sweep: Progress: 168/192
2026-06-04 10:51:12,415 INFO sweep: START: vit-s | bf16 | compile | batch=64 seq=128
2026-06-04 10:51:12,715 WARNING deterministic: FLOPs estimation failed: VisionTransformer.forward() got an unexpected keyword argument 'pixel_values'
2026-06-04 10:51:12,717 WARNING sweep: Compile warmup error: VisionTransformer.forward() got an unexpected keyword argument 'pixel_values'
2026-06-04 10:51:12,718 WARNING deterministic: Kernel profiling failed: VisionTransformer.forward() got an unexpected keyword argument 'pixel_values'
2026-06-04 10:51:12,718 ERROR sweep: Unexpected error: VisionTransformer.forward() got an unexpected keyword argument 'pixel_values'
Traceback (most recent call last):
  File "/home/shreya/Coding/optimizer_V2/edge_quant_bench/run_sweep.py", line 179, in run_one
    stats = time_model(run_fn, cooldown_fn=cooldown_fn)
            ^^^^^^^^^^^^^^^^^^^^^^^^^^^^^^^^^^^^^^^^^^^
  File "/home/shreya/Coding/optimizer_V2/edge_quant_bench/measure.py", line 18, in time_model
    run_fn()
  File "/home/shreya/Coding/optimizer_V2/edge_quant_bench/run_sweep.py", line 144, in run_fn
    def run_fn(): return compiled(**inputs)
                         ^^^^^^^^^^^^^^^^^^
  File "/home/shreya/venvs/fusion_qat/lib/python3.12/site-packages/torch/nn/modules/module.py", line 1739, in _wrapped_call_impl
    return self._call_impl(*args, **kwargs)
           ^^^^^^^^^^^^^^^^^^^^^^^^^^^^^^^^
  File "/home/shreya/venvs/fusion_qat/lib/python3.12/site-packages/torch/nn/modules/module.py", line 1750, in _call_impl
    return forward_call(*args, **kwargs)
           ^^^^^^^^^^^^^^^^^^^^^^^^^^^^^
  File "/home/shreya/venvs/fusion_qat/lib/python3.12/site-packages/torch/_dynamo/eval_frame.py", line 574, in _fn
    return fn(*args, **kwargs)
           ^^^^^^^^^^^^^^^^^^^
  File "/home/shreya/venvs/fusion_qat/lib/python3.12/site-packages/torch/nn/modules/module.py", line 1739, in _wrapped_call_impl
    return self._call_impl(*args, **kwargs)
           ^^^^^^^^^^^^^^^^^^^^^^^^^^^^^^^^
  File "/home/shreya/venvs/fusion_qat/lib/python3.12/site-packages/torch/nn/modules/module.py", line 1750, in _call_impl
    return forward_call(*args, **kwargs)
           ^^^^^^^^^^^^^^^^^^^^^^^^^^^^^
TypeError: VisionTransformer.forward() got an unexpected keyword argument 'pixel_values'
2026-06-04 10:51:13,204 INFO sweep: Saved vit_s__bf16__compile__b64__s128.json
2026-06-04 10:51:13,205 INFO sweep: Progress: 169/192
2026-06-04 10:51:13,205 INFO sweep: START: vit-s | w8a16 | eager | batch=1 seq=128
2026-06-04 10:51:13,522 WARNING deterministic: FLOPs estimation failed: VisionTransformer.forward() got an unexpected keyword argument 'pixel_values'
2026-06-04 10:51:13,523 WARNING deterministic: Kernel profiling failed: VisionTransformer.forward() got an unexpected keyword argument 'pixel_values'
2026-06-04 10:51:13,524 ERROR sweep: Unexpected error: VisionTransformer.forward() got an unexpected keyword argument 'pixel_values'
Traceback (most recent call last):
  File "/home/shreya/Coding/optimizer_V2/edge_quant_bench/run_sweep.py", line 179, in run_one
    stats = time_model(run_fn, cooldown_fn=cooldown_fn)
            ^^^^^^^^^^^^^^^^^^^^^^^^^^^^^^^^^^^^^^^^^^^
  File "/home/shreya/Coding/optimizer_V2/edge_quant_bench/measure.py", line 18, in time_model
    run_fn()
  File "/home/shreya/Coding/optimizer_V2/edge_quant_bench/run_sweep.py", line 137, in run_fn
    def run_fn(): return model(**inputs)
                         ^^^^^^^^^^^^^^^
  File "/home/shreya/venvs/fusion_qat/lib/python3.12/site-packages/torch/nn/modules/module.py", line 1739, in _wrapped_call_impl
    return self._call_impl(*args, **kwargs)
           ^^^^^^^^^^^^^^^^^^^^^^^^^^^^^^^^
  File "/home/shreya/venvs/fusion_qat/lib/python3.12/site-packages/torch/nn/modules/module.py", line 1750, in _call_impl
    return forward_call(*args, **kwargs)
           ^^^^^^^^^^^^^^^^^^^^^^^^^^^^^
TypeError: VisionTransformer.forward() got an unexpected keyword argument 'pixel_values'
2026-06-04 10:51:14,011 INFO sweep: Saved vit_s__w8a16__eager__b1__s128.json
2026-06-04 10:51:14,011 INFO sweep: Progress: 170/192
2026-06-04 10:51:14,011 INFO sweep: START: vit-s | w8a16 | eager | batch=4 seq=128
2026-06-04 10:51:14,342 WARNING deterministic: FLOPs estimation failed: VisionTransformer.forward() got an unexpected keyword argument 'pixel_values'
2026-06-04 10:51:14,343 WARNING deterministic: Kernel profiling failed: VisionTransformer.forward() got an unexpected keyword argument 'pixel_values'
2026-06-04 10:51:14,343 ERROR sweep: Unexpected error: VisionTransformer.forward() got an unexpected keyword argument 'pixel_values'
Traceback (most recent call last):
  File "/home/shreya/Coding/optimizer_V2/edge_quant_bench/run_sweep.py", line 179, in run_one
    stats = time_model(run_fn, cooldown_fn=cooldown_fn)
            ^^^^^^^^^^^^^^^^^^^^^^^^^^^^^^^^^^^^^^^^^^^
  File "/home/shreya/Coding/optimizer_V2/edge_quant_bench/measure.py", line 18, in time_model
    run_fn()
  File "/home/shreya/Coding/optimizer_V2/edge_quant_bench/run_sweep.py", line 137, in run_fn
    def run_fn(): return model(**inputs)
                         ^^^^^^^^^^^^^^^
  File "/home/shreya/venvs/fusion_qat/lib/python3.12/site-packages/torch/nn/modules/module.py", line 1739, in _wrapped_call_impl
    return self._call_impl(*args, **kwargs)
           ^^^^^^^^^^^^^^^^^^^^^^^^^^^^^^^^
  File "/home/shreya/venvs/fusion_qat/lib/python3.12/site-packages/torch/nn/modules/module.py", line 1750, in _call_impl
    return forward_call(*args, **kwargs)
           ^^^^^^^^^^^^^^^^^^^^^^^^^^^^^
TypeError: VisionTransformer.forward() got an unexpected keyword argument 'pixel_values'
2026-06-04 10:51:14,831 INFO sweep: Saved vit_s__w8a16__eager__b4__s128.json
2026-06-04 10:51:14,831 INFO sweep: Progress: 171/192
2026-06-04 10:51:14,832 INFO sweep: START: vit-s | w8a16 | eager | batch=16 seq=128
2026-06-04 10:51:15,137 WARNING deterministic: FLOPs estimation failed: VisionTransformer.forward() got an unexpected keyword argument 'pixel_values'
2026-06-04 10:51:15,138 WARNING deterministic: Kernel profiling failed: VisionTransformer.forward() got an unexpected keyword argument 'pixel_values'
2026-06-04 10:51:15,138 ERROR sweep: Unexpected error: VisionTransformer.forward() got an unexpected keyword argument 'pixel_values'
Traceback (most recent call last):
  File "/home/shreya/Coding/optimizer_V2/edge_quant_bench/run_sweep.py", line 179, in run_one
    stats = time_model(run_fn, cooldown_fn=cooldown_fn)
            ^^^^^^^^^^^^^^^^^^^^^^^^^^^^^^^^^^^^^^^^^^^
  File "/home/shreya/Coding/optimizer_V2/edge_quant_bench/measure.py", line 18, in time_model
    run_fn()
  File "/home/shreya/Coding/optimizer_V2/edge_quant_bench/run_sweep.py", line 137, in run_fn
    def run_fn(): return model(**inputs)
                         ^^^^^^^^^^^^^^^
  File "/home/shreya/venvs/fusion_qat/lib/python3.12/site-packages/torch/nn/modules/module.py", line 1739, in _wrapped_call_impl
    return self._call_impl(*args, **kwargs)
           ^^^^^^^^^^^^^^^^^^^^^^^^^^^^^^^^
  File "/home/shreya/venvs/fusion_qat/lib/python3.12/site-packages/torch/nn/modules/module.py", line 1750, in _call_impl
    return forward_call(*args, **kwargs)
           ^^^^^^^^^^^^^^^^^^^^^^^^^^^^^
TypeError: VisionTransformer.forward() got an unexpected keyword argument 'pixel_values'
2026-06-04 10:51:15,622 INFO sweep: Saved vit_s__w8a16__eager__b16__s128.json
2026-06-04 10:51:15,622 INFO sweep: Progress: 172/192
2026-06-04 10:51:15,622 INFO sweep: START: vit-s | w8a16 | eager | batch=64 seq=128
2026-06-04 10:51:15,894 WARNING deterministic: FLOPs estimation failed: VisionTransformer.forward() got an unexpected keyword argument 'pixel_values'
2026-06-04 10:51:15,896 WARNING deterministic: Kernel profiling failed: VisionTransformer.forward() got an unexpected keyword argument 'pixel_values'
2026-06-04 10:51:15,896 ERROR sweep: Unexpected error: VisionTransformer.forward() got an unexpected keyword argument 'pixel_values'
Traceback (most recent call last):
  File "/home/shreya/Coding/optimizer_V2/edge_quant_bench/run_sweep.py", line 179, in run_one
    stats = time_model(run_fn, cooldown_fn=cooldown_fn)
            ^^^^^^^^^^^^^^^^^^^^^^^^^^^^^^^^^^^^^^^^^^^
  File "/home/shreya/Coding/optimizer_V2/edge_quant_bench/measure.py", line 18, in time_model
    run_fn()
  File "/home/shreya/Coding/optimizer_V2/edge_quant_bench/run_sweep.py", line 137, in run_fn
    def run_fn(): return model(**inputs)
                         ^^^^^^^^^^^^^^^
  File "/home/shreya/venvs/fusion_qat/lib/python3.12/site-packages/torch/nn/modules/module.py", line 1739, in _wrapped_call_impl
    return self._call_impl(*args, **kwargs)
           ^^^^^^^^^^^^^^^^^^^^^^^^^^^^^^^^
  File "/home/shreya/venvs/fusion_qat/lib/python3.12/site-packages/torch/nn/modules/module.py", line 1750, in _call_impl
    return forward_call(*args, **kwargs)
           ^^^^^^^^^^^^^^^^^^^^^^^^^^^^^
TypeError: VisionTransformer.forward() got an unexpected keyword argument 'pixel_values'
2026-06-04 10:51:16,374 INFO sweep: Saved vit_s__w8a16__eager__b64__s128.json
2026-06-04 10:51:16,374 INFO sweep: Progress: 173/192
2026-06-04 10:51:16,374 INFO sweep: START: vit-s | w8a16 | compile | batch=1 seq=128
2026-06-04 10:51:16,692 WARNING deterministic: FLOPs estimation failed: VisionTransformer.forward() got an unexpected keyword argument 'pixel_values'
2026-06-04 10:51:16,693 WARNING sweep: Compile warmup error: VisionTransformer.forward() got an unexpected keyword argument 'pixel_values'
2026-06-04 10:51:16,695 WARNING deterministic: Kernel profiling failed: VisionTransformer.forward() got an unexpected keyword argument 'pixel_values'
2026-06-04 10:51:16,695 ERROR sweep: Unexpected error: VisionTransformer.forward() got an unexpected keyword argument 'pixel_values'
Traceback (most recent call last):
  File "/home/shreya/Coding/optimizer_V2/edge_quant_bench/run_sweep.py", line 179, in run_one
    stats = time_model(run_fn, cooldown_fn=cooldown_fn)
            ^^^^^^^^^^^^^^^^^^^^^^^^^^^^^^^^^^^^^^^^^^^
  File "/home/shreya/Coding/optimizer_V2/edge_quant_bench/measure.py", line 18, in time_model
    run_fn()
  File "/home/shreya/Coding/optimizer_V2/edge_quant_bench/run_sweep.py", line 144, in run_fn
    def run_fn(): return compiled(**inputs)
                         ^^^^^^^^^^^^^^^^^^
  File "/home/shreya/venvs/fusion_qat/lib/python3.12/site-packages/torch/nn/modules/module.py", line 1739, in _wrapped_call_impl
    return self._call_impl(*args, **kwargs)
           ^^^^^^^^^^^^^^^^^^^^^^^^^^^^^^^^
  File "/home/shreya/venvs/fusion_qat/lib/python3.12/site-packages/torch/nn/modules/module.py", line 1750, in _call_impl
    return forward_call(*args, **kwargs)
           ^^^^^^^^^^^^^^^^^^^^^^^^^^^^^
  File "/home/shreya/venvs/fusion_qat/lib/python3.12/site-packages/torch/_dynamo/eval_frame.py", line 574, in _fn
    return fn(*args, **kwargs)
           ^^^^^^^^^^^^^^^^^^^
  File "/home/shreya/venvs/fusion_qat/lib/python3.12/site-packages/torch/nn/modules/module.py", line 1739, in _wrapped_call_impl
    return self._call_impl(*args, **kwargs)
           ^^^^^^^^^^^^^^^^^^^^^^^^^^^^^^^^
  File "/home/shreya/venvs/fusion_qat/lib/python3.12/site-packages/torch/nn/modules/module.py", line 1750, in _call_impl
    return forward_call(*args, **kwargs)
           ^^^^^^^^^^^^^^^^^^^^^^^^^^^^^
TypeError: VisionTransformer.forward() got an unexpected keyword argument 'pixel_values'
2026-06-04 10:51:17,167 INFO sweep: Saved vit_s__w8a16__compile__b1__s128.json
2026-06-04 10:51:17,168 INFO sweep: Progress: 174/192
2026-06-04 10:51:17,168 INFO sweep: START: vit-s | w8a16 | compile | batch=4 seq=128
2026-06-04 10:51:17,488 WARNING deterministic: FLOPs estimation failed: VisionTransformer.forward() got an unexpected keyword argument 'pixel_values'
2026-06-04 10:51:17,489 WARNING sweep: Compile warmup error: VisionTransformer.forward() got an unexpected keyword argument 'pixel_values'
2026-06-04 10:51:17,490 WARNING deterministic: Kernel profiling failed: VisionTransformer.forward() got an unexpected keyword argument 'pixel_values'
2026-06-04 10:51:17,490 ERROR sweep: Unexpected error: VisionTransformer.forward() got an unexpected keyword argument 'pixel_values'
Traceback (most recent call last):
  File "/home/shreya/Coding/optimizer_V2/edge_quant_bench/run_sweep.py", line 179, in run_one
    stats = time_model(run_fn, cooldown_fn=cooldown_fn)
            ^^^^^^^^^^^^^^^^^^^^^^^^^^^^^^^^^^^^^^^^^^^
  File "/home/shreya/Coding/optimizer_V2/edge_quant_bench/measure.py", line 18, in time_model
    run_fn()
  File "/home/shreya/Coding/optimizer_V2/edge_quant_bench/run_sweep.py", line 144, in run_fn
    def run_fn(): return compiled(**inputs)
                         ^^^^^^^^^^^^^^^^^^
  File "/home/shreya/venvs/fusion_qat/lib/python3.12/site-packages/torch/nn/modules/module.py", line 1739, in _wrapped_call_impl
    return self._call_impl(*args, **kwargs)
           ^^^^^^^^^^^^^^^^^^^^^^^^^^^^^^^^
  File "/home/shreya/venvs/fusion_qat/lib/python3.12/site-packages/torch/nn/modules/module.py", line 1750, in _call_impl
    return forward_call(*args, **kwargs)
           ^^^^^^^^^^^^^^^^^^^^^^^^^^^^^
  File "/home/shreya/venvs/fusion_qat/lib/python3.12/site-packages/torch/_dynamo/eval_frame.py", line 574, in _fn
    return fn(*args, **kwargs)
           ^^^^^^^^^^^^^^^^^^^
  File "/home/shreya/venvs/fusion_qat/lib/python3.12/site-packages/torch/nn/modules/module.py", line 1739, in _wrapped_call_impl
    return self._call_impl(*args, **kwargs)
           ^^^^^^^^^^^^^^^^^^^^^^^^^^^^^^^^
  File "/home/shreya/venvs/fusion_qat/lib/python3.12/site-packages/torch/nn/modules/module.py", line 1750, in _call_impl
    return forward_call(*args, **kwargs)
           ^^^^^^^^^^^^^^^^^^^^^^^^^^^^^
TypeError: VisionTransformer.forward() got an unexpected keyword argument 'pixel_values'
2026-06-04 10:51:17,971 INFO sweep: Saved vit_s__w8a16__compile__b4__s128.json
2026-06-04 10:51:17,972 INFO sweep: Progress: 175/192
2026-06-04 10:51:17,972 INFO sweep: START: vit-s | w8a16 | compile | batch=16 seq=128
2026-06-04 10:51:18,287 WARNING deterministic: FLOPs estimation failed: VisionTransformer.forward() got an unexpected keyword argument 'pixel_values'
2026-06-04 10:51:18,288 WARNING sweep: Compile warmup error: VisionTransformer.forward() got an unexpected keyword argument 'pixel_values'
2026-06-04 10:51:18,292 WARNING deterministic: Kernel profiling failed: VisionTransformer.forward() got an unexpected keyword argument 'pixel_values'
2026-06-04 10:51:18,292 ERROR sweep: Unexpected error: VisionTransformer.forward() got an unexpected keyword argument 'pixel_values'
Traceback (most recent call last):
  File "/home/shreya/Coding/optimizer_V2/edge_quant_bench/run_sweep.py", line 179, in run_one
    stats = time_model(run_fn, cooldown_fn=cooldown_fn)
            ^^^^^^^^^^^^^^^^^^^^^^^^^^^^^^^^^^^^^^^^^^^
  File "/home/shreya/Coding/optimizer_V2/edge_quant_bench/measure.py", line 18, in time_model
    run_fn()
  File "/home/shreya/Coding/optimizer_V2/edge_quant_bench/run_sweep.py", line 144, in run_fn
    def run_fn(): return compiled(**inputs)
                         ^^^^^^^^^^^^^^^^^^
  File "/home/shreya/venvs/fusion_qat/lib/python3.12/site-packages/torch/nn/modules/module.py", line 1739, in _wrapped_call_impl
    return self._call_impl(*args, **kwargs)
           ^^^^^^^^^^^^^^^^^^^^^^^^^^^^^^^^
  File "/home/shreya/venvs/fusion_qat/lib/python3.12/site-packages/torch/nn/modules/module.py", line 1750, in _call_impl
    return forward_call(*args, **kwargs)
           ^^^^^^^^^^^^^^^^^^^^^^^^^^^^^
  File "/home/shreya/venvs/fusion_qat/lib/python3.12/site-packages/torch/_dynamo/eval_frame.py", line 574, in _fn
    return fn(*args, **kwargs)
           ^^^^^^^^^^^^^^^^^^^
  File "/home/shreya/venvs/fusion_qat/lib/python3.12/site-packages/torch/nn/modules/module.py", line 1739, in _wrapped_call_impl
    return self._call_impl(*args, **kwargs)
           ^^^^^^^^^^^^^^^^^^^^^^^^^^^^^^^^
  File "/home/shreya/venvs/fusion_qat/lib/python3.12/site-packages/torch/nn/modules/module.py", line 1750, in _call_impl
    return forward_call(*args, **kwargs)
           ^^^^^^^^^^^^^^^^^^^^^^^^^^^^^
TypeError: VisionTransformer.forward() got an unexpected keyword argument 'pixel_values'
2026-06-04 10:51:18,777 INFO sweep: Saved vit_s__w8a16__compile__b16__s128.json
2026-06-04 10:51:18,777 INFO sweep: Progress: 176/192
2026-06-04 10:51:18,777 INFO sweep: START: vit-s | w8a16 | compile | batch=64 seq=128
2026-06-04 10:51:19,088 WARNING deterministic: FLOPs estimation failed: VisionTransformer.forward() got an unexpected keyword argument 'pixel_values'
2026-06-04 10:51:19,089 WARNING sweep: Compile warmup error: VisionTransformer.forward() got an unexpected keyword argument 'pixel_values'
2026-06-04 10:51:19,090 WARNING deterministic: Kernel profiling failed: VisionTransformer.forward() got an unexpected keyword argument 'pixel_values'
2026-06-04 10:51:19,090 ERROR sweep: Unexpected error: VisionTransformer.forward() got an unexpected keyword argument 'pixel_values'
Traceback (most recent call last):
  File "/home/shreya/Coding/optimizer_V2/edge_quant_bench/run_sweep.py", line 179, in run_one
    stats = time_model(run_fn, cooldown_fn=cooldown_fn)
            ^^^^^^^^^^^^^^^^^^^^^^^^^^^^^^^^^^^^^^^^^^^
  File "/home/shreya/Coding/optimizer_V2/edge_quant_bench/measure.py", line 18, in time_model
    run_fn()
  File "/home/shreya/Coding/optimizer_V2/edge_quant_bench/run_sweep.py", line 144, in run_fn
    def run_fn(): return compiled(**inputs)
                         ^^^^^^^^^^^^^^^^^^
  File "/home/shreya/venvs/fusion_qat/lib/python3.12/site-packages/torch/nn/modules/module.py", line 1739, in _wrapped_call_impl
    return self._call_impl(*args, **kwargs)
           ^^^^^^^^^^^^^^^^^^^^^^^^^^^^^^^^
  File "/home/shreya/venvs/fusion_qat/lib/python3.12/site-packages/torch/nn/modules/module.py", line 1750, in _call_impl
    return forward_call(*args, **kwargs)
           ^^^^^^^^^^^^^^^^^^^^^^^^^^^^^
  File "/home/shreya/venvs/fusion_qat/lib/python3.12/site-packages/torch/_dynamo/eval_frame.py", line 574, in _fn
    return fn(*args, **kwargs)
           ^^^^^^^^^^^^^^^^^^^
  File "/home/shreya/venvs/fusion_qat/lib/python3.12/site-packages/torch/nn/modules/module.py", line 1739, in _wrapped_call_impl
    return self._call_impl(*args, **kwargs)
           ^^^^^^^^^^^^^^^^^^^^^^^^^^^^^^^^
  File "/home/shreya/venvs/fusion_qat/lib/python3.12/site-packages/torch/nn/modules/module.py", line 1750, in _call_impl
    return forward_call(*args, **kwargs)
           ^^^^^^^^^^^^^^^^^^^^^^^^^^^^^
TypeError: VisionTransformer.forward() got an unexpected keyword argument 'pixel_values'
2026-06-04 10:51:19,596 INFO sweep: Saved vit_s__w8a16__compile__b64__s128.json
2026-06-04 10:51:19,597 INFO sweep: Progress: 177/192
2026-06-04 10:51:19,597 INFO sweep: START: vit-s | w4a16 | eager | batch=1 seq=128
2026-06-04 10:51:19,881 WARNING deterministic: FLOPs estimation failed: VisionTransformer.forward() got an unexpected keyword argument 'pixel_values'
2026-06-04 10:51:19,883 WARNING deterministic: Kernel profiling failed: VisionTransformer.forward() got an unexpected keyword argument 'pixel_values'
2026-06-04 10:51:19,883 ERROR sweep: Unexpected error: VisionTransformer.forward() got an unexpected keyword argument 'pixel_values'
Traceback (most recent call last):
  File "/home/shreya/Coding/optimizer_V2/edge_quant_bench/run_sweep.py", line 179, in run_one
    stats = time_model(run_fn, cooldown_fn=cooldown_fn)
            ^^^^^^^^^^^^^^^^^^^^^^^^^^^^^^^^^^^^^^^^^^^
  File "/home/shreya/Coding/optimizer_V2/edge_quant_bench/measure.py", line 18, in time_model
    run_fn()
  File "/home/shreya/Coding/optimizer_V2/edge_quant_bench/run_sweep.py", line 137, in run_fn
    def run_fn(): return model(**inputs)
                         ^^^^^^^^^^^^^^^
  File "/home/shreya/venvs/fusion_qat/lib/python3.12/site-packages/torch/nn/modules/module.py", line 1739, in _wrapped_call_impl
    return self._call_impl(*args, **kwargs)
           ^^^^^^^^^^^^^^^^^^^^^^^^^^^^^^^^
  File "/home/shreya/venvs/fusion_qat/lib/python3.12/site-packages/torch/nn/modules/module.py", line 1750, in _call_impl
    return forward_call(*args, **kwargs)
           ^^^^^^^^^^^^^^^^^^^^^^^^^^^^^
TypeError: VisionTransformer.forward() got an unexpected keyword argument 'pixel_values'
2026-06-04 10:51:20,362 INFO sweep: Saved vit_s__w4a16__eager__b1__s128.json
2026-06-04 10:51:20,362 INFO sweep: Progress: 178/192
2026-06-04 10:51:20,362 INFO sweep: START: vit-s | w4a16 | eager | batch=4 seq=128
2026-06-04 10:51:20,678 WARNING deterministic: FLOPs estimation failed: VisionTransformer.forward() got an unexpected keyword argument 'pixel_values'
2026-06-04 10:51:20,679 WARNING deterministic: Kernel profiling failed: VisionTransformer.forward() got an unexpected keyword argument 'pixel_values'
2026-06-04 10:51:20,679 ERROR sweep: Unexpected error: VisionTransformer.forward() got an unexpected keyword argument 'pixel_values'
Traceback (most recent call last):
  File "/home/shreya/Coding/optimizer_V2/edge_quant_bench/run_sweep.py", line 179, in run_one
    stats = time_model(run_fn, cooldown_fn=cooldown_fn)
            ^^^^^^^^^^^^^^^^^^^^^^^^^^^^^^^^^^^^^^^^^^^
  File "/home/shreya/Coding/optimizer_V2/edge_quant_bench/measure.py", line 18, in time_model
    run_fn()
  File "/home/shreya/Coding/optimizer_V2/edge_quant_bench/run_sweep.py", line 137, in run_fn
    def run_fn(): return model(**inputs)
                         ^^^^^^^^^^^^^^^
  File "/home/shreya/venvs/fusion_qat/lib/python3.12/site-packages/torch/nn/modules/module.py", line 1739, in _wrapped_call_impl
    return self._call_impl(*args, **kwargs)
           ^^^^^^^^^^^^^^^^^^^^^^^^^^^^^^^^
  File "/home/shreya/venvs/fusion_qat/lib/python3.12/site-packages/torch/nn/modules/module.py", line 1750, in _call_impl
    return forward_call(*args, **kwargs)
           ^^^^^^^^^^^^^^^^^^^^^^^^^^^^^
TypeError: VisionTransformer.forward() got an unexpected keyword argument 'pixel_values'
2026-06-04 10:51:21,169 INFO sweep: Saved vit_s__w4a16__eager__b4__s128.json
2026-06-04 10:51:21,169 INFO sweep: Progress: 179/192
2026-06-04 10:51:21,169 INFO sweep: START: vit-s | w4a16 | eager | batch=16 seq=128
2026-06-04 10:51:21,444 WARNING deterministic: FLOPs estimation failed: VisionTransformer.forward() got an unexpected keyword argument 'pixel_values'
2026-06-04 10:51:21,445 WARNING deterministic: Kernel profiling failed: VisionTransformer.forward() got an unexpected keyword argument 'pixel_values'
2026-06-04 10:51:21,445 ERROR sweep: Unexpected error: VisionTransformer.forward() got an unexpected keyword argument 'pixel_values'
Traceback (most recent call last):
  File "/home/shreya/Coding/optimizer_V2/edge_quant_bench/run_sweep.py", line 179, in run_one
    stats = time_model(run_fn, cooldown_fn=cooldown_fn)
            ^^^^^^^^^^^^^^^^^^^^^^^^^^^^^^^^^^^^^^^^^^^
  File "/home/shreya/Coding/optimizer_V2/edge_quant_bench/measure.py", line 18, in time_model
    run_fn()
  File "/home/shreya/Coding/optimizer_V2/edge_quant_bench/run_sweep.py", line 137, in run_fn
    def run_fn(): return model(**inputs)
                         ^^^^^^^^^^^^^^^
  File "/home/shreya/venvs/fusion_qat/lib/python3.12/site-packages/torch/nn/modules/module.py", line 1739, in _wrapped_call_impl
    return self._call_impl(*args, **kwargs)
           ^^^^^^^^^^^^^^^^^^^^^^^^^^^^^^^^
  File "/home/shreya/venvs/fusion_qat/lib/python3.12/site-packages/torch/nn/modules/module.py", line 1750, in _call_impl
    return forward_call(*args, **kwargs)
           ^^^^^^^^^^^^^^^^^^^^^^^^^^^^^
TypeError: VisionTransformer.forward() got an unexpected keyword argument 'pixel_values'
2026-06-04 10:51:21,930 INFO sweep: Saved vit_s__w4a16__eager__b16__s128.json
2026-06-04 10:51:21,931 INFO sweep: Progress: 180/192
2026-06-04 10:51:21,931 INFO sweep: START: vit-s | w4a16 | eager | batch=64 seq=128
2026-06-04 10:51:22,201 WARNING deterministic: FLOPs estimation failed: VisionTransformer.forward() got an unexpected keyword argument 'pixel_values'
2026-06-04 10:51:22,202 WARNING deterministic: Kernel profiling failed: VisionTransformer.forward() got an unexpected keyword argument 'pixel_values'
2026-06-04 10:51:22,202 ERROR sweep: Unexpected error: VisionTransformer.forward() got an unexpected keyword argument 'pixel_values'
Traceback (most recent call last):
  File "/home/shreya/Coding/optimizer_V2/edge_quant_bench/run_sweep.py", line 179, in run_one
    stats = time_model(run_fn, cooldown_fn=cooldown_fn)
            ^^^^^^^^^^^^^^^^^^^^^^^^^^^^^^^^^^^^^^^^^^^
  File "/home/shreya/Coding/optimizer_V2/edge_quant_bench/measure.py", line 18, in time_model
    run_fn()
  File "/home/shreya/Coding/optimizer_V2/edge_quant_bench/run_sweep.py", line 137, in run_fn
    def run_fn(): return model(**inputs)
                         ^^^^^^^^^^^^^^^
  File "/home/shreya/venvs/fusion_qat/lib/python3.12/site-packages/torch/nn/modules/module.py", line 1739, in _wrapped_call_impl
    return self._call_impl(*args, **kwargs)
           ^^^^^^^^^^^^^^^^^^^^^^^^^^^^^^^^
  File "/home/shreya/venvs/fusion_qat/lib/python3.12/site-packages/torch/nn/modules/module.py", line 1750, in _call_impl
    return forward_call(*args, **kwargs)
           ^^^^^^^^^^^^^^^^^^^^^^^^^^^^^
TypeError: VisionTransformer.forward() got an unexpected keyword argument 'pixel_values'
2026-06-04 10:51:22,715 INFO sweep: Saved vit_s__w4a16__eager__b64__s128.json
2026-06-04 10:51:22,715 INFO sweep: Progress: 181/192
2026-06-04 10:51:22,715 INFO sweep: START: vit-s | w4a16 | compile | batch=1 seq=128
2026-06-04 10:51:23,050 WARNING deterministic: FLOPs estimation failed: VisionTransformer.forward() got an unexpected keyword argument 'pixel_values'
2026-06-04 10:51:23,051 WARNING sweep: Compile warmup error: VisionTransformer.forward() got an unexpected keyword argument 'pixel_values'
2026-06-04 10:51:23,053 WARNING deterministic: Kernel profiling failed: VisionTransformer.forward() got an unexpected keyword argument 'pixel_values'
2026-06-04 10:51:23,053 ERROR sweep: Unexpected error: VisionTransformer.forward() got an unexpected keyword argument 'pixel_values'
Traceback (most recent call last):
  File "/home/shreya/Coding/optimizer_V2/edge_quant_bench/run_sweep.py", line 179, in run_one
    stats = time_model(run_fn, cooldown_fn=cooldown_fn)
            ^^^^^^^^^^^^^^^^^^^^^^^^^^^^^^^^^^^^^^^^^^^
  File "/home/shreya/Coding/optimizer_V2/edge_quant_bench/measure.py", line 18, in time_model
    run_fn()
  File "/home/shreya/Coding/optimizer_V2/edge_quant_bench/run_sweep.py", line 144, in run_fn
    def run_fn(): return compiled(**inputs)
                         ^^^^^^^^^^^^^^^^^^
  File "/home/shreya/venvs/fusion_qat/lib/python3.12/site-packages/torch/nn/modules/module.py", line 1739, in _wrapped_call_impl
    return self._call_impl(*args, **kwargs)
           ^^^^^^^^^^^^^^^^^^^^^^^^^^^^^^^^
  File "/home/shreya/venvs/fusion_qat/lib/python3.12/site-packages/torch/nn/modules/module.py", line 1750, in _call_impl
    return forward_call(*args, **kwargs)
           ^^^^^^^^^^^^^^^^^^^^^^^^^^^^^
  File "/home/shreya/venvs/fusion_qat/lib/python3.12/site-packages/torch/_dynamo/eval_frame.py", line 574, in _fn
    return fn(*args, **kwargs)
           ^^^^^^^^^^^^^^^^^^^
  File "/home/shreya/venvs/fusion_qat/lib/python3.12/site-packages/torch/nn/modules/module.py", line 1739, in _wrapped_call_impl
    return self._call_impl(*args, **kwargs)
           ^^^^^^^^^^^^^^^^^^^^^^^^^^^^^^^^
  File "/home/shreya/venvs/fusion_qat/lib/python3.12/site-packages/torch/nn/modules/module.py", line 1750, in _call_impl
    return forward_call(*args, **kwargs)
           ^^^^^^^^^^^^^^^^^^^^^^^^^^^^^
TypeError: VisionTransformer.forward() got an unexpected keyword argument 'pixel_values'
2026-06-04 10:51:23,562 INFO sweep: Saved vit_s__w4a16__compile__b1__s128.json
2026-06-04 10:51:23,563 INFO sweep: Progress: 182/192
2026-06-04 10:51:23,567 INFO sweep: START: vit-s | w4a16 | compile | batch=4 seq=128
2026-06-04 10:51:23,893 WARNING deterministic: FLOPs estimation failed: VisionTransformer.forward() got an unexpected keyword argument 'pixel_values'
2026-06-04 10:51:23,894 WARNING sweep: Compile warmup error: VisionTransformer.forward() got an unexpected keyword argument 'pixel_values'
2026-06-04 10:51:23,895 WARNING deterministic: Kernel profiling failed: VisionTransformer.forward() got an unexpected keyword argument 'pixel_values'
2026-06-04 10:51:23,896 ERROR sweep: Unexpected error: VisionTransformer.forward() got an unexpected keyword argument 'pixel_values'
Traceback (most recent call last):
  File "/home/shreya/Coding/optimizer_V2/edge_quant_bench/run_sweep.py", line 179, in run_one
    stats = time_model(run_fn, cooldown_fn=cooldown_fn)
            ^^^^^^^^^^^^^^^^^^^^^^^^^^^^^^^^^^^^^^^^^^^
  File "/home/shreya/Coding/optimizer_V2/edge_quant_bench/measure.py", line 18, in time_model
    run_fn()
  File "/home/shreya/Coding/optimizer_V2/edge_quant_bench/run_sweep.py", line 144, in run_fn
    def run_fn(): return compiled(**inputs)
                         ^^^^^^^^^^^^^^^^^^
  File "/home/shreya/venvs/fusion_qat/lib/python3.12/site-packages/torch/nn/modules/module.py", line 1739, in _wrapped_call_impl
    return self._call_impl(*args, **kwargs)
           ^^^^^^^^^^^^^^^^^^^^^^^^^^^^^^^^
  File "/home/shreya/venvs/fusion_qat/lib/python3.12/site-packages/torch/nn/modules/module.py", line 1750, in _call_impl
    return forward_call(*args, **kwargs)
           ^^^^^^^^^^^^^^^^^^^^^^^^^^^^^
  File "/home/shreya/venvs/fusion_qat/lib/python3.12/site-packages/torch/_dynamo/eval_frame.py", line 574, in _fn
    return fn(*args, **kwargs)
           ^^^^^^^^^^^^^^^^^^^
  File "/home/shreya/venvs/fusion_qat/lib/python3.12/site-packages/torch/nn/modules/module.py", line 1739, in _wrapped_call_impl
    return self._call_impl(*args, **kwargs)
           ^^^^^^^^^^^^^^^^^^^^^^^^^^^^^^^^
  File "/home/shreya/venvs/fusion_qat/lib/python3.12/site-packages/torch/nn/modules/module.py", line 1750, in _call_impl
    return forward_call(*args, **kwargs)
           ^^^^^^^^^^^^^^^^^^^^^^^^^^^^^
TypeError: VisionTransformer.forward() got an unexpected keyword argument 'pixel_values'
2026-06-04 10:51:24,411 INFO sweep: Saved vit_s__w4a16__compile__b4__s128.json
2026-06-04 10:51:24,411 INFO sweep: Progress: 183/192
2026-06-04 10:51:24,411 INFO sweep: START: vit-s | w4a16 | compile | batch=16 seq=128
2026-06-04 10:51:24,740 WARNING deterministic: FLOPs estimation failed: VisionTransformer.forward() got an unexpected keyword argument 'pixel_values'
2026-06-04 10:51:24,741 WARNING sweep: Compile warmup error: VisionTransformer.forward() got an unexpected keyword argument 'pixel_values'
2026-06-04 10:51:24,742 WARNING deterministic: Kernel profiling failed: VisionTransformer.forward() got an unexpected keyword argument 'pixel_values'
2026-06-04 10:51:24,743 ERROR sweep: Unexpected error: VisionTransformer.forward() got an unexpected keyword argument 'pixel_values'
Traceback (most recent call last):
  File "/home/shreya/Coding/optimizer_V2/edge_quant_bench/run_sweep.py", line 179, in run_one
    stats = time_model(run_fn, cooldown_fn=cooldown_fn)
            ^^^^^^^^^^^^^^^^^^^^^^^^^^^^^^^^^^^^^^^^^^^
  File "/home/shreya/Coding/optimizer_V2/edge_quant_bench/measure.py", line 18, in time_model
    run_fn()
  File "/home/shreya/Coding/optimizer_V2/edge_quant_bench/run_sweep.py", line 144, in run_fn
    def run_fn(): return compiled(**inputs)
                         ^^^^^^^^^^^^^^^^^^
  File "/home/shreya/venvs/fusion_qat/lib/python3.12/site-packages/torch/nn/modules/module.py", line 1739, in _wrapped_call_impl
    return self._call_impl(*args, **kwargs)
           ^^^^^^^^^^^^^^^^^^^^^^^^^^^^^^^^
  File "/home/shreya/venvs/fusion_qat/lib/python3.12/site-packages/torch/nn/modules/module.py", line 1750, in _call_impl
    return forward_call(*args, **kwargs)
           ^^^^^^^^^^^^^^^^^^^^^^^^^^^^^
  File "/home/shreya/venvs/fusion_qat/lib/python3.12/site-packages/torch/_dynamo/eval_frame.py", line 574, in _fn
    return fn(*args, **kwargs)
           ^^^^^^^^^^^^^^^^^^^
  File "/home/shreya/venvs/fusion_qat/lib/python3.12/site-packages/torch/nn/modules/module.py", line 1739, in _wrapped_call_impl
    return self._call_impl(*args, **kwargs)
           ^^^^^^^^^^^^^^^^^^^^^^^^^^^^^^^^
  File "/home/shreya/venvs/fusion_qat/lib/python3.12/site-packages/torch/nn/modules/module.py", line 1750, in _call_impl
    return forward_call(*args, **kwargs)
           ^^^^^^^^^^^^^^^^^^^^^^^^^^^^^
TypeError: VisionTransformer.forward() got an unexpected keyword argument 'pixel_values'
2026-06-04 10:51:25,250 INFO sweep: Saved vit_s__w4a16__compile__b16__s128.json
2026-06-04 10:51:25,250 INFO sweep: Progress: 184/192
2026-06-04 10:51:25,251 INFO sweep: START: vit-s | w4a16 | compile | batch=64 seq=128
2026-06-04 10:51:25,565 WARNING deterministic: FLOPs estimation failed: VisionTransformer.forward() got an unexpected keyword argument 'pixel_values'
2026-06-04 10:51:25,566 WARNING sweep: Compile warmup error: VisionTransformer.forward() got an unexpected keyword argument 'pixel_values'
2026-06-04 10:51:25,567 WARNING deterministic: Kernel profiling failed: VisionTransformer.forward() got an unexpected keyword argument 'pixel_values'
2026-06-04 10:51:25,567 ERROR sweep: Unexpected error: VisionTransformer.forward() got an unexpected keyword argument 'pixel_values'
Traceback (most recent call last):
  File "/home/shreya/Coding/optimizer_V2/edge_quant_bench/run_sweep.py", line 179, in run_one
    stats = time_model(run_fn, cooldown_fn=cooldown_fn)
            ^^^^^^^^^^^^^^^^^^^^^^^^^^^^^^^^^^^^^^^^^^^
  File "/home/shreya/Coding/optimizer_V2/edge_quant_bench/measure.py", line 18, in time_model
    run_fn()
  File "/home/shreya/Coding/optimizer_V2/edge_quant_bench/run_sweep.py", line 144, in run_fn
    def run_fn(): return compiled(**inputs)
                         ^^^^^^^^^^^^^^^^^^
  File "/home/shreya/venvs/fusion_qat/lib/python3.12/site-packages/torch/nn/modules/module.py", line 1739, in _wrapped_call_impl
    return self._call_impl(*args, **kwargs)
           ^^^^^^^^^^^^^^^^^^^^^^^^^^^^^^^^
  File "/home/shreya/venvs/fusion_qat/lib/python3.12/site-packages/torch/nn/modules/module.py", line 1750, in _call_impl
    return forward_call(*args, **kwargs)
           ^^^^^^^^^^^^^^^^^^^^^^^^^^^^^
  File "/home/shreya/venvs/fusion_qat/lib/python3.12/site-packages/torch/_dynamo/eval_frame.py", line 574, in _fn
    return fn(*args, **kwargs)
           ^^^^^^^^^^^^^^^^^^^
  File "/home/shreya/venvs/fusion_qat/lib/python3.12/site-packages/torch/nn/modules/module.py", line 1739, in _wrapped_call_impl
    return self._call_impl(*args, **kwargs)
           ^^^^^^^^^^^^^^^^^^^^^^^^^^^^^^^^
  File "/home/shreya/venvs/fusion_qat/lib/python3.12/site-packages/torch/nn/modules/module.py", line 1750, in _call_impl
    return forward_call(*args, **kwargs)
           ^^^^^^^^^^^^^^^^^^^^^^^^^^^^^
TypeError: VisionTransformer.forward() got an unexpected keyword argument 'pixel_values'
2026-06-04 10:51:26,052 INFO sweep: Saved vit_s__w4a16__compile__b64__s128.json
2026-06-04 10:51:26,052 INFO sweep: Progress: 185/192
2026-06-04 10:51:26,053 INFO sweep: START: vit-s | w8a8 | eager | batch=1 seq=128
2026-06-04 10:51:26,368 WARNING deterministic: FLOPs estimation failed: VisionTransformer.forward() got an unexpected keyword argument 'pixel_values'
2026-06-04 10:51:26,369 WARNING deterministic: Kernel profiling failed: VisionTransformer.forward() got an unexpected keyword argument 'pixel_values'
2026-06-04 10:51:26,369 ERROR sweep: Unexpected error: VisionTransformer.forward() got an unexpected keyword argument 'pixel_values'
Traceback (most recent call last):
  File "/home/shreya/Coding/optimizer_V2/edge_quant_bench/run_sweep.py", line 179, in run_one
    stats = time_model(run_fn, cooldown_fn=cooldown_fn)
            ^^^^^^^^^^^^^^^^^^^^^^^^^^^^^^^^^^^^^^^^^^^
  File "/home/shreya/Coding/optimizer_V2/edge_quant_bench/measure.py", line 18, in time_model
    run_fn()
  File "/home/shreya/Coding/optimizer_V2/edge_quant_bench/run_sweep.py", line 137, in run_fn
    def run_fn(): return model(**inputs)
                         ^^^^^^^^^^^^^^^
  File "/home/shreya/venvs/fusion_qat/lib/python3.12/site-packages/torch/nn/modules/module.py", line 1739, in _wrapped_call_impl
    return self._call_impl(*args, **kwargs)
           ^^^^^^^^^^^^^^^^^^^^^^^^^^^^^^^^
  File "/home/shreya/venvs/fusion_qat/lib/python3.12/site-packages/torch/nn/modules/module.py", line 1750, in _call_impl
    return forward_call(*args, **kwargs)
           ^^^^^^^^^^^^^^^^^^^^^^^^^^^^^
TypeError: VisionTransformer.forward() got an unexpected keyword argument 'pixel_values'
2026-06-04 10:51:26,856 INFO sweep: Saved vit_s__w8a8__eager__b1__s128.json
2026-06-04 10:51:26,856 INFO sweep: Progress: 186/192
2026-06-04 10:51:26,856 INFO sweep: START: vit-s | w8a8 | eager | batch=4 seq=128
2026-06-04 10:51:27,181 WARNING deterministic: FLOPs estimation failed: VisionTransformer.forward() got an unexpected keyword argument 'pixel_values'
2026-06-04 10:51:27,182 WARNING deterministic: Kernel profiling failed: VisionTransformer.forward() got an unexpected keyword argument 'pixel_values'
2026-06-04 10:51:27,182 ERROR sweep: Unexpected error: VisionTransformer.forward() got an unexpected keyword argument 'pixel_values'
Traceback (most recent call last):
  File "/home/shreya/Coding/optimizer_V2/edge_quant_bench/run_sweep.py", line 179, in run_one
    stats = time_model(run_fn, cooldown_fn=cooldown_fn)
            ^^^^^^^^^^^^^^^^^^^^^^^^^^^^^^^^^^^^^^^^^^^
  File "/home/shreya/Coding/optimizer_V2/edge_quant_bench/measure.py", line 18, in time_model
    run_fn()
  File "/home/shreya/Coding/optimizer_V2/edge_quant_bench/run_sweep.py", line 137, in run_fn
    def run_fn(): return model(**inputs)
                         ^^^^^^^^^^^^^^^
  File "/home/shreya/venvs/fusion_qat/lib/python3.12/site-packages/torch/nn/modules/module.py", line 1739, in _wrapped_call_impl
    return self._call_impl(*args, **kwargs)
           ^^^^^^^^^^^^^^^^^^^^^^^^^^^^^^^^
  File "/home/shreya/venvs/fusion_qat/lib/python3.12/site-packages/torch/nn/modules/module.py", line 1750, in _call_impl
    return forward_call(*args, **kwargs)
           ^^^^^^^^^^^^^^^^^^^^^^^^^^^^^
TypeError: VisionTransformer.forward() got an unexpected keyword argument 'pixel_values'
2026-06-04 10:51:27,659 INFO sweep: Saved vit_s__w8a8__eager__b4__s128.json
2026-06-04 10:51:27,659 INFO sweep: Progress: 187/192
2026-06-04 10:51:27,660 INFO sweep: START: vit-s | w8a8 | eager | batch=16 seq=128
2026-06-04 10:51:27,933 WARNING deterministic: FLOPs estimation failed: VisionTransformer.forward() got an unexpected keyword argument 'pixel_values'
2026-06-04 10:51:27,934 WARNING deterministic: Kernel profiling failed: VisionTransformer.forward() got an unexpected keyword argument 'pixel_values'
2026-06-04 10:51:27,934 ERROR sweep: Unexpected error: VisionTransformer.forward() got an unexpected keyword argument 'pixel_values'
Traceback (most recent call last):
  File "/home/shreya/Coding/optimizer_V2/edge_quant_bench/run_sweep.py", line 179, in run_one
    stats = time_model(run_fn, cooldown_fn=cooldown_fn)
            ^^^^^^^^^^^^^^^^^^^^^^^^^^^^^^^^^^^^^^^^^^^
  File "/home/shreya/Coding/optimizer_V2/edge_quant_bench/measure.py", line 18, in time_model
    run_fn()
  File "/home/shreya/Coding/optimizer_V2/edge_quant_bench/run_sweep.py", line 137, in run_fn
    def run_fn(): return model(**inputs)
                         ^^^^^^^^^^^^^^^
  File "/home/shreya/venvs/fusion_qat/lib/python3.12/site-packages/torch/nn/modules/module.py", line 1739, in _wrapped_call_impl
    return self._call_impl(*args, **kwargs)
           ^^^^^^^^^^^^^^^^^^^^^^^^^^^^^^^^
  File "/home/shreya/venvs/fusion_qat/lib/python3.12/site-packages/torch/nn/modules/module.py", line 1750, in _call_impl
    return forward_call(*args, **kwargs)
           ^^^^^^^^^^^^^^^^^^^^^^^^^^^^^
TypeError: VisionTransformer.forward() got an unexpected keyword argument 'pixel_values'
2026-06-04 10:51:28,406 INFO sweep: Saved vit_s__w8a8__eager__b16__s128.json
2026-06-04 10:51:28,406 INFO sweep: Progress: 188/192
2026-06-04 10:51:28,407 INFO sweep: START: vit-s | w8a8 | eager | batch=64 seq=128
2026-06-04 10:51:28,666 WARNING deterministic: FLOPs estimation failed: VisionTransformer.forward() got an unexpected keyword argument 'pixel_values'
2026-06-04 10:51:28,667 WARNING deterministic: Kernel profiling failed: VisionTransformer.forward() got an unexpected keyword argument 'pixel_values'
2026-06-04 10:51:28,667 ERROR sweep: Unexpected error: VisionTransformer.forward() got an unexpected keyword argument 'pixel_values'
Traceback (most recent call last):
  File "/home/shreya/Coding/optimizer_V2/edge_quant_bench/run_sweep.py", line 179, in run_one
    stats = time_model(run_fn, cooldown_fn=cooldown_fn)
            ^^^^^^^^^^^^^^^^^^^^^^^^^^^^^^^^^^^^^^^^^^^
  File "/home/shreya/Coding/optimizer_V2/edge_quant_bench/measure.py", line 18, in time_model
    run_fn()
  File "/home/shreya/Coding/optimizer_V2/edge_quant_bench/run_sweep.py", line 137, in run_fn
    def run_fn(): return model(**inputs)
                         ^^^^^^^^^^^^^^^
  File "/home/shreya/venvs/fusion_qat/lib/python3.12/site-packages/torch/nn/modules/module.py", line 1739, in _wrapped_call_impl
    return self._call_impl(*args, **kwargs)
           ^^^^^^^^^^^^^^^^^^^^^^^^^^^^^^^^
  File "/home/shreya/venvs/fusion_qat/lib/python3.12/site-packages/torch/nn/modules/module.py", line 1750, in _call_impl
    return forward_call(*args, **kwargs)
           ^^^^^^^^^^^^^^^^^^^^^^^^^^^^^
TypeError: VisionTransformer.forward() got an unexpected keyword argument 'pixel_values'
2026-06-04 10:51:29,163 INFO sweep: Saved vit_s__w8a8__eager__b64__s128.json
2026-06-04 10:51:29,163 INFO sweep: Progress: 189/192
2026-06-04 10:51:29,163 INFO sweep: START: vit-s | w8a8 | compile | batch=1 seq=128
2026-06-04 10:51:29,489 WARNING deterministic: FLOPs estimation failed: VisionTransformer.forward() got an unexpected keyword argument 'pixel_values'
2026-06-04 10:51:29,490 WARNING sweep: Compile warmup error: VisionTransformer.forward() got an unexpected keyword argument 'pixel_values'
2026-06-04 10:51:29,491 WARNING deterministic: Kernel profiling failed: VisionTransformer.forward() got an unexpected keyword argument 'pixel_values'
2026-06-04 10:51:29,491 ERROR sweep: Unexpected error: VisionTransformer.forward() got an unexpected keyword argument 'pixel_values'
Traceback (most recent call last):
  File "/home/shreya/Coding/optimizer_V2/edge_quant_bench/run_sweep.py", line 179, in run_one
    stats = time_model(run_fn, cooldown_fn=cooldown_fn)
            ^^^^^^^^^^^^^^^^^^^^^^^^^^^^^^^^^^^^^^^^^^^
  File "/home/shreya/Coding/optimizer_V2/edge_quant_bench/measure.py", line 18, in time_model
    run_fn()
  File "/home/shreya/Coding/optimizer_V2/edge_quant_bench/run_sweep.py", line 144, in run_fn
    def run_fn(): return compiled(**inputs)
                         ^^^^^^^^^^^^^^^^^^
  File "/home/shreya/venvs/fusion_qat/lib/python3.12/site-packages/torch/nn/modules/module.py", line 1739, in _wrapped_call_impl
    return self._call_impl(*args, **kwargs)
           ^^^^^^^^^^^^^^^^^^^^^^^^^^^^^^^^
  File "/home/shreya/venvs/fusion_qat/lib/python3.12/site-packages/torch/nn/modules/module.py", line 1750, in _call_impl
    return forward_call(*args, **kwargs)
           ^^^^^^^^^^^^^^^^^^^^^^^^^^^^^
  File "/home/shreya/venvs/fusion_qat/lib/python3.12/site-packages/torch/_dynamo/eval_frame.py", line 574, in _fn
    return fn(*args, **kwargs)
           ^^^^^^^^^^^^^^^^^^^
  File "/home/shreya/venvs/fusion_qat/lib/python3.12/site-packages/torch/nn/modules/module.py", line 1739, in _wrapped_call_impl
    return self._call_impl(*args, **kwargs)
           ^^^^^^^^^^^^^^^^^^^^^^^^^^^^^^^^
  File "/home/shreya/venvs/fusion_qat/lib/python3.12/site-packages/torch/nn/modules/module.py", line 1750, in _call_impl
    return forward_call(*args, **kwargs)
           ^^^^^^^^^^^^^^^^^^^^^^^^^^^^^
TypeError: VisionTransformer.forward() got an unexpected keyword argument 'pixel_values'
2026-06-04 10:51:29,961 INFO sweep: Saved vit_s__w8a8__compile__b1__s128.json
2026-06-04 10:51:29,961 INFO sweep: Progress: 190/192
2026-06-04 10:51:29,961 INFO sweep: START: vit-s | w8a8 | compile | batch=4 seq=128
2026-06-04 10:51:30,230 WARNING deterministic: FLOPs estimation failed: VisionTransformer.forward() got an unexpected keyword argument 'pixel_values'
2026-06-04 10:51:30,232 WARNING sweep: Compile warmup error: VisionTransformer.forward() got an unexpected keyword argument 'pixel_values'
2026-06-04 10:51:30,233 WARNING deterministic: Kernel profiling failed: VisionTransformer.forward() got an unexpected keyword argument 'pixel_values'
2026-06-04 10:51:30,233 ERROR sweep: Unexpected error: VisionTransformer.forward() got an unexpected keyword argument 'pixel_values'
Traceback (most recent call last):
  File "/home/shreya/Coding/optimizer_V2/edge_quant_bench/run_sweep.py", line 179, in run_one
    stats = time_model(run_fn, cooldown_fn=cooldown_fn)
            ^^^^^^^^^^^^^^^^^^^^^^^^^^^^^^^^^^^^^^^^^^^
  File "/home/shreya/Coding/optimizer_V2/edge_quant_bench/measure.py", line 18, in time_model
    run_fn()
  File "/home/shreya/Coding/optimizer_V2/edge_quant_bench/run_sweep.py", line 144, in run_fn
    def run_fn(): return compiled(**inputs)
                         ^^^^^^^^^^^^^^^^^^
  File "/home/shreya/venvs/fusion_qat/lib/python3.12/site-packages/torch/nn/modules/module.py", line 1739, in _wrapped_call_impl
    return self._call_impl(*args, **kwargs)
           ^^^^^^^^^^^^^^^^^^^^^^^^^^^^^^^^
  File "/home/shreya/venvs/fusion_qat/lib/python3.12/site-packages/torch/nn/modules/module.py", line 1750, in _call_impl
    return forward_call(*args, **kwargs)
           ^^^^^^^^^^^^^^^^^^^^^^^^^^^^^
  File "/home/shreya/venvs/fusion_qat/lib/python3.12/site-packages/torch/_dynamo/eval_frame.py", line 574, in _fn
    return fn(*args, **kwargs)
           ^^^^^^^^^^^^^^^^^^^
  File "/home/shreya/venvs/fusion_qat/lib/python3.12/site-packages/torch/nn/modules/module.py", line 1739, in _wrapped_call_impl
    return self._call_impl(*args, **kwargs)
           ^^^^^^^^^^^^^^^^^^^^^^^^^^^^^^^^
  File "/home/shreya/venvs/fusion_qat/lib/python3.12/site-packages/torch/nn/modules/module.py", line 1750, in _call_impl
    return forward_call(*args, **kwargs)
           ^^^^^^^^^^^^^^^^^^^^^^^^^^^^^
TypeError: VisionTransformer.forward() got an unexpected keyword argument 'pixel_values'
2026-06-04 10:51:30,709 INFO sweep: Saved vit_s__w8a8__compile__b4__s128.json
2026-06-04 10:51:30,710 INFO sweep: Progress: 191/192
2026-06-04 10:51:30,710 INFO sweep: START: vit-s | w8a8 | compile | batch=16 seq=128
2026-06-04 10:51:30,981 WARNING deterministic: FLOPs estimation failed: VisionTransformer.forward() got an unexpected keyword argument 'pixel_values'
2026-06-04 10:51:30,983 WARNING sweep: Compile warmup error: VisionTransformer.forward() got an unexpected keyword argument 'pixel_values'
2026-06-04 10:51:30,984 WARNING deterministic: Kernel profiling failed: VisionTransformer.forward() got an unexpected keyword argument 'pixel_values'
2026-06-04 10:51:30,984 ERROR sweep: Unexpected error: VisionTransformer.forward() got an unexpected keyword argument 'pixel_values'
Traceback (most recent call last):
  File "/home/shreya/Coding/optimizer_V2/edge_quant_bench/run_sweep.py", line 179, in run_one
    stats = time_model(run_fn, cooldown_fn=cooldown_fn)
            ^^^^^^^^^^^^^^^^^^^^^^^^^^^^^^^^^^^^^^^^^^^
  File "/home/shreya/Coding/optimizer_V2/edge_quant_bench/measure.py", line 18, in time_model
    run_fn()
  File "/home/shreya/Coding/optimizer_V2/edge_quant_bench/run_sweep.py", line 144, in run_fn
    def run_fn(): return compiled(**inputs)
                         ^^^^^^^^^^^^^^^^^^
  File "/home/shreya/venvs/fusion_qat/lib/python3.12/site-packages/torch/nn/modules/module.py", line 1739, in _wrapped_call_impl
    return self._call_impl(*args, **kwargs)
           ^^^^^^^^^^^^^^^^^^^^^^^^^^^^^^^^
  File "/home/shreya/venvs/fusion_qat/lib/python3.12/site-packages/torch/nn/modules/module.py", line 1750, in _call_impl
    return forward_call(*args, **kwargs)
           ^^^^^^^^^^^^^^^^^^^^^^^^^^^^^
  File "/home/shreya/venvs/fusion_qat/lib/python3.12/site-packages/torch/_dynamo/eval_frame.py", line 574, in _fn
    return fn(*args, **kwargs)
           ^^^^^^^^^^^^^^^^^^^
  File "/home/shreya/venvs/fusion_qat/lib/python3.12/site-packages/torch/nn/modules/module.py", line 1739, in _wrapped_call_impl
    return self._call_impl(*args, **kwargs)
           ^^^^^^^^^^^^^^^^^^^^^^^^^^^^^^^^
  File "/home/shreya/venvs/fusion_qat/lib/python3.12/site-packages/torch/nn/modules/module.py", line 1750, in _call_impl
    return forward_call(*args, **kwargs)
           ^^^^^^^^^^^^^^^^^^^^^^^^^^^^^
TypeError: VisionTransformer.forward() got an unexpected keyword argument 'pixel_values'
2026-06-04 10:51:31,452 INFO sweep: Saved vit_s__w8a8__compile__b16__s128.json
2026-06-04 10:51:31,453 INFO sweep: Progress: 192/192
2026-06-04 10:51:31,457 INFO sweep: START: vit-s | w8a8 | compile | batch=64 seq=128
2026-06-04 10:51:31,727 WARNING deterministic: FLOPs estimation failed: VisionTransformer.forward() got an unexpected keyword argument 'pixel_values'
2026-06-04 10:51:31,729 WARNING sweep: Compile warmup error: VisionTransformer.forward() got an unexpected keyword argument 'pixel_values'
2026-06-04 10:51:31,730 WARNING deterministic: Kernel profiling failed: VisionTransformer.forward() got an unexpected keyword argument 'pixel_values'
2026-06-04 10:51:31,730 ERROR sweep: Unexpected error: VisionTransformer.forward() got an unexpected keyword argument 'pixel_values'
Traceback (most recent call last):
  File "/home/shreya/Coding/optimizer_V2/edge_quant_bench/run_sweep.py", line 179, in run_one
    stats = time_model(run_fn, cooldown_fn=cooldown_fn)
            ^^^^^^^^^^^^^^^^^^^^^^^^^^^^^^^^^^^^^^^^^^^
  File "/home/shreya/Coding/optimizer_V2/edge_quant_bench/measure.py", line 18, in time_model
    run_fn()
  File "/home/shreya/Coding/optimizer_V2/edge_quant_bench/run_sweep.py", line 144, in run_fn
    def run_fn(): return compiled(**inputs)
                         ^^^^^^^^^^^^^^^^^^
  File "/home/shreya/venvs/fusion_qat/lib/python3.12/site-packages/torch/nn/modules/module.py", line 1739, in _wrapped_call_impl
    return self._call_impl(*args, **kwargs)
           ^^^^^^^^^^^^^^^^^^^^^^^^^^^^^^^^
  File "/home/shreya/venvs/fusion_qat/lib/python3.12/site-packages/torch/nn/modules/module.py", line 1750, in _call_impl
    return forward_call(*args, **kwargs)
           ^^^^^^^^^^^^^^^^^^^^^^^^^^^^^
  File "/home/shreya/venvs/fusion_qat/lib/python3.12/site-packages/torch/_dynamo/eval_frame.py", line 574, in _fn
    return fn(*args, **kwargs)
           ^^^^^^^^^^^^^^^^^^^
  File "/home/shreya/venvs/fusion_qat/lib/python3.12/site-packages/torch/nn/modules/module.py", line 1739, in _wrapped_call_impl
    return self._call_impl(*args, **kwargs)
           ^^^^^^^^^^^^^^^^^^^^^^^^^^^^^^^^
  File "/home/shreya/venvs/fusion_qat/lib/python3.12/site-packages/torch/nn/modules/module.py", line 1750, in _call_impl
    return forward_call(*args, **kwargs)
           ^^^^^^^^^^^^^^^^^^^^^^^^^^^^^
TypeError: VisionTransformer.forward() got an unexpected keyword argument 'pixel_values'
2026-06-04 10:51:32,207 INFO sweep: Saved vit_s__w8a8__compile__b64__s128.json
2026-06-04 14:09:11,349 INFO sweep: Loading FP16 reference for vit-s
2026-06-04 14:09:12,119 INFO sweep: Progress: 1/48
2026-06-04 14:09:12,119 INFO sweep: START: vit-s | fp32 | eager | batch=1 seq=128
2026-06-04 14:09:16,384 WARNING accuracy: ViT fidelity check failed: Input type (float) and bias type (c10::Half) should be the same
2026-06-04 14:09:16,550 INFO sweep: Saved vit_s__fp32__eager__b1__s128.json
2026-06-04 14:09:16,550 INFO sweep: Progress: 2/48
2026-06-04 14:09:16,550 INFO sweep: START: vit-s | fp32 | eager | batch=4 seq=128
2026-06-04 14:09:26,046 WARNING accuracy: ViT fidelity check failed: Input type (float) and bias type (c10::Half) should be the same
2026-06-04 14:09:26,222 INFO sweep: Saved vit_s__fp32__eager__b4__s128.json
2026-06-04 14:09:26,223 INFO sweep: Progress: 3/48
2026-06-04 14:09:26,223 INFO sweep: START: vit-s | fp32 | eager | batch=16 seq=128
2026-06-04 14:09:44,933 WARNING accuracy: ViT fidelity check failed: Input type (float) and bias type (c10::Half) should be the same
2026-06-04 14:09:45,108 INFO sweep: Saved vit_s__fp32__eager__b16__s128.json
2026-06-04 14:09:45,109 INFO sweep: Progress: 4/48
2026-06-04 14:09:45,109 INFO sweep: START: vit-s | fp32 | eager | batch=64 seq=128
2026-06-04 14:11:28,868 WARNING accuracy: ViT fidelity check failed: Input type (float) and bias type (c10::Half) should be the same
2026-06-04 14:11:29,042 INFO sweep: Saved vit_s__fp32__eager__b64__s128.json
2026-06-04 14:11:29,042 INFO sweep: Progress: 5/48
2026-06-04 14:11:29,042 INFO sweep: START: vit-s | fp32 | compile | batch=1 seq=128
2026-06-04 14:11:59,760 WARNING accuracy: ViT fidelity check failed: Input type (float) and bias type (c10::Half) should be the same
2026-06-04 14:11:59,991 INFO sweep: Saved vit_s__fp32__compile__b1__s128.json
2026-06-04 14:11:59,996 INFO sweep: Progress: 6/48
2026-06-04 14:11:59,996 INFO sweep: START: vit-s | fp32 | compile | batch=4 seq=128
2026-06-04 14:12:50,918 WARNING accuracy: ViT fidelity check failed: Input type (float) and bias type (c10::Half) should be the same
2026-06-04 14:12:51,185 INFO sweep: Saved vit_s__fp32__compile__b4__s128.json
2026-06-04 14:12:51,186 INFO sweep: Progress: 7/48
2026-06-04 14:12:51,186 INFO sweep: START: vit-s | fp32 | compile | batch=16 seq=128
2026-06-04 14:13:54,226 WARNING accuracy: ViT fidelity check failed: Input type (float) and bias type (c10::Half) should be the same
2026-06-04 14:13:54,507 INFO sweep: Saved vit_s__fp32__compile__b16__s128.json
2026-06-04 14:13:54,508 INFO sweep: Progress: 8/48
2026-06-04 14:13:54,508 INFO sweep: START: vit-s | fp32 | compile | batch=64 seq=128
2026-06-04 14:15:21,844 WARNING accuracy: ViT fidelity check failed: Input type (float) and bias type (c10::Half) should be the same
2026-06-04 14:15:22,201 INFO sweep: Saved vit_s__fp32__compile__b64__s128.json
2026-06-04 14:15:22,202 INFO sweep: Progress: 9/48
2026-06-04 14:15:22,202 INFO sweep: START: vit-s | fp16 | eager | batch=1 seq=128
2026-06-04 14:15:34,370 INFO sweep: Saved vit_s__fp16__eager__b1__s128.json
2026-06-04 14:15:34,370 INFO sweep: Progress: 10/48
2026-06-04 14:15:34,370 INFO sweep: START: vit-s | fp16 | eager | batch=4 seq=128
2026-06-04 14:15:56,656 INFO sweep: Saved vit_s__fp16__eager__b4__s128.json
2026-06-04 14:15:56,656 INFO sweep: Progress: 11/48
2026-06-04 14:15:56,656 INFO sweep: START: vit-s | fp16 | eager | batch=16 seq=128
2026-06-04 14:16:55,786 INFO sweep: Saved vit_s__fp16__eager__b16__s128.json
2026-06-04 14:16:55,786 INFO sweep: Progress: 12/48
2026-06-04 14:16:55,786 INFO sweep: START: vit-s | fp16 | eager | batch=64 seq=128
2026-06-04 14:17:55,568 INFO sweep: Saved vit_s__fp16__eager__b64__s128.json
2026-06-04 14:17:55,568 INFO sweep: Progress: 13/48
2026-06-04 14:17:55,568 INFO sweep: START: vit-s | fp16 | compile | batch=1 seq=128
2026-06-04 14:18:18,915 INFO sweep: Saved vit_s__fp16__compile__b1__s128.json
2026-06-04 14:18:18,916 INFO sweep: Progress: 14/48
2026-06-04 14:18:18,916 INFO sweep: START: vit-s | fp16 | compile | batch=4 seq=128
2026-06-04 14:18:53,931 INFO sweep: Saved vit_s__fp16__compile__b4__s128.json
2026-06-04 14:18:53,932 INFO sweep: Progress: 15/48
2026-06-04 14:18:53,932 INFO sweep: START: vit-s | fp16 | compile | batch=16 seq=128
2026-06-04 14:19:53,107 INFO sweep: Saved vit_s__fp16__compile__b16__s128.json
2026-06-04 14:19:53,108 INFO sweep: Progress: 16/48
2026-06-04 14:19:53,108 INFO sweep: START: vit-s | fp16 | compile | batch=64 seq=128
2026-06-04 14:20:32,647 INFO sweep: Loading FP16 reference for bert-base
2026-06-04 14:20:34,134 INFO sweep: Progress: 1/24
2026-06-04 14:20:34,138 INFO sweep: START: bert-base | fp16 | compile | batch=1 seq=32
2026-06-04 14:21:12,683 INFO sweep: Saved bert_base__fp16__compile__b1__s32.json
2026-06-04 14:21:12,685 INFO sweep: Progress: 2/24
2026-06-04 14:21:12,685 INFO sweep: START: bert-base | fp16 | compile | batch=16 seq=32
2026-06-04 14:21:12,830 INFO sweep: Saved vit_s__fp16__compile__b64__s128.json
2026-06-04 14:21:12,832 INFO sweep: Progress: 17/48
2026-06-04 14:21:12,833 INFO sweep: START: vit-s | bf16 | eager | batch=1 seq=128
2026-06-04 14:21:30,812 WARNING accuracy: ViT fidelity check failed: Input type (c10::BFloat16) and bias type (c10::Half) should be the same
2026-06-04 14:21:31,267 INFO sweep: Saved vit_s__bf16__eager__b1__s128.json
2026-06-04 14:21:31,267 INFO sweep: Progress: 18/48
2026-06-04 14:21:31,267 INFO sweep: START: vit-s | bf16 | eager | batch=4 seq=128
2026-06-04 14:21:49,165 INFO sweep: Saved bert_base__fp16__compile__b16__s32.json
2026-06-04 14:21:49,283 INFO sweep: Progress: 3/24
2026-06-04 14:21:49,283 INFO sweep: START: bert-base | fp16 | compile | batch=64 seq=32
2026-06-04 14:22:49,711 INFO sweep: Saved bert_base__fp16__compile__b64__s32.json
2026-06-04 14:22:49,712 INFO sweep: Progress: 4/24
2026-06-04 14:22:49,712 INFO sweep: START: bert-base | w8a16 | compile | batch=1 seq=32
2026-06-04 14:22:50,218 WARNING accuracy: ViT fidelity check failed: Input type (c10::BFloat16) and bias type (c10::Half) should be the same
2026-06-04 14:22:50,680 INFO sweep: Saved vit_s__bf16__eager__b4__s128.json
2026-06-04 14:22:50,680 INFO sweep: Progress: 19/48
2026-06-04 14:22:50,680 INFO sweep: START: vit-s | bf16 | eager | batch=16 seq=128
2026-06-04 14:23:56,472 WARNING thermal: [vit-s/bf16/eager] Cooldown timeout after 64s — temp 57.0°C > 55°C
2026-06-05 00:04:42,815 INFO sweep: Loading FP16 reference for vit-s
2026-06-05 00:04:44,001 INFO sweep: Progress: 1/48
2026-06-05 00:04:44,002 INFO sweep: SKIP (exists): vit_s__fp32__eager__b1__s128
2026-06-05 00:04:44,002 INFO sweep: Progress: 2/48
2026-06-05 00:04:44,002 INFO sweep: SKIP (exists): vit_s__fp32__eager__b4__s128
2026-06-05 00:04:44,002 INFO sweep: Progress: 3/48
2026-06-05 00:04:44,002 INFO sweep: SKIP (exists): vit_s__fp32__eager__b16__s128
2026-06-05 00:04:44,002 INFO sweep: Progress: 4/48
2026-06-05 00:04:44,002 INFO sweep: SKIP (exists): vit_s__fp32__eager__b64__s128
2026-06-05 00:04:44,002 INFO sweep: Progress: 5/48
2026-06-05 00:04:44,002 INFO sweep: SKIP (exists): vit_s__fp32__compile__b1__s128
2026-06-05 00:04:44,002 INFO sweep: Progress: 6/48
2026-06-05 00:04:44,002 INFO sweep: SKIP (exists): vit_s__fp32__compile__b4__s128
2026-06-05 00:04:44,002 INFO sweep: Progress: 7/48
2026-06-05 00:04:44,002 INFO sweep: SKIP (exists): vit_s__fp32__compile__b16__s128
2026-06-05 00:04:44,002 INFO sweep: Progress: 8/48
2026-06-05 00:04:44,002 INFO sweep: SKIP (exists): vit_s__fp32__compile__b64__s128
2026-06-05 00:04:44,003 INFO sweep: Progress: 9/48
2026-06-05 00:04:44,003 INFO sweep: SKIP (exists): vit_s__fp16__eager__b1__s128
2026-06-05 00:04:44,003 INFO sweep: Progress: 10/48
2026-06-05 00:04:44,003 INFO sweep: SKIP (exists): vit_s__fp16__eager__b4__s128
2026-06-05 00:04:44,003 INFO sweep: Progress: 11/48
2026-06-05 00:04:44,003 INFO sweep: SKIP (exists): vit_s__fp16__eager__b16__s128
2026-06-05 00:04:44,003 INFO sweep: Progress: 12/48
2026-06-05 00:04:44,003 INFO sweep: SKIP (exists): vit_s__fp16__eager__b64__s128
2026-06-05 00:04:44,003 INFO sweep: Progress: 13/48
2026-06-05 00:04:44,003 INFO sweep: SKIP (exists): vit_s__fp16__compile__b1__s128
2026-06-05 00:04:44,003 INFO sweep: Progress: 14/48
2026-06-05 00:04:44,003 INFO sweep: SKIP (exists): vit_s__fp16__compile__b4__s128
2026-06-05 00:04:44,003 INFO sweep: Progress: 15/48
2026-06-05 00:04:44,003 INFO sweep: SKIP (exists): vit_s__fp16__compile__b16__s128
2026-06-05 00:04:44,003 INFO sweep: Progress: 16/48
2026-06-05 00:04:44,003 INFO sweep: SKIP (exists): vit_s__fp16__compile__b64__s128
2026-06-05 00:04:44,003 INFO sweep: Progress: 17/48
2026-06-05 00:04:44,003 INFO sweep: SKIP (exists): vit_s__bf16__eager__b1__s128
2026-06-05 00:04:44,003 INFO sweep: Progress: 18/48
2026-06-05 00:04:44,004 INFO sweep: SKIP (exists): vit_s__bf16__eager__b4__s128
2026-06-05 00:04:44,004 INFO sweep: Progress: 19/48
2026-06-05 00:04:44,004 INFO sweep: START: vit-s | bf16 | eager | batch=16 seq=128
2026-06-05 00:04:50,031 WARNING accuracy: ViT fidelity check failed: Input type (c10::BFloat16) and bias type (c10::Half) should be the same
2026-06-05 00:04:50,263 INFO sweep: Saved vit_s__bf16__eager__b16__s128.json
2026-06-05 00:04:50,263 INFO sweep: Progress: 20/48
2026-06-05 00:04:50,263 INFO sweep: START: vit-s | bf16 | eager | batch=64 seq=128
2026-06-05 00:05:08,874 WARNING accuracy: ViT fidelity check failed: Input type (c10::BFloat16) and bias type (c10::Half) should be the same
2026-06-05 00:05:09,098 INFO sweep: Saved vit_s__bf16__eager__b64__s128.json
2026-06-05 00:05:09,098 INFO sweep: Progress: 21/48
2026-06-05 00:05:09,098 INFO sweep: START: vit-s | bf16 | compile | batch=1 seq=128
2026-06-05 00:05:32,958 WARNING accuracy: ViT fidelity check failed: Input type (c10::BFloat16) and bias type (c10::Half) should be the same
2026-06-05 00:05:33,247 INFO sweep: Saved vit_s__bf16__compile__b1__s128.json
2026-06-05 00:05:33,248 INFO sweep: Progress: 22/48
2026-06-05 00:05:33,248 INFO sweep: START: vit-s | bf16 | compile | batch=4 seq=128
2026-06-05 00:06:05,977 WARNING accuracy: ViT fidelity check failed: Input type (c10::BFloat16) and bias type (c10::Half) should be the same
2026-06-05 00:06:06,362 INFO sweep: Saved vit_s__bf16__compile__b4__s128.json
2026-06-05 00:06:06,364 INFO sweep: Progress: 23/48
2026-06-05 00:06:06,364 INFO sweep: START: vit-s | bf16 | compile | batch=16 seq=128
2026-06-05 00:06:17,719 WARNING accuracy: ViT fidelity check failed: Input type (c10::BFloat16) and bias type (c10::Half) should be the same
2026-06-05 00:06:18,119 INFO sweep: Saved vit_s__bf16__compile__b16__s128.json
2026-06-05 00:06:18,120 INFO sweep: Progress: 24/48
2026-06-05 00:06:18,121 INFO sweep: START: vit-s | bf16 | compile | batch=64 seq=128
2026-06-05 00:06:42,322 WARNING accuracy: ViT fidelity check failed: Input type (c10::BFloat16) and bias type (c10::Half) should be the same
2026-06-05 00:06:42,714 INFO sweep: Saved vit_s__bf16__compile__b64__s128.json
2026-06-05 00:06:42,715 INFO sweep: Progress: 25/48
2026-06-05 00:06:42,716 INFO sweep: START: vit-s | w8a16 | eager | batch=1 seq=128
2026-06-05 00:06:49,412 INFO sweep: Saved vit_s__w8a16__eager__b1__s128.json
2026-06-05 00:06:49,412 INFO sweep: Progress: 26/48
2026-06-05 00:06:49,412 INFO sweep: START: vit-s | w8a16 | eager | batch=4 seq=128
2026-06-05 00:06:59,656 INFO sweep: Saved vit_s__w8a16__eager__b4__s128.json
2026-06-05 00:06:59,656 INFO sweep: Progress: 27/48
2026-06-05 00:06:59,657 INFO sweep: START: vit-s | w8a16 | eager | batch=16 seq=128
2026-06-05 00:07:13,043 INFO sweep: Saved vit_s__w8a16__eager__b16__s128.json
2026-06-05 00:07:13,043 INFO sweep: Progress: 28/48
2026-06-05 00:07:13,043 INFO sweep: START: vit-s | w8a16 | eager | batch=64 seq=128
2026-06-05 00:07:54,414 INFO sweep: Saved vit_s__w8a16__eager__b64__s128.json
2026-06-05 00:07:54,415 INFO sweep: Progress: 29/48
2026-06-05 00:07:54,415 INFO sweep: START: vit-s | w8a16 | compile | batch=1 seq=128
2026-06-05 00:09:32,902 INFO sweep: Saved vit_s__w8a16__compile__b1__s128.json
2026-06-05 00:09:32,904 INFO sweep: Progress: 30/48
2026-06-05 00:09:32,904 INFO sweep: START: vit-s | w8a16 | compile | batch=4 seq=128
2026-06-05 00:11:37,563 INFO sweep: Saved vit_s__w8a16__compile__b4__s128.json
2026-06-05 00:11:37,564 INFO sweep: Progress: 31/48
2026-06-05 00:11:37,564 INFO sweep: START: vit-s | w8a16 | compile | batch=16 seq=128
2026-06-05 00:11:54,887 INFO sweep: Saved vit_s__w8a16__compile__b16__s128.json
2026-06-05 00:11:54,889 INFO sweep: Progress: 32/48
2026-06-05 00:11:54,889 INFO sweep: START: vit-s | w8a16 | compile | batch=64 seq=128
2026-06-05 00:12:48,052 INFO sweep: Saved vit_s__w8a16__compile__b64__s128.json
2026-06-05 00:12:48,053 INFO sweep: Progress: 33/48
2026-06-05 00:12:48,053 INFO sweep: START: vit-s | w4a16 | eager | batch=1 seq=128
2026-06-05 00:13:00,137 WARNING accuracy: ViT fidelity check failed: Input type (c10::BFloat16) and bias type (c10::Half) should be the same
2026-06-05 00:13:00,880 INFO sweep: Saved vit_s__w4a16__eager__b1__s128.json
2026-06-05 00:13:00,880 INFO sweep: Progress: 34/48
2026-06-05 00:13:00,880 INFO sweep: START: vit-s | w4a16 | eager | batch=4 seq=128
2026-06-05 00:13:21,655 WARNING accuracy: ViT fidelity check failed: Input type (c10::BFloat16) and bias type (c10::Half) should be the same
2026-06-05 00:13:22,378 INFO sweep: Saved vit_s__w4a16__eager__b4__s128.json
2026-06-05 00:13:22,378 INFO sweep: Progress: 35/48
2026-06-05 00:13:22,378 INFO sweep: START: vit-s | w4a16 | eager | batch=16 seq=128
2026-06-05 00:14:27,965 WARNING accuracy: ViT fidelity check failed: Input type (c10::BFloat16) and bias type (c10::Half) should be the same
2026-06-05 00:14:28,691 INFO sweep: Saved vit_s__w4a16__eager__b16__s128.json
2026-06-05 00:14:28,691 INFO sweep: Progress: 36/48
2026-06-05 00:14:28,691 INFO sweep: START: vit-s | w4a16 | eager | batch=64 seq=128
2026-06-05 00:16:31,145 WARNING accuracy: ViT fidelity check failed: Input type (c10::BFloat16) and bias type (c10::Half) should be the same
2026-06-05 00:16:31,842 INFO sweep: Saved vit_s__w4a16__eager__b64__s128.json
2026-06-05 00:16:31,842 INFO sweep: Progress: 37/48
2026-06-05 00:16:31,842 INFO sweep: START: vit-s | w4a16 | compile | batch=1 seq=128
2026-06-05 00:17:28,668 WARNING accuracy: ViT fidelity check failed: Input type (c10::BFloat16) and bias type (c10::Half) should be the same
2026-06-05 00:17:29,379 INFO sweep: Saved vit_s__w4a16__compile__b1__s128.json
2026-06-05 00:17:29,380 INFO sweep: Progress: 38/48
2026-06-05 00:17:29,380 INFO sweep: START: vit-s | w4a16 | compile | batch=4 seq=128
2026-06-05 00:19:09,985 WARNING accuracy: ViT fidelity check failed: Input type (c10::BFloat16) and bias type (c10::Half) should be the same
2026-06-05 00:19:10,836 INFO sweep: Saved vit_s__w4a16__compile__b4__s128.json
2026-06-05 00:19:10,837 INFO sweep: Progress: 39/48
2026-06-05 00:19:10,838 INFO sweep: START: vit-s | w4a16 | compile | batch=16 seq=128
2026-06-05 00:20:01,886 WARNING accuracy: ViT fidelity check failed: Input type (c10::BFloat16) and bias type (c10::Half) should be the same
2026-06-05 00:20:02,748 INFO sweep: Saved vit_s__w4a16__compile__b16__s128.json
2026-06-05 00:20:02,749 INFO sweep: Progress: 40/48
2026-06-05 00:20:02,750 INFO sweep: START: vit-s | w4a16 | compile | batch=64 seq=128
2026-06-05 00:22:02,005 WARNING accuracy: ViT fidelity check failed: Input type (c10::BFloat16) and bias type (c10::Half) should be the same
2026-06-05 00:22:02,866 INFO sweep: Saved vit_s__w4a16__compile__b64__s128.json
2026-06-05 00:22:02,868 INFO sweep: Progress: 41/48
2026-06-05 00:22:02,868 INFO sweep: START: vit-s | w8a8 | eager | batch=1 seq=128
2026-06-05 00:22:50,971 INFO sweep: Saved vit_s__w8a8__eager__b1__s128.json
2026-06-05 00:22:50,971 INFO sweep: Progress: 42/48
2026-06-05 00:22:50,971 INFO sweep: START: vit-s | w8a8 | eager | batch=4 seq=128
2026-06-05 00:23:55,082 INFO sweep: Saved vit_s__w8a8__eager__b4__s128.json
2026-06-05 00:23:55,083 INFO sweep: Progress: 43/48
2026-06-05 00:23:55,083 INFO sweep: START: vit-s | w8a8 | eager | batch=16 seq=128
2026-06-05 00:25:11,667 INFO sweep: Saved vit_s__w8a8__eager__b16__s128.json
2026-06-05 00:25:11,667 INFO sweep: Progress: 44/48
2026-06-05 00:25:11,667 INFO sweep: START: vit-s | w8a8 | eager | batch=64 seq=128
2026-06-05 00:27:30,514 INFO sweep: Saved vit_s__w8a8__eager__b64__s128.json
2026-06-05 00:27:30,514 INFO sweep: Progress: 45/48
2026-06-05 00:27:30,514 INFO sweep: START: vit-s | w8a8 | compile | batch=1 seq=128
2026-06-05 00:28:55,051 INFO sweep: Saved vit_s__w8a8__compile__b1__s128.json
2026-06-05 00:28:55,052 INFO sweep: Progress: 46/48
2026-06-05 00:28:55,053 INFO sweep: START: vit-s | w8a8 | compile | batch=4 seq=128
2026-06-05 00:31:37,112 INFO sweep: Saved vit_s__w8a8__compile__b4__s128.json
2026-06-05 00:31:37,115 INFO sweep: Progress: 47/48
2026-06-05 00:31:37,115 INFO sweep: START: vit-s | w8a8 | compile | batch=16 seq=128
2026-06-05 00:32:06,455 INFO sweep: Saved vit_s__w8a8__compile__b16__s128.json
2026-06-05 00:32:06,455 INFO sweep: Progress: 48/48
2026-06-05 00:32:06,456 INFO sweep: START: vit-s | w8a8 | compile | batch=64 seq=128
2026-06-05 00:33:31,883 INFO sweep: Saved vit_s__w8a8__compile__b64__s128.json
2026-06-05 00:34:06,657 INFO sweep: Loading FP16 reference for bert-base
2026-06-05 00:34:08,222 INFO sweep: Progress: 1/24
2026-06-05 00:34:08,223 INFO sweep: SKIP (exists): bert_base__fp16__compile__b1__s32
2026-06-05 00:34:08,223 INFO sweep: Progress: 2/24
2026-06-05 00:34:08,223 INFO sweep: SKIP (exists): bert_base__fp16__compile__b16__s32
2026-06-05 00:34:08,223 INFO sweep: Progress: 3/24
2026-06-05 00:34:08,223 INFO sweep: SKIP (exists): bert_base__fp16__compile__b64__s32
2026-06-05 00:34:08,223 INFO sweep: Progress: 4/24
2026-06-05 00:34:08,223 INFO sweep: START: bert-base | w8a16 | compile | batch=1 seq=32
2026-06-05 00:35:10,960 INFO sweep: Saved bert_base__w8a16__compile__b1__s32.json
2026-06-05 00:35:10,961 INFO sweep: Progress: 5/24
2026-06-05 00:35:10,961 INFO sweep: START: bert-base | w8a16 | compile | batch=16 seq=32
2026-06-05 00:36:45,938 INFO sweep: Saved bert_base__w8a16__compile__b16__s32.json
2026-06-05 00:36:45,939 INFO sweep: Progress: 6/24
2026-06-05 00:36:45,939 INFO sweep: START: bert-base | w8a16 | compile | batch=64 seq=32
2026-06-05 00:37:21,942 INFO sweep: Saved bert_base__w8a16__compile__b64__s32.json
2026-06-05 00:37:21,943 INFO sweep: Progress: 7/24
2026-06-05 00:37:21,943 INFO sweep: START: bert-base | w4a16 | compile | batch=1 seq=32
2026-06-05 00:38:00,320 INFO sweep: Saved bert_base__w4a16__compile__b1__s32.json
2026-06-05 00:38:00,321 INFO sweep: Progress: 8/24
2026-06-05 00:38:00,321 INFO sweep: START: bert-base | w4a16 | compile | batch=16 seq=32
2026-06-05 00:39:18,422 INFO sweep: Saved bert_base__w4a16__compile__b16__s32.json
2026-06-05 00:39:18,423 INFO sweep: Progress: 9/24
2026-06-05 00:39:18,423 INFO sweep: START: bert-base | w4a16 | compile | batch=64 seq=32
2026-06-05 00:40:51,350 INFO sweep: Saved bert_base__w4a16__compile__b64__s32.json
2026-06-05 00:40:51,350 INFO sweep: Progress: 10/24
2026-06-05 00:40:51,350 INFO sweep: START: bert-base | w8a8 | compile | batch=1 seq=32
2026-06-05 00:43:00,719 INFO sweep: Saved bert_base__w8a8__compile__b1__s32.json
2026-06-05 00:43:00,720 INFO sweep: Progress: 11/24
2026-06-05 00:43:00,720 INFO sweep: START: bert-base | w8a8 | compile | batch=16 seq=32
2026-06-05 00:44:41,288 INFO sweep: Saved bert_base__w8a8__compile__b16__s32.json
2026-06-05 00:44:41,289 INFO sweep: Progress: 12/24
2026-06-05 00:44:41,290 INFO sweep: START: bert-base | w8a8 | compile | batch=64 seq=32
2026-06-05 00:45:04,618 INFO sweep: Saved bert_base__w8a8__compile__b64__s32.json
2026-06-05 00:45:05,958 INFO sweep: Loading FP16 reference for gpt2
2026-06-05 00:45:07,630 INFO sweep: Progress: 13/24
2026-06-05 00:45:07,631 INFO sweep: START: gpt2 | fp16 | compile | batch=1 seq=32
2026-06-05 00:46:03,150 INFO httpx: HTTP Request: HEAD https://huggingface.co/datasets/wikitext/resolve/main/README.md "HTTP/1.1 307 Temporary Redirect"
2026-06-05 00:46:03,398 INFO httpx: HTTP Request: HEAD https://huggingface.co/datasets/Salesforce/wikitext/resolve/main/README.md "HTTP/1.1 307 Temporary Redirect"
2026-06-05 00:46:03,400 WARNING huggingface_hub.utils._http: Warning: You are sending unauthenticated requests to the HF Hub. Please set a HF_TOKEN to enable higher rate limits and faster downloads.
2026-06-05 00:46:03,410 INFO httpx: HTTP Request: HEAD https://huggingface.co/api/resolve-cache/datasets/Salesforce/wikitext/b08601e04326c79dfdd32d625aee71d232d685c3/README.md "HTTP/1.1 200 OK"
2026-06-05 00:46:03,893 INFO httpx: HTTP Request: HEAD https://huggingface.co/datasets/wikitext/resolve/b08601e04326c79dfdd32d625aee71d232d685c3/wikitext.py "HTTP/1.1 307 Temporary Redirect"
2026-06-05 00:46:04,134 INFO httpx: HTTP Request: HEAD https://huggingface.co/datasets/Salesforce/wikitext/resolve/b08601e04326c79dfdd32d625aee71d232d685c3/wikitext.py "HTTP/1.1 404 Not Found"
2026-06-05 00:46:05,063 INFO httpx: HTTP Request: HEAD https://s3.amazonaws.com/datasets.huggingface.co/datasets/datasets/wikitext/wikitext.py "HTTP/1.1 200 OK"
2026-06-05 00:46:05,545 INFO httpx: HTTP Request: GET https://huggingface.co/api/datasets/wikitext/revision/b08601e04326c79dfdd32d625aee71d232d685c3 "HTTP/1.1 307 Temporary Redirect"
2026-06-05 00:46:05,951 INFO httpx: HTTP Request: GET https://huggingface.co/api/datasets/Salesforce/wikitext/revision/b08601e04326c79dfdd32d625aee71d232d685c3 "HTTP/1.1 200 OK"
2026-06-05 00:46:06,207 INFO httpx: HTTP Request: HEAD https://huggingface.co/datasets/wikitext/resolve/b08601e04326c79dfdd32d625aee71d232d685c3/.huggingface.yaml "HTTP/1.1 307 Temporary Redirect"
2026-06-05 00:46:06,439 INFO httpx: HTTP Request: HEAD https://huggingface.co/datasets/Salesforce/wikitext/resolve/b08601e04326c79dfdd32d625aee71d232d685c3/.huggingface.yaml "HTTP/1.1 404 Not Found"
2026-06-05 00:46:06,768 INFO httpx: HTTP Request: GET https://datasets-server.huggingface.co/info?dataset=wikitext "HTTP/1.1 404 Not Found"
2026-06-05 00:46:07,195 INFO httpx: HTTP Request: GET https://huggingface.co/api/datasets/wikitext/tree/b08601e04326c79dfdd32d625aee71d232d685c3/wikitext-103-raw-v1?recursive=true&expand=false "HTTP/1.1 307 Temporary Redirect"
2026-06-05 00:46:07,414 INFO httpx: HTTP Request: GET https://huggingface.co/api/datasets/Salesforce/wikitext/tree/b08601e04326c79dfdd32d625aee71d232d685c3/wikitext-103-raw-v1?recursive=true&expand=false "HTTP/1.1 200 OK"
2026-06-05 00:46:07,674 INFO httpx: HTTP Request: GET https://huggingface.co/api/datasets/wikitext/tree/b08601e04326c79dfdd32d625aee71d232d685c3?recursive=false&expand=false "HTTP/1.1 307 Temporary Redirect"
2026-06-05 00:46:08,007 INFO httpx: HTTP Request: GET https://huggingface.co/api/datasets/Salesforce/wikitext/tree/b08601e04326c79dfdd32d625aee71d232d685c3?recursive=false&expand=false "HTTP/1.1 200 OK"
2026-06-05 00:46:08,330 INFO httpx: HTTP Request: HEAD https://huggingface.co/datasets/wikitext/resolve/b08601e04326c79dfdd32d625aee71d232d685c3/dataset_infos.json "HTTP/1.1 307 Temporary Redirect"
2026-06-05 00:46:08,589 INFO httpx: HTTP Request: HEAD https://huggingface.co/datasets/Salesforce/wikitext/resolve/b08601e04326c79dfdd32d625aee71d232d685c3/dataset_infos.json "HTTP/1.1 404 Not Found"
2026-06-05 00:46:08,816 INFO httpx: HTTP Request: GET https://huggingface.co/api/datasets/wikitext/tree/b08601e04326c79dfdd32d625aee71d232d685c3/wikitext-2-raw-v1?recursive=true&expand=false "HTTP/1.1 307 Temporary Redirect"
2026-06-05 00:46:09,070 INFO httpx: HTTP Request: GET https://huggingface.co/api/datasets/Salesforce/wikitext/tree/b08601e04326c79dfdd32d625aee71d232d685c3/wikitext-2-raw-v1?recursive=true&expand=false "HTTP/1.1 200 OK"
2026-06-05 00:46:09,409 INFO httpx: HTTP Request: HEAD https://huggingface.co/gpt2/resolve/main/tokenizer_config.json "HTTP/1.1 200 OK"
2026-06-05 00:46:09,814 INFO httpx: HTTP Request: GET https://huggingface.co/api/models/gpt2/tree/main/additional_chat_templates?recursive=false&expand=false "HTTP/1.1 307 Temporary Redirect"
2026-06-05 00:46:10,225 INFO httpx: HTTP Request: GET https://huggingface.co/api/models/openai-community/gpt2/tree/main/additional_chat_templates?recursive=false&expand=false "HTTP/1.1 404 Not Found"
2026-06-05 00:46:10,466 INFO httpx: HTTP Request: GET https://huggingface.co/api/models/gpt2/tree/main?recursive=true&expand=false "HTTP/1.1 307 Temporary Redirect"
2026-06-05 00:46:10,717 INFO httpx: HTTP Request: GET https://huggingface.co/api/models/openai-community/gpt2/tree/main?recursive=true&expand=false "HTTP/1.1 200 OK"
2026-06-05 00:46:12,484 INFO sweep: Saved gpt2__fp16__compile__b1__s32.json
2026-06-05 00:46:12,486 INFO sweep: Progress: 14/24
2026-06-05 00:46:12,486 INFO sweep: START: gpt2 | fp16 | compile | batch=16 seq=32
2026-06-05 00:47:09,322 INFO httpx: HTTP Request: HEAD https://huggingface.co/datasets/wikitext/resolve/main/README.md "HTTP/1.1 307 Temporary Redirect"
2026-06-05 00:47:09,738 INFO httpx: HTTP Request: HEAD https://huggingface.co/datasets/Salesforce/wikitext/resolve/main/README.md "HTTP/1.1 307 Temporary Redirect"
2026-06-05 00:47:09,749 INFO httpx: HTTP Request: HEAD https://huggingface.co/api/resolve-cache/datasets/Salesforce/wikitext/b08601e04326c79dfdd32d625aee71d232d685c3/README.md "HTTP/1.1 200 OK"
2026-06-05 00:47:10,153 INFO httpx: HTTP Request: HEAD https://huggingface.co/datasets/wikitext/resolve/b08601e04326c79dfdd32d625aee71d232d685c3/wikitext.py "HTTP/1.1 307 Temporary Redirect"
2026-06-05 00:47:10,564 INFO httpx: HTTP Request: HEAD https://huggingface.co/datasets/Salesforce/wikitext/resolve/b08601e04326c79dfdd32d625aee71d232d685c3/wikitext.py "HTTP/1.1 404 Not Found"
2026-06-05 00:47:11,632 INFO httpx: HTTP Request: HEAD https://s3.amazonaws.com/datasets.huggingface.co/datasets/datasets/wikitext/wikitext.py "HTTP/1.1 200 OK"
2026-06-05 00:47:11,874 INFO httpx: HTTP Request: HEAD https://huggingface.co/datasets/wikitext/resolve/b08601e04326c79dfdd32d625aee71d232d685c3/.huggingface.yaml "HTTP/1.1 307 Temporary Redirect"
2026-06-05 00:47:12,125 INFO httpx: HTTP Request: HEAD https://huggingface.co/datasets/Salesforce/wikitext/resolve/b08601e04326c79dfdd32d625aee71d232d685c3/.huggingface.yaml "HTTP/1.1 404 Not Found"
2026-06-05 00:47:12,450 INFO httpx: HTTP Request: GET https://datasets-server.huggingface.co/info?dataset=wikitext "HTTP/1.1 404 Not Found"
2026-06-05 00:47:12,865 INFO httpx: HTTP Request: HEAD https://huggingface.co/datasets/wikitext/resolve/b08601e04326c79dfdd32d625aee71d232d685c3/dataset_infos.json "HTTP/1.1 307 Temporary Redirect"
2026-06-05 00:47:13,485 INFO httpx: HTTP Request: HEAD https://huggingface.co/datasets/Salesforce/wikitext/resolve/b08601e04326c79dfdd32d625aee71d232d685c3/dataset_infos.json "HTTP/1.1 404 Not Found"
2026-06-05 00:47:13,937 INFO httpx: HTTP Request: HEAD https://huggingface.co/gpt2/resolve/main/tokenizer_config.json "HTTP/1.1 200 OK"
2026-06-05 00:47:14,348 INFO httpx: HTTP Request: GET https://huggingface.co/api/models/gpt2/tree/main/additional_chat_templates?recursive=false&expand=false "HTTP/1.1 307 Temporary Redirect"
2026-06-05 00:47:14,756 INFO httpx: HTTP Request: GET https://huggingface.co/api/models/openai-community/gpt2/tree/main/additional_chat_templates?recursive=false&expand=false "HTTP/1.1 404 Not Found"
2026-06-05 00:47:15,162 INFO httpx: HTTP Request: GET https://huggingface.co/api/models/gpt2/tree/main?recursive=true&expand=false "HTTP/1.1 307 Temporary Redirect"
2026-06-05 00:47:15,574 INFO httpx: HTTP Request: GET https://huggingface.co/api/models/openai-community/gpt2/tree/main?recursive=true&expand=false "HTTP/1.1 200 OK"
2026-06-05 00:47:17,425 INFO sweep: Saved gpt2__fp16__compile__b16__s32.json
2026-06-05 00:47:17,427 INFO sweep: Progress: 15/24
2026-06-05 00:47:17,427 INFO sweep: START: gpt2 | fp16 | compile | batch=64 seq=32
2026-06-05 00:47:37,495 INFO httpx: HTTP Request: HEAD https://huggingface.co/datasets/wikitext/resolve/main/README.md "HTTP/1.1 307 Temporary Redirect"
2026-06-05 00:47:37,903 INFO httpx: HTTP Request: HEAD https://huggingface.co/datasets/Salesforce/wikitext/resolve/main/README.md "HTTP/1.1 307 Temporary Redirect"
2026-06-05 00:47:37,915 INFO httpx: HTTP Request: HEAD https://huggingface.co/api/resolve-cache/datasets/Salesforce/wikitext/b08601e04326c79dfdd32d625aee71d232d685c3/README.md "HTTP/1.1 200 OK"
2026-06-05 00:47:38,401 INFO httpx: HTTP Request: HEAD https://huggingface.co/datasets/wikitext/resolve/b08601e04326c79dfdd32d625aee71d232d685c3/wikitext.py "HTTP/1.1 307 Temporary Redirect"
2026-06-05 00:47:38,644 INFO httpx: HTTP Request: HEAD https://huggingface.co/datasets/Salesforce/wikitext/resolve/b08601e04326c79dfdd32d625aee71d232d685c3/wikitext.py "HTTP/1.1 404 Not Found"
2026-06-05 00:47:39,430 INFO httpx: HTTP Request: HEAD https://s3.amazonaws.com/datasets.huggingface.co/datasets/datasets/wikitext/wikitext.py "HTTP/1.1 200 OK"
2026-06-05 00:47:39,720 INFO httpx: HTTP Request: HEAD https://huggingface.co/datasets/wikitext/resolve/b08601e04326c79dfdd32d625aee71d232d685c3/.huggingface.yaml "HTTP/1.1 307 Temporary Redirect"
2026-06-05 00:47:39,965 INFO httpx: HTTP Request: HEAD https://huggingface.co/datasets/Salesforce/wikitext/resolve/b08601e04326c79dfdd32d625aee71d232d685c3/.huggingface.yaml "HTTP/1.1 404 Not Found"
2026-06-05 00:47:40,453 INFO httpx: HTTP Request: GET https://datasets-server.huggingface.co/info?dataset=wikitext "HTTP/1.1 404 Not Found"
2026-06-05 00:47:40,872 INFO httpx: HTTP Request: HEAD https://huggingface.co/datasets/wikitext/resolve/b08601e04326c79dfdd32d625aee71d232d685c3/dataset_infos.json "HTTP/1.1 307 Temporary Redirect"
2026-06-05 00:47:41,282 INFO httpx: HTTP Request: HEAD https://huggingface.co/datasets/Salesforce/wikitext/resolve/b08601e04326c79dfdd32d625aee71d232d685c3/dataset_infos.json "HTTP/1.1 404 Not Found"
2026-06-05 00:47:41,774 INFO httpx: HTTP Request: HEAD https://huggingface.co/gpt2/resolve/main/tokenizer_config.json "HTTP/1.1 200 OK"
2026-06-05 00:47:42,180 INFO httpx: HTTP Request: GET https://huggingface.co/api/models/gpt2/tree/main/additional_chat_templates?recursive=false&expand=false "HTTP/1.1 307 Temporary Redirect"
2026-06-05 00:47:42,591 INFO httpx: HTTP Request: GET https://huggingface.co/api/models/openai-community/gpt2/tree/main/additional_chat_templates?recursive=false&expand=false "HTTP/1.1 404 Not Found"
2026-06-05 00:47:43,003 INFO httpx: HTTP Request: GET https://huggingface.co/api/models/gpt2/tree/main?recursive=true&expand=false "HTTP/1.1 307 Temporary Redirect"
2026-06-05 00:47:43,419 INFO httpx: HTTP Request: GET https://huggingface.co/api/models/openai-community/gpt2/tree/main?recursive=true&expand=false "HTTP/1.1 200 OK"
2026-06-05 00:47:45,336 INFO sweep: Saved gpt2__fp16__compile__b64__s32.json
2026-06-05 00:47:45,337 INFO sweep: Progress: 16/24
2026-06-05 00:47:45,338 INFO sweep: START: gpt2 | w8a16 | compile | batch=1 seq=32
2026-06-05 00:47:51,966 INFO httpx: HTTP Request: HEAD https://huggingface.co/datasets/wikitext/resolve/main/README.md "HTTP/1.1 307 Temporary Redirect"
2026-06-05 00:47:52,215 INFO httpx: HTTP Request: HEAD https://huggingface.co/datasets/Salesforce/wikitext/resolve/main/README.md "HTTP/1.1 307 Temporary Redirect"
2026-06-05 00:47:52,227 INFO httpx: HTTP Request: HEAD https://huggingface.co/api/resolve-cache/datasets/Salesforce/wikitext/b08601e04326c79dfdd32d625aee71d232d685c3/README.md "HTTP/1.1 200 OK"
2026-06-05 00:47:52,461 INFO httpx: HTTP Request: HEAD https://huggingface.co/datasets/wikitext/resolve/b08601e04326c79dfdd32d625aee71d232d685c3/wikitext.py "HTTP/1.1 307 Temporary Redirect"
2026-06-05 00:47:52,683 INFO httpx: HTTP Request: HEAD https://huggingface.co/datasets/Salesforce/wikitext/resolve/b08601e04326c79dfdd32d625aee71d232d685c3/wikitext.py "HTTP/1.1 404 Not Found"
2026-06-05 00:47:53,648 INFO httpx: HTTP Request: HEAD https://s3.amazonaws.com/datasets.huggingface.co/datasets/datasets/wikitext/wikitext.py "HTTP/1.1 200 OK"
2026-06-05 00:47:54,113 INFO httpx: HTTP Request: HEAD https://huggingface.co/datasets/wikitext/resolve/b08601e04326c79dfdd32d625aee71d232d685c3/.huggingface.yaml "HTTP/1.1 307 Temporary Redirect"
2026-06-05 00:47:54,360 INFO httpx: HTTP Request: HEAD https://huggingface.co/datasets/Salesforce/wikitext/resolve/b08601e04326c79dfdd32d625aee71d232d685c3/.huggingface.yaml "HTTP/1.1 404 Not Found"
2026-06-05 00:47:54,604 INFO httpx: HTTP Request: GET https://datasets-server.huggingface.co/info?dataset=wikitext "HTTP/1.1 404 Not Found"
2026-06-05 00:47:54,860 INFO httpx: HTTP Request: HEAD https://huggingface.co/datasets/wikitext/resolve/b08601e04326c79dfdd32d625aee71d232d685c3/dataset_infos.json "HTTP/1.1 307 Temporary Redirect"
2026-06-05 00:47:55,365 INFO httpx: HTTP Request: HEAD https://huggingface.co/datasets/Salesforce/wikitext/resolve/b08601e04326c79dfdd32d625aee71d232d685c3/dataset_infos.json "HTTP/1.1 404 Not Found"
2026-06-05 00:47:55,715 INFO httpx: HTTP Request: HEAD https://huggingface.co/gpt2/resolve/main/tokenizer_config.json "HTTP/1.1 200 OK"
2026-06-05 00:47:56,192 INFO httpx: HTTP Request: GET https://huggingface.co/api/models/gpt2/tree/main/additional_chat_templates?recursive=false&expand=false "HTTP/1.1 307 Temporary Redirect"
2026-06-05 00:47:56,525 INFO httpx: HTTP Request: GET https://huggingface.co/api/models/openai-community/gpt2/tree/main/additional_chat_templates?recursive=false&expand=false "HTTP/1.1 404 Not Found"
2026-06-05 00:47:57,010 INFO httpx: HTTP Request: GET https://huggingface.co/api/models/gpt2/tree/main?recursive=true&expand=false "HTTP/1.1 307 Temporary Redirect"
2026-06-05 00:47:57,438 INFO httpx: HTTP Request: GET https://huggingface.co/api/models/openai-community/gpt2/tree/main?recursive=true&expand=false "HTTP/1.1 200 OK"
2026-06-05 00:47:59,301 INFO sweep: Saved gpt2__w8a16__compile__b1__s32.json
2026-06-05 00:47:59,302 INFO sweep: Progress: 17/24
2026-06-05 00:47:59,302 INFO sweep: START: gpt2 | w8a16 | compile | batch=16 seq=32
2026-06-05 00:48:11,637 INFO httpx: HTTP Request: HEAD https://huggingface.co/datasets/wikitext/resolve/main/README.md "HTTP/1.1 307 Temporary Redirect"
2026-06-05 00:48:11,881 INFO httpx: HTTP Request: HEAD https://huggingface.co/datasets/Salesforce/wikitext/resolve/main/README.md "HTTP/1.1 307 Temporary Redirect"
2026-06-05 00:48:11,903 INFO httpx: HTTP Request: HEAD https://huggingface.co/api/resolve-cache/datasets/Salesforce/wikitext/b08601e04326c79dfdd32d625aee71d232d685c3/README.md "HTTP/1.1 200 OK"
2026-06-05 00:48:12,127 INFO httpx: HTTP Request: HEAD https://huggingface.co/datasets/wikitext/resolve/b08601e04326c79dfdd32d625aee71d232d685c3/wikitext.py "HTTP/1.1 307 Temporary Redirect"
2026-06-05 00:48:12,374 INFO httpx: HTTP Request: HEAD https://huggingface.co/datasets/Salesforce/wikitext/resolve/b08601e04326c79dfdd32d625aee71d232d685c3/wikitext.py "HTTP/1.1 404 Not Found"
2026-06-05 00:48:13,289 INFO httpx: HTTP Request: HEAD https://s3.amazonaws.com/datasets.huggingface.co/datasets/datasets/wikitext/wikitext.py "HTTP/1.1 200 OK"
2026-06-05 00:48:13,662 INFO httpx: HTTP Request: HEAD https://huggingface.co/datasets/wikitext/resolve/b08601e04326c79dfdd32d625aee71d232d685c3/.huggingface.yaml "HTTP/1.1 307 Temporary Redirect"
2026-06-05 00:48:14,072 INFO httpx: HTTP Request: HEAD https://huggingface.co/datasets/Salesforce/wikitext/resolve/b08601e04326c79dfdd32d625aee71d232d685c3/.huggingface.yaml "HTTP/1.1 404 Not Found"
2026-06-05 00:48:14,528 INFO httpx: HTTP Request: GET https://datasets-server.huggingface.co/info?dataset=wikitext "HTTP/1.1 404 Not Found"
2026-06-05 00:48:15,110 INFO httpx: HTTP Request: HEAD https://huggingface.co/datasets/wikitext/resolve/b08601e04326c79dfdd32d625aee71d232d685c3/dataset_infos.json "HTTP/1.1 307 Temporary Redirect"
2026-06-05 00:48:15,524 INFO httpx: HTTP Request: HEAD https://huggingface.co/datasets/Salesforce/wikitext/resolve/b08601e04326c79dfdd32d625aee71d232d685c3/dataset_infos.json "HTTP/1.1 404 Not Found"
2026-06-05 00:48:15,846 INFO httpx: HTTP Request: HEAD https://huggingface.co/gpt2/resolve/main/tokenizer_config.json "HTTP/1.1 200 OK"
2026-06-05 00:48:16,106 INFO httpx: HTTP Request: GET https://huggingface.co/api/models/gpt2/tree/main/additional_chat_templates?recursive=false&expand=false "HTTP/1.1 307 Temporary Redirect"
2026-06-05 00:48:16,436 INFO httpx: HTTP Request: GET https://huggingface.co/api/models/openai-community/gpt2/tree/main/additional_chat_templates?recursive=false&expand=false "HTTP/1.1 404 Not Found"
2026-06-05 00:48:16,677 INFO httpx: HTTP Request: GET https://huggingface.co/api/models/gpt2/tree/main?recursive=true&expand=false "HTTP/1.1 307 Temporary Redirect"
2026-06-05 00:48:16,932 INFO httpx: HTTP Request: GET https://huggingface.co/api/models/openai-community/gpt2/tree/main?recursive=true&expand=false "HTTP/1.1 200 OK"
2026-06-05 00:48:18,933 INFO sweep: Saved gpt2__w8a16__compile__b16__s32.json
2026-06-05 00:48:18,935 INFO sweep: Progress: 18/24
2026-06-05 00:48:18,935 INFO sweep: START: gpt2 | w8a16 | compile | batch=64 seq=32
2026-06-05 00:48:39,300 INFO httpx: HTTP Request: HEAD https://huggingface.co/datasets/wikitext/resolve/main/README.md "HTTP/1.1 307 Temporary Redirect"
2026-06-05 00:48:39,543 INFO httpx: HTTP Request: HEAD https://huggingface.co/datasets/Salesforce/wikitext/resolve/main/README.md "HTTP/1.1 307 Temporary Redirect"
2026-06-05 00:48:39,556 INFO httpx: HTTP Request: HEAD https://huggingface.co/api/resolve-cache/datasets/Salesforce/wikitext/b08601e04326c79dfdd32d625aee71d232d685c3/README.md "HTTP/1.1 200 OK"
2026-06-05 00:48:39,810 INFO httpx: HTTP Request: HEAD https://huggingface.co/datasets/wikitext/resolve/b08601e04326c79dfdd32d625aee71d232d685c3/wikitext.py "HTTP/1.1 307 Temporary Redirect"
2026-06-05 00:48:40,435 INFO httpx: HTTP Request: HEAD https://huggingface.co/datasets/Salesforce/wikitext/resolve/b08601e04326c79dfdd32d625aee71d232d685c3/wikitext.py "HTTP/1.1 404 Not Found"
2026-06-05 00:48:41,802 INFO httpx: HTTP Request: HEAD https://s3.amazonaws.com/datasets.huggingface.co/datasets/datasets/wikitext/wikitext.py "HTTP/1.1 200 OK"
2026-06-05 00:48:42,371 INFO httpx: HTTP Request: HEAD https://huggingface.co/datasets/wikitext/resolve/b08601e04326c79dfdd32d625aee71d232d685c3/.huggingface.yaml "HTTP/1.1 307 Temporary Redirect"
2026-06-05 00:48:43,283 INFO httpx: HTTP Request: HEAD https://huggingface.co/datasets/Salesforce/wikitext/resolve/b08601e04326c79dfdd32d625aee71d232d685c3/.huggingface.yaml "HTTP/1.1 404 Not Found"
2026-06-05 00:48:43,534 INFO httpx: HTTP Request: GET https://datasets-server.huggingface.co/info?dataset=wikitext "HTTP/1.1 404 Not Found"
2026-06-05 00:48:43,958 INFO httpx: HTTP Request: HEAD https://huggingface.co/datasets/wikitext/resolve/b08601e04326c79dfdd32d625aee71d232d685c3/dataset_infos.json "HTTP/1.1 307 Temporary Redirect"
2026-06-05 00:48:45,139 INFO httpx: HTTP Request: HEAD https://huggingface.co/datasets/Salesforce/wikitext/resolve/b08601e04326c79dfdd32d625aee71d232d685c3/dataset_infos.json "HTTP/1.1 404 Not Found"
2026-06-05 00:48:45,466 INFO httpx: HTTP Request: HEAD https://huggingface.co/gpt2/resolve/main/tokenizer_config.json "HTTP/1.1 200 OK"
2026-06-05 00:48:45,683 INFO httpx: HTTP Request: GET https://huggingface.co/api/models/gpt2/tree/main/additional_chat_templates?recursive=false&expand=false "HTTP/1.1 307 Temporary Redirect"
2026-06-05 00:48:46,124 INFO httpx: HTTP Request: GET https://huggingface.co/api/models/openai-community/gpt2/tree/main/additional_chat_templates?recursive=false&expand=false "HTTP/1.1 404 Not Found"
2026-06-05 00:48:46,681 INFO httpx: HTTP Request: GET https://huggingface.co/api/models/gpt2/tree/main?recursive=true&expand=false "HTTP/1.1 307 Temporary Redirect"
2026-06-05 00:48:47,096 INFO httpx: HTTP Request: GET https://huggingface.co/api/models/openai-community/gpt2/tree/main?recursive=true&expand=false "HTTP/1.1 200 OK"
2026-06-05 00:48:49,131 INFO sweep: Saved gpt2__w8a16__compile__b64__s32.json
2026-06-05 00:48:49,132 INFO sweep: Progress: 19/24
2026-06-05 00:48:49,133 INFO sweep: START: gpt2 | w4a16 | compile | batch=1 seq=32
2026-06-05 00:48:59,468 INFO httpx: HTTP Request: HEAD https://huggingface.co/datasets/wikitext/resolve/main/README.md "HTTP/1.1 307 Temporary Redirect"
2026-06-05 00:48:59,957 INFO httpx: HTTP Request: HEAD https://huggingface.co/datasets/Salesforce/wikitext/resolve/main/README.md "HTTP/1.1 307 Temporary Redirect"
2026-06-05 00:48:59,968 INFO httpx: HTTP Request: HEAD https://huggingface.co/api/resolve-cache/datasets/Salesforce/wikitext/b08601e04326c79dfdd32d625aee71d232d685c3/README.md "HTTP/1.1 200 OK"
2026-06-05 00:49:00,204 INFO httpx: HTTP Request: HEAD https://huggingface.co/datasets/wikitext/resolve/b08601e04326c79dfdd32d625aee71d232d685c3/wikitext.py "HTTP/1.1 307 Temporary Redirect"
2026-06-05 00:49:00,616 INFO httpx: HTTP Request: HEAD https://huggingface.co/datasets/Salesforce/wikitext/resolve/b08601e04326c79dfdd32d625aee71d232d685c3/wikitext.py "HTTP/1.1 404 Not Found"
2026-06-05 00:49:01,527 INFO httpx: HTTP Request: HEAD https://s3.amazonaws.com/datasets.huggingface.co/datasets/datasets/wikitext/wikitext.py "HTTP/1.1 200 OK"
2026-06-05 00:49:01,949 INFO httpx: HTTP Request: HEAD https://huggingface.co/datasets/wikitext/resolve/b08601e04326c79dfdd32d625aee71d232d685c3/.huggingface.yaml "HTTP/1.1 307 Temporary Redirect"
2026-06-05 00:49:02,267 INFO httpx: HTTP Request: HEAD https://huggingface.co/datasets/Salesforce/wikitext/resolve/b08601e04326c79dfdd32d625aee71d232d685c3/.huggingface.yaml "HTTP/1.1 404 Not Found"
2026-06-05 00:49:02,596 INFO httpx: HTTP Request: GET https://datasets-server.huggingface.co/info?dataset=wikitext "HTTP/1.1 404 Not Found"
2026-06-05 00:49:03,012 INFO httpx: HTTP Request: HEAD https://huggingface.co/datasets/wikitext/resolve/b08601e04326c79dfdd32d625aee71d232d685c3/dataset_infos.json "HTTP/1.1 307 Temporary Redirect"
2026-06-05 00:49:03,424 INFO httpx: HTTP Request: HEAD https://huggingface.co/datasets/Salesforce/wikitext/resolve/b08601e04326c79dfdd32d625aee71d232d685c3/dataset_infos.json "HTTP/1.1 404 Not Found"
2026-06-05 00:49:03,841 INFO httpx: HTTP Request: HEAD https://huggingface.co/gpt2/resolve/main/tokenizer_config.json "HTTP/1.1 200 OK"
2026-06-05 00:49:04,050 INFO httpx: HTTP Request: GET https://huggingface.co/api/models/gpt2/tree/main/additional_chat_templates?recursive=false&expand=false "HTTP/1.1 307 Temporary Redirect"
2026-06-05 00:49:04,263 INFO httpx: HTTP Request: GET https://huggingface.co/api/models/openai-community/gpt2/tree/main/additional_chat_templates?recursive=false&expand=false "HTTP/1.1 404 Not Found"
2026-06-05 00:49:04,744 INFO httpx: HTTP Request: GET https://huggingface.co/api/models/gpt2/tree/main?recursive=true&expand=false "HTTP/1.1 307 Temporary Redirect"
2026-06-05 00:49:05,155 INFO httpx: HTTP Request: GET https://huggingface.co/api/models/openai-community/gpt2/tree/main?recursive=true&expand=false "HTTP/1.1 200 OK"
2026-06-05 00:49:07,264 INFO sweep: Saved gpt2__w4a16__compile__b1__s32.json
2026-06-05 00:49:07,265 INFO sweep: Progress: 20/24
2026-06-05 00:49:07,265 INFO sweep: START: gpt2 | w4a16 | compile | batch=16 seq=32
2026-06-05 00:49:18,803 INFO httpx: HTTP Request: HEAD https://huggingface.co/datasets/wikitext/resolve/main/README.md "HTTP/1.1 307 Temporary Redirect"
2026-06-05 00:49:19,775 INFO httpx: HTTP Request: HEAD https://huggingface.co/datasets/Salesforce/wikitext/resolve/main/README.md "HTTP/1.1 307 Temporary Redirect"
2026-06-05 00:49:19,985 INFO httpx: HTTP Request: HEAD https://huggingface.co/api/resolve-cache/datasets/Salesforce/wikitext/b08601e04326c79dfdd32d625aee71d232d685c3/README.md "HTTP/1.1 200 OK"
2026-06-05 00:49:20,248 INFO httpx: HTTP Request: HEAD https://huggingface.co/datasets/wikitext/resolve/b08601e04326c79dfdd32d625aee71d232d685c3/wikitext.py "HTTP/1.1 307 Temporary Redirect"
2026-06-05 00:49:20,827 INFO httpx: HTTP Request: HEAD https://huggingface.co/datasets/Salesforce/wikitext/resolve/b08601e04326c79dfdd32d625aee71d232d685c3/wikitext.py "HTTP/1.1 404 Not Found"
2026-06-05 00:49:22,167 INFO httpx: HTTP Request: HEAD https://s3.amazonaws.com/datasets.huggingface.co/datasets/datasets/wikitext/wikitext.py "HTTP/1.1 200 OK"
2026-06-05 00:49:22,579 INFO httpx: HTTP Request: HEAD https://huggingface.co/datasets/wikitext/resolve/b08601e04326c79dfdd32d625aee71d232d685c3/.huggingface.yaml "HTTP/1.1 307 Temporary Redirect"
2026-06-05 00:49:22,993 INFO httpx: HTTP Request: HEAD https://huggingface.co/datasets/Salesforce/wikitext/resolve/b08601e04326c79dfdd32d625aee71d232d685c3/.huggingface.yaml "HTTP/1.1 404 Not Found"
2026-06-05 00:49:23,522 INFO httpx: HTTP Request: GET https://datasets-server.huggingface.co/info?dataset=wikitext "HTTP/1.1 404 Not Found"
2026-06-05 00:49:24,027 INFO httpx: HTTP Request: HEAD https://huggingface.co/datasets/wikitext/resolve/b08601e04326c79dfdd32d625aee71d232d685c3/dataset_infos.json "HTTP/1.1 307 Temporary Redirect"
2026-06-05 00:49:24,410 INFO httpx: HTTP Request: HEAD https://huggingface.co/datasets/Salesforce/wikitext/resolve/b08601e04326c79dfdd32d625aee71d232d685c3/dataset_infos.json "HTTP/1.1 404 Not Found"
2026-06-05 00:49:25,002 INFO httpx: HTTP Request: HEAD https://huggingface.co/gpt2/resolve/main/tokenizer_config.json "HTTP/1.1 200 OK"
2026-06-05 00:49:25,264 INFO httpx: HTTP Request: GET https://huggingface.co/api/models/gpt2/tree/main/additional_chat_templates?recursive=false&expand=false "HTTP/1.1 307 Temporary Redirect"
2026-06-05 00:49:25,755 INFO httpx: HTTP Request: GET https://huggingface.co/api/models/openai-community/gpt2/tree/main/additional_chat_templates?recursive=false&expand=false "HTTP/1.1 404 Not Found"
2026-06-05 00:49:25,974 INFO httpx: HTTP Request: GET https://huggingface.co/api/models/gpt2/tree/main?recursive=true&expand=false "HTTP/1.1 307 Temporary Redirect"
2026-06-05 00:49:26,180 INFO httpx: HTTP Request: GET https://huggingface.co/api/models/openai-community/gpt2/tree/main?recursive=true&expand=false "HTTP/1.1 200 OK"
2026-06-05 00:49:28,234 INFO sweep: Saved gpt2__w4a16__compile__b16__s32.json
2026-06-05 00:49:28,236 INFO sweep: Progress: 21/24
2026-06-05 00:49:28,236 INFO sweep: START: gpt2 | w4a16 | compile | batch=64 seq=32
2026-06-05 00:49:49,791 INFO httpx: HTTP Request: HEAD https://huggingface.co/datasets/wikitext/resolve/main/README.md "HTTP/1.1 307 Temporary Redirect"
2026-06-05 00:49:50,207 INFO httpx: HTTP Request: HEAD https://huggingface.co/datasets/Salesforce/wikitext/resolve/main/README.md "HTTP/1.1 307 Temporary Redirect"
2026-06-05 00:49:50,219 INFO httpx: HTTP Request: HEAD https://huggingface.co/api/resolve-cache/datasets/Salesforce/wikitext/b08601e04326c79dfdd32d625aee71d232d685c3/README.md "HTTP/1.1 200 OK"
2026-06-05 00:49:50,614 INFO httpx: HTTP Request: HEAD https://huggingface.co/datasets/wikitext/resolve/b08601e04326c79dfdd32d625aee71d232d685c3/wikitext.py "HTTP/1.1 307 Temporary Redirect"
2026-06-05 00:49:51,031 INFO httpx: HTTP Request: HEAD https://huggingface.co/datasets/Salesforce/wikitext/resolve/b08601e04326c79dfdd32d625aee71d232d685c3/wikitext.py "HTTP/1.1 404 Not Found"
2026-06-05 00:49:52,124 INFO httpx: HTTP Request: HEAD https://s3.amazonaws.com/datasets.huggingface.co/datasets/datasets/wikitext/wikitext.py "HTTP/1.1 200 OK"
2026-06-05 00:49:52,428 INFO httpx: HTTP Request: HEAD https://huggingface.co/datasets/wikitext/resolve/b08601e04326c79dfdd32d625aee71d232d685c3/.huggingface.yaml "HTTP/1.1 307 Temporary Redirect"
2026-06-05 00:49:52,761 INFO httpx: HTTP Request: HEAD https://huggingface.co/datasets/Salesforce/wikitext/resolve/b08601e04326c79dfdd32d625aee71d232d685c3/.huggingface.yaml "HTTP/1.1 404 Not Found"
2026-06-05 00:49:53,164 INFO httpx: HTTP Request: GET https://datasets-server.huggingface.co/info?dataset=wikitext "HTTP/1.1 404 Not Found"
2026-06-05 00:49:53,580 INFO httpx: HTTP Request: HEAD https://huggingface.co/datasets/wikitext/resolve/b08601e04326c79dfdd32d625aee71d232d685c3/dataset_infos.json "HTTP/1.1 307 Temporary Redirect"
2026-06-05 00:49:53,987 INFO httpx: HTTP Request: HEAD https://huggingface.co/datasets/Salesforce/wikitext/resolve/b08601e04326c79dfdd32d625aee71d232d685c3/dataset_infos.json "HTTP/1.1 404 Not Found"
2026-06-05 00:49:54,266 INFO httpx: HTTP Request: HEAD https://huggingface.co/gpt2/resolve/main/tokenizer_config.json "HTTP/1.1 200 OK"
2026-06-05 00:49:54,568 INFO httpx: HTTP Request: GET https://huggingface.co/api/models/gpt2/tree/main/additional_chat_templates?recursive=false&expand=false "HTTP/1.1 307 Temporary Redirect"
2026-06-05 00:49:54,910 INFO httpx: HTTP Request: GET https://huggingface.co/api/models/openai-community/gpt2/tree/main/additional_chat_templates?recursive=false&expand=false "HTTP/1.1 404 Not Found"
2026-06-05 00:49:55,315 INFO httpx: HTTP Request: GET https://huggingface.co/api/models/gpt2/tree/main?recursive=true&expand=false "HTTP/1.1 307 Temporary Redirect"
2026-06-05 00:49:55,556 INFO httpx: HTTP Request: GET https://huggingface.co/api/models/openai-community/gpt2/tree/main?recursive=true&expand=false "HTTP/1.1 200 OK"
2026-06-05 00:49:57,561 INFO sweep: Saved gpt2__w4a16__compile__b64__s32.json
2026-06-05 00:49:57,562 INFO sweep: Progress: 22/24
2026-06-05 00:49:57,562 INFO sweep: START: gpt2 | w8a8 | compile | batch=1 seq=32
2026-06-05 00:50:04,384 INFO httpx: HTTP Request: HEAD https://huggingface.co/datasets/wikitext/resolve/main/README.md "HTTP/1.1 307 Temporary Redirect"
2026-06-05 00:50:04,696 INFO httpx: HTTP Request: HEAD https://huggingface.co/datasets/Salesforce/wikitext/resolve/main/README.md "HTTP/1.1 307 Temporary Redirect"
2026-06-05 00:50:04,707 INFO httpx: HTTP Request: HEAD https://huggingface.co/api/resolve-cache/datasets/Salesforce/wikitext/b08601e04326c79dfdd32d625aee71d232d685c3/README.md "HTTP/1.1 200 OK"
2026-06-05 00:50:05,025 INFO httpx: HTTP Request: HEAD https://huggingface.co/datasets/wikitext/resolve/b08601e04326c79dfdd32d625aee71d232d685c3/wikitext.py "HTTP/1.1 307 Temporary Redirect"
2026-06-05 00:50:05,452 INFO httpx: HTTP Request: HEAD https://huggingface.co/datasets/Salesforce/wikitext/resolve/b08601e04326c79dfdd32d625aee71d232d685c3/wikitext.py "HTTP/1.1 404 Not Found"
2026-06-05 00:50:06,596 INFO httpx: HTTP Request: HEAD https://s3.amazonaws.com/datasets.huggingface.co/datasets/datasets/wikitext/wikitext.py "HTTP/1.1 200 OK"
2026-06-05 00:50:06,919 INFO httpx: HTTP Request: HEAD https://huggingface.co/datasets/wikitext/resolve/b08601e04326c79dfdd32d625aee71d232d685c3/.huggingface.yaml "HTTP/1.1 307 Temporary Redirect"
2026-06-05 00:50:07,166 INFO httpx: HTTP Request: HEAD https://huggingface.co/datasets/Salesforce/wikitext/resolve/b08601e04326c79dfdd32d625aee71d232d685c3/.huggingface.yaml "HTTP/1.1 404 Not Found"
2026-06-05 00:50:07,455 INFO httpx: HTTP Request: GET https://datasets-server.huggingface.co/info?dataset=wikitext "HTTP/1.1 404 Not Found"
2026-06-05 00:50:07,824 INFO httpx: HTTP Request: HEAD https://huggingface.co/datasets/wikitext/resolve/b08601e04326c79dfdd32d625aee71d232d685c3/dataset_infos.json "HTTP/1.1 307 Temporary Redirect"
2026-06-05 00:50:08,421 INFO httpx: HTTP Request: HEAD https://huggingface.co/datasets/Salesforce/wikitext/resolve/b08601e04326c79dfdd32d625aee71d232d685c3/dataset_infos.json "HTTP/1.1 404 Not Found"
2026-06-05 00:50:08,712 INFO httpx: HTTP Request: HEAD https://huggingface.co/gpt2/resolve/main/tokenizer_config.json "HTTP/1.1 200 OK"
2026-06-05 00:50:08,975 INFO httpx: HTTP Request: GET https://huggingface.co/api/models/gpt2/tree/main/additional_chat_templates?recursive=false&expand=false "HTTP/1.1 307 Temporary Redirect"
2026-06-05 00:50:09,304 INFO httpx: HTTP Request: GET https://huggingface.co/api/models/openai-community/gpt2/tree/main/additional_chat_templates?recursive=false&expand=false "HTTP/1.1 404 Not Found"
2026-06-05 00:50:09,719 INFO httpx: HTTP Request: GET https://huggingface.co/api/models/gpt2/tree/main?recursive=true&expand=false "HTTP/1.1 307 Temporary Redirect"
2026-06-05 00:50:09,928 INFO httpx: HTTP Request: GET https://huggingface.co/api/models/openai-community/gpt2/tree/main?recursive=true&expand=false "HTTP/1.1 200 OK"
2026-06-05 00:50:11,749 INFO sweep: Saved gpt2__w8a8__compile__b1__s32.json
2026-06-05 00:50:11,750 INFO sweep: Progress: 23/24
2026-06-05 00:50:11,750 INFO sweep: START: gpt2 | w8a8 | compile | batch=16 seq=32
2026-06-05 00:50:24,185 INFO httpx: HTTP Request: HEAD https://huggingface.co/datasets/wikitext/resolve/main/README.md "HTTP/1.1 307 Temporary Redirect"
2026-06-05 00:50:24,406 INFO httpx: HTTP Request: HEAD https://huggingface.co/datasets/Salesforce/wikitext/resolve/main/README.md "HTTP/1.1 307 Temporary Redirect"
2026-06-05 00:50:24,418 INFO httpx: HTTP Request: HEAD https://huggingface.co/api/resolve-cache/datasets/Salesforce/wikitext/b08601e04326c79dfdd32d625aee71d232d685c3/README.md "HTTP/1.1 200 OK"
2026-06-05 00:50:24,881 INFO httpx: HTTP Request: HEAD https://huggingface.co/datasets/wikitext/resolve/b08601e04326c79dfdd32d625aee71d232d685c3/wikitext.py "HTTP/1.1 307 Temporary Redirect"
2026-06-05 00:50:25,293 INFO httpx: HTTP Request: HEAD https://huggingface.co/datasets/Salesforce/wikitext/resolve/b08601e04326c79dfdd32d625aee71d232d685c3/wikitext.py "HTTP/1.1 404 Not Found"
2026-06-05 00:50:26,197 INFO httpx: HTTP Request: HEAD https://s3.amazonaws.com/datasets.huggingface.co/datasets/datasets/wikitext/wikitext.py "HTTP/1.1 200 OK"
2026-06-05 00:50:26,528 INFO httpx: HTTP Request: HEAD https://huggingface.co/datasets/wikitext/resolve/b08601e04326c79dfdd32d625aee71d232d685c3/.huggingface.yaml "HTTP/1.1 307 Temporary Redirect"
2026-06-05 00:50:26,950 INFO httpx: HTTP Request: HEAD https://huggingface.co/datasets/Salesforce/wikitext/resolve/b08601e04326c79dfdd32d625aee71d232d685c3/.huggingface.yaml "HTTP/1.1 404 Not Found"
2026-06-05 00:50:27,271 INFO httpx: HTTP Request: GET https://datasets-server.huggingface.co/info?dataset=wikitext "HTTP/1.1 404 Not Found"
2026-06-05 00:50:27,513 INFO httpx: HTTP Request: HEAD https://huggingface.co/datasets/wikitext/resolve/b08601e04326c79dfdd32d625aee71d232d685c3/dataset_infos.json "HTTP/1.1 307 Temporary Redirect"
2026-06-05 00:50:27,763 INFO httpx: HTTP Request: HEAD https://huggingface.co/datasets/Salesforce/wikitext/resolve/b08601e04326c79dfdd32d625aee71d232d685c3/dataset_infos.json "HTTP/1.1 404 Not Found"
2026-06-05 00:50:28,032 INFO httpx: HTTP Request: HEAD https://huggingface.co/gpt2/resolve/main/tokenizer_config.json "HTTP/1.1 200 OK"
2026-06-05 00:50:28,417 INFO httpx: HTTP Request: GET https://huggingface.co/api/models/gpt2/tree/main/additional_chat_templates?recursive=false&expand=false "HTTP/1.1 307 Temporary Redirect"
2026-06-05 00:50:28,750 INFO httpx: HTTP Request: GET https://huggingface.co/api/models/openai-community/gpt2/tree/main/additional_chat_templates?recursive=false&expand=false "HTTP/1.1 404 Not Found"
2026-06-05 00:50:28,958 INFO httpx: HTTP Request: GET https://huggingface.co/api/models/gpt2/tree/main?recursive=true&expand=false "HTTP/1.1 307 Temporary Redirect"
2026-06-05 00:50:29,325 INFO httpx: HTTP Request: GET https://huggingface.co/api/models/openai-community/gpt2/tree/main?recursive=true&expand=false "HTTP/1.1 200 OK"
2026-06-05 00:50:31,385 INFO sweep: Saved gpt2__w8a8__compile__b16__s32.json
2026-06-05 00:50:31,387 INFO sweep: Progress: 24/24
2026-06-05 00:50:31,387 INFO sweep: START: gpt2 | w8a8 | compile | batch=64 seq=32
2026-06-05 00:50:49,481 INFO httpx: HTTP Request: HEAD https://huggingface.co/datasets/wikitext/resolve/main/README.md "HTTP/1.1 307 Temporary Redirect"
2026-06-05 00:50:49,741 INFO httpx: HTTP Request: HEAD https://huggingface.co/datasets/Salesforce/wikitext/resolve/main/README.md "HTTP/1.1 307 Temporary Redirect"
2026-06-05 00:50:49,756 INFO httpx: HTTP Request: HEAD https://huggingface.co/api/resolve-cache/datasets/Salesforce/wikitext/b08601e04326c79dfdd32d625aee71d232d685c3/README.md "HTTP/1.1 200 OK"
2026-06-05 00:50:50,601 INFO httpx: HTTP Request: HEAD https://huggingface.co/datasets/wikitext/resolve/b08601e04326c79dfdd32d625aee71d232d685c3/wikitext.py "HTTP/1.1 307 Temporary Redirect"
2026-06-05 00:50:51,030 INFO httpx: HTTP Request: HEAD https://huggingface.co/datasets/Salesforce/wikitext/resolve/b08601e04326c79dfdd32d625aee71d232d685c3/wikitext.py "HTTP/1.1 404 Not Found"
2026-06-05 00:50:52,157 INFO httpx: HTTP Request: HEAD https://s3.amazonaws.com/datasets.huggingface.co/datasets/datasets/wikitext/wikitext.py "HTTP/1.1 200 OK"
2026-06-05 00:50:52,624 INFO httpx: HTTP Request: HEAD https://huggingface.co/datasets/wikitext/resolve/b08601e04326c79dfdd32d625aee71d232d685c3/.huggingface.yaml "HTTP/1.1 307 Temporary Redirect"
2026-06-05 00:50:52,912 INFO httpx: HTTP Request: HEAD https://huggingface.co/datasets/Salesforce/wikitext/resolve/b08601e04326c79dfdd32d625aee71d232d685c3/.huggingface.yaml "HTTP/1.1 404 Not Found"
2026-06-05 00:50:53,410 INFO httpx: HTTP Request: GET https://datasets-server.huggingface.co/info?dataset=wikitext "HTTP/1.1 404 Not Found"
2026-06-05 00:50:53,821 INFO httpx: HTTP Request: HEAD https://huggingface.co/datasets/wikitext/resolve/b08601e04326c79dfdd32d625aee71d232d685c3/dataset_infos.json "HTTP/1.1 307 Temporary Redirect"
2026-06-05 00:50:54,240 INFO httpx: HTTP Request: HEAD https://huggingface.co/datasets/Salesforce/wikitext/resolve/b08601e04326c79dfdd32d625aee71d232d685c3/dataset_infos.json "HTTP/1.1 404 Not Found"
2026-06-05 00:50:54,568 INFO httpx: HTTP Request: HEAD https://huggingface.co/gpt2/resolve/main/tokenizer_config.json "HTTP/1.1 200 OK"
2026-06-05 00:50:54,893 INFO httpx: HTTP Request: GET https://huggingface.co/api/models/gpt2/tree/main/additional_chat_templates?recursive=false&expand=false "HTTP/1.1 307 Temporary Redirect"
2026-06-05 00:50:55,386 INFO httpx: HTTP Request: GET https://huggingface.co/api/models/openai-community/gpt2/tree/main/additional_chat_templates?recursive=false&expand=false "HTTP/1.1 404 Not Found"
2026-06-05 00:50:55,724 INFO httpx: HTTP Request: GET https://huggingface.co/api/models/gpt2/tree/main?recursive=true&expand=false "HTTP/1.1 307 Temporary Redirect"
2026-06-05 00:50:56,128 INFO httpx: HTTP Request: GET https://huggingface.co/api/models/openai-community/gpt2/tree/main?recursive=true&expand=false "HTTP/1.1 200 OK"
2026-06-05 00:50:58,121 INFO sweep: Saved gpt2__w8a8__compile__b64__s32.json
2026-06-05 00:50:59,662 INFO sweep: Loading FP16 reference for bert-base
2026-06-05 00:51:01,106 INFO sweep: Progress: 1/24
2026-06-05 00:51:01,106 INFO sweep: START: bert-base | fp16 | compile | batch=1 seq=512
2026-06-05 00:51:13,596 INFO sweep: Saved bert_base__fp16__compile__b1__s512.json
2026-06-05 00:51:13,598 INFO sweep: Progress: 2/24
2026-06-05 00:51:13,598 INFO sweep: START: bert-base | fp16 | compile | batch=16 seq=512
2026-06-05 00:52:09,068 INFO sweep: Saved bert_base__fp16__compile__b16__s512.json
2026-06-05 00:52:09,070 INFO sweep: Progress: 3/24
2026-06-05 00:52:09,070 INFO sweep: START: bert-base | fp16 | compile | batch=64 seq=512
2026-06-05 00:54:43,933 INFO sweep: Saved bert_base__fp16__compile__b64__s512.json
2026-06-05 00:54:43,935 INFO sweep: Progress: 4/24
2026-06-05 00:54:43,935 INFO sweep: START: bert-base | w8a16 | compile | batch=1 seq=512
2026-06-05 00:54:57,734 INFO sweep: Saved bert_base__w8a16__compile__b1__s512.json
2026-06-05 00:54:57,734 INFO sweep: Progress: 5/24
2026-06-05 00:54:57,735 INFO sweep: START: bert-base | w8a16 | compile | batch=16 seq=512
2026-06-05 00:55:56,476 INFO sweep: Saved bert_base__w8a16__compile__b16__s512.json
2026-06-05 00:55:56,477 INFO sweep: Progress: 6/24
2026-06-05 00:55:56,478 INFO sweep: START: bert-base | w8a16 | compile | batch=64 seq=512
2026-06-05 00:59:07,650 INFO sweep: Saved bert_base__w8a16__compile__b64__s512.json
2026-06-05 00:59:07,651 INFO sweep: Progress: 7/24
2026-06-05 00:59:07,651 INFO sweep: START: bert-base | w4a16 | compile | batch=1 seq=512
2026-06-05 00:59:26,309 INFO sweep: Saved bert_base__w4a16__compile__b1__s512.json
2026-06-05 00:59:26,310 INFO sweep: Progress: 8/24
2026-06-05 00:59:26,310 INFO sweep: START: bert-base | w4a16 | compile | batch=16 seq=512
2026-06-05 01:02:00,656 INFO sweep: Saved bert_base__w4a16__compile__b16__s512.json
2026-06-05 01:02:00,657 INFO sweep: Progress: 9/24
2026-06-05 01:02:00,658 INFO sweep: START: bert-base | w4a16 | compile | batch=64 seq=512
2026-06-05 01:11:17,223 INFO sweep: Saved bert_base__w4a16__compile__b64__s512.json
2026-06-05 01:11:17,224 INFO sweep: Progress: 10/24
2026-06-05 01:11:17,224 INFO sweep: START: bert-base | w8a8 | compile | batch=1 seq=512
2026-06-05 01:12:27,912 INFO sweep: Saved bert_base__w8a8__compile__b1__s512.json
2026-06-05 01:12:27,914 INFO sweep: Progress: 11/24
2026-06-05 01:12:27,915 INFO sweep: START: bert-base | w8a8 | compile | batch=16 seq=512
2026-06-05 01:15:36,986 INFO sweep: Saved bert_base__w8a8__compile__b16__s512.json
2026-06-05 01:15:36,988 INFO sweep: Progress: 12/24
2026-06-05 01:15:36,988 INFO sweep: START: bert-base | w8a8 | compile | batch=64 seq=512
2026-06-05 01:25:02,892 INFO sweep: Saved bert_base__w8a8__compile__b64__s512.json
2026-06-05 01:25:03,913 INFO sweep: Loading FP16 reference for gpt2
2026-06-05 01:25:04,852 INFO sweep: Progress: 13/24
2026-06-05 01:25:04,852 INFO sweep: START: gpt2 | fp16 | compile | batch=1 seq=512
2026-06-05 01:25:23,300 INFO httpx: HTTP Request: HEAD https://huggingface.co/datasets/wikitext/resolve/main/README.md "HTTP/1.1 307 Temporary Redirect"
2026-06-05 01:25:23,565 INFO httpx: HTTP Request: HEAD https://huggingface.co/datasets/Salesforce/wikitext/resolve/main/README.md "HTTP/1.1 307 Temporary Redirect"
2026-06-05 01:25:23,575 INFO httpx: HTTP Request: HEAD https://huggingface.co/api/resolve-cache/datasets/Salesforce/wikitext/b08601e04326c79dfdd32d625aee71d232d685c3/README.md "HTTP/1.1 200 OK"
2026-06-05 01:25:23,864 INFO httpx: HTTP Request: HEAD https://huggingface.co/datasets/wikitext/resolve/b08601e04326c79dfdd32d625aee71d232d685c3/wikitext.py "HTTP/1.1 307 Temporary Redirect"
2026-06-05 01:25:24,145 INFO httpx: HTTP Request: HEAD https://huggingface.co/datasets/Salesforce/wikitext/resolve/b08601e04326c79dfdd32d625aee71d232d685c3/wikitext.py "HTTP/1.1 404 Not Found"
2026-06-05 01:25:24,908 INFO httpx: HTTP Request: HEAD https://s3.amazonaws.com/datasets.huggingface.co/datasets/datasets/wikitext/wikitext.py "HTTP/1.1 200 OK"
2026-06-05 01:25:25,127 INFO httpx: HTTP Request: HEAD https://huggingface.co/datasets/wikitext/resolve/b08601e04326c79dfdd32d625aee71d232d685c3/.huggingface.yaml "HTTP/1.1 307 Temporary Redirect"
2026-06-05 01:25:25,374 INFO httpx: HTTP Request: HEAD https://huggingface.co/datasets/Salesforce/wikitext/resolve/b08601e04326c79dfdd32d625aee71d232d685c3/.huggingface.yaml "HTTP/1.1 404 Not Found"
2026-06-05 01:25:25,639 INFO httpx: HTTP Request: GET https://datasets-server.huggingface.co/info?dataset=wikitext "HTTP/1.1 404 Not Found"
2026-06-05 01:25:25,867 INFO httpx: HTTP Request: HEAD https://huggingface.co/datasets/wikitext/resolve/b08601e04326c79dfdd32d625aee71d232d685c3/dataset_infos.json "HTTP/1.1 307 Temporary Redirect"
2026-06-05 01:25:26,284 INFO httpx: HTTP Request: HEAD https://huggingface.co/datasets/Salesforce/wikitext/resolve/b08601e04326c79dfdd32d625aee71d232d685c3/dataset_infos.json "HTTP/1.1 404 Not Found"
2026-06-05 01:25:26,613 INFO httpx: HTTP Request: HEAD https://huggingface.co/gpt2/resolve/main/tokenizer_config.json "HTTP/1.1 200 OK"
2026-06-05 01:25:26,944 INFO httpx: HTTP Request: GET https://huggingface.co/api/models/gpt2/tree/main/additional_chat_templates?recursive=false&expand=false "HTTP/1.1 307 Temporary Redirect"
2026-06-05 01:25:27,190 INFO httpx: HTTP Request: GET https://huggingface.co/api/models/openai-community/gpt2/tree/main/additional_chat_templates?recursive=false&expand=false "HTTP/1.1 404 Not Found"
2026-06-05 01:25:27,435 INFO httpx: HTTP Request: GET https://huggingface.co/api/models/gpt2/tree/main?recursive=true&expand=false "HTTP/1.1 307 Temporary Redirect"
2026-06-05 01:25:28,012 INFO httpx: HTTP Request: GET https://huggingface.co/api/models/openai-community/gpt2/tree/main?recursive=true&expand=false "HTTP/1.1 200 OK"
2026-06-05 01:25:29,307 INFO sweep: Saved gpt2__fp16__compile__b1__s512.json
2026-06-05 01:25:29,308 INFO sweep: Progress: 14/24
2026-06-05 01:25:29,308 INFO sweep: START: gpt2 | fp16 | compile | batch=16 seq=512
2026-06-05 01:26:59,274 INFO httpx: HTTP Request: HEAD https://huggingface.co/datasets/wikitext/resolve/main/README.md "HTTP/1.1 307 Temporary Redirect"
2026-06-05 01:26:59,521 INFO httpx: HTTP Request: HEAD https://huggingface.co/datasets/Salesforce/wikitext/resolve/main/README.md "HTTP/1.1 307 Temporary Redirect"
2026-06-05 01:26:59,544 INFO httpx: HTTP Request: HEAD https://huggingface.co/api/resolve-cache/datasets/Salesforce/wikitext/b08601e04326c79dfdd32d625aee71d232d685c3/README.md "HTTP/1.1 200 OK"
2026-06-05 01:26:59,939 INFO httpx: HTTP Request: HEAD https://huggingface.co/datasets/wikitext/resolve/b08601e04326c79dfdd32d625aee71d232d685c3/wikitext.py "HTTP/1.1 307 Temporary Redirect"
2026-06-05 01:27:00,345 INFO httpx: HTTP Request: HEAD https://huggingface.co/datasets/Salesforce/wikitext/resolve/b08601e04326c79dfdd32d625aee71d232d685c3/wikitext.py "HTTP/1.1 404 Not Found"
2026-06-05 01:27:02,488 INFO httpx: HTTP Request: HEAD https://s3.amazonaws.com/datasets.huggingface.co/datasets/datasets/wikitext/wikitext.py "HTTP/1.1 200 OK"
2026-06-05 01:27:02,899 INFO httpx: HTTP Request: HEAD https://huggingface.co/datasets/wikitext/resolve/b08601e04326c79dfdd32d625aee71d232d685c3/.huggingface.yaml "HTTP/1.1 307 Temporary Redirect"
2026-06-05 01:27:03,139 INFO httpx: HTTP Request: HEAD https://huggingface.co/datasets/Salesforce/wikitext/resolve/b08601e04326c79dfdd32d625aee71d232d685c3/.huggingface.yaml "HTTP/1.1 404 Not Found"
2026-06-05 01:27:03,637 INFO httpx: HTTP Request: GET https://datasets-server.huggingface.co/info?dataset=wikitext "HTTP/1.1 404 Not Found"
2026-06-05 01:27:03,845 INFO httpx: HTTP Request: HEAD https://huggingface.co/datasets/wikitext/resolve/b08601e04326c79dfdd32d625aee71d232d685c3/dataset_infos.json "HTTP/1.1 307 Temporary Redirect"
2026-06-05 01:27:04,460 INFO httpx: HTTP Request: HEAD https://huggingface.co/datasets/Salesforce/wikitext/resolve/b08601e04326c79dfdd32d625aee71d232d685c3/dataset_infos.json "HTTP/1.1 404 Not Found"
2026-06-05 01:27:04,875 INFO httpx: HTTP Request: HEAD https://huggingface.co/gpt2/resolve/main/tokenizer_config.json "HTTP/1.1 200 OK"
2026-06-05 01:27:05,114 INFO httpx: HTTP Request: GET https://huggingface.co/api/models/gpt2/tree/main/additional_chat_templates?recursive=false&expand=false "HTTP/1.1 307 Temporary Redirect"
2026-06-05 01:27:05,320 INFO httpx: HTTP Request: GET https://huggingface.co/api/models/openai-community/gpt2/tree/main/additional_chat_templates?recursive=false&expand=false "HTTP/1.1 404 Not Found"
2026-06-05 01:27:05,544 INFO httpx: HTTP Request: GET https://huggingface.co/api/models/gpt2/tree/main?recursive=true&expand=false "HTTP/1.1 307 Temporary Redirect"
2026-06-05 01:27:05,760 INFO httpx: HTTP Request: GET https://huggingface.co/api/models/openai-community/gpt2/tree/main?recursive=true&expand=false "HTTP/1.1 200 OK"
2026-06-05 01:27:07,037 INFO sweep: Saved gpt2__fp16__compile__b16__s512.json
2026-06-05 01:27:07,038 INFO sweep: Progress: 15/24
2026-06-05 01:27:07,038 INFO sweep: START: gpt2 | fp16 | compile | batch=64 seq=512
2026-06-05 01:31:19,463 INFO httpx: HTTP Request: HEAD https://huggingface.co/datasets/wikitext/resolve/main/README.md "HTTP/1.1 307 Temporary Redirect"
2026-06-05 01:31:19,722 INFO httpx: HTTP Request: HEAD https://huggingface.co/datasets/Salesforce/wikitext/resolve/main/README.md "HTTP/1.1 307 Temporary Redirect"
2026-06-05 01:31:19,733 INFO httpx: HTTP Request: HEAD https://huggingface.co/api/resolve-cache/datasets/Salesforce/wikitext/b08601e04326c79dfdd32d625aee71d232d685c3/README.md "HTTP/1.1 200 OK"
2026-06-05 01:31:20,128 INFO httpx: HTTP Request: HEAD https://huggingface.co/datasets/wikitext/resolve/b08601e04326c79dfdd32d625aee71d232d685c3/wikitext.py "HTTP/1.1 307 Temporary Redirect"
2026-06-05 01:31:20,370 INFO httpx: HTTP Request: HEAD https://huggingface.co/datasets/Salesforce/wikitext/resolve/b08601e04326c79dfdd32d625aee71d232d685c3/wikitext.py "HTTP/1.1 404 Not Found"
2026-06-05 01:31:21,312 INFO httpx: HTTP Request: HEAD https://s3.amazonaws.com/datasets.huggingface.co/datasets/datasets/wikitext/wikitext.py "HTTP/1.1 200 OK"
2026-06-05 01:31:21,602 INFO httpx: HTTP Request: HEAD https://huggingface.co/datasets/wikitext/resolve/b08601e04326c79dfdd32d625aee71d232d685c3/.huggingface.yaml "HTTP/1.1 307 Temporary Redirect"
2026-06-05 01:31:21,932 INFO httpx: HTTP Request: HEAD https://huggingface.co/datasets/Salesforce/wikitext/resolve/b08601e04326c79dfdd32d625aee71d232d685c3/.huggingface.yaml "HTTP/1.1 404 Not Found"
2026-06-05 01:31:22,260 INFO httpx: HTTP Request: GET https://datasets-server.huggingface.co/info?dataset=wikitext "HTTP/1.1 404 Not Found"
2026-06-05 01:31:22,671 INFO httpx: HTTP Request: HEAD https://huggingface.co/datasets/wikitext/resolve/b08601e04326c79dfdd32d625aee71d232d685c3/dataset_infos.json "HTTP/1.1 307 Temporary Redirect"
2026-06-05 01:31:22,922 INFO httpx: HTTP Request: HEAD https://huggingface.co/datasets/Salesforce/wikitext/resolve/b08601e04326c79dfdd32d625aee71d232d685c3/dataset_infos.json "HTTP/1.1 404 Not Found"
2026-06-05 01:31:23,247 INFO httpx: HTTP Request: HEAD https://huggingface.co/gpt2/resolve/main/tokenizer_config.json "HTTP/1.1 200 OK"
2026-06-05 01:31:23,494 INFO httpx: HTTP Request: GET https://huggingface.co/api/models/gpt2/tree/main/additional_chat_templates?recursive=false&expand=false "HTTP/1.1 307 Temporary Redirect"
2026-06-05 01:31:23,744 INFO httpx: HTTP Request: GET https://huggingface.co/api/models/openai-community/gpt2/tree/main/additional_chat_templates?recursive=false&expand=false "HTTP/1.1 404 Not Found"
2026-06-05 01:31:23,962 INFO httpx: HTTP Request: GET https://huggingface.co/api/models/gpt2/tree/main?recursive=true&expand=false "HTTP/1.1 307 Temporary Redirect"
2026-06-05 01:31:24,170 INFO httpx: HTTP Request: GET https://huggingface.co/api/models/openai-community/gpt2/tree/main?recursive=true&expand=false "HTTP/1.1 200 OK"
2026-06-05 01:31:25,493 INFO sweep: Saved gpt2__fp16__compile__b64__s512.json
2026-06-05 01:31:25,494 INFO sweep: Progress: 16/24
2026-06-05 01:31:25,494 INFO sweep: START: gpt2 | w8a16 | compile | batch=1 seq=512
2026-06-05 01:31:35,922 INFO httpx: HTTP Request: HEAD https://huggingface.co/datasets/wikitext/resolve/main/README.md "HTTP/1.1 307 Temporary Redirect"
2026-06-05 01:31:36,169 INFO httpx: HTTP Request: HEAD https://huggingface.co/datasets/Salesforce/wikitext/resolve/main/README.md "HTTP/1.1 307 Temporary Redirect"
2026-06-05 01:31:36,181 INFO httpx: HTTP Request: HEAD https://huggingface.co/api/resolve-cache/datasets/Salesforce/wikitext/b08601e04326c79dfdd32d625aee71d232d685c3/README.md "HTTP/1.1 200 OK"
2026-06-05 01:31:36,661 INFO httpx: HTTP Request: HEAD https://huggingface.co/datasets/wikitext/resolve/b08601e04326c79dfdd32d625aee71d232d685c3/wikitext.py "HTTP/1.1 307 Temporary Redirect"
2026-06-05 01:31:36,869 INFO httpx: HTTP Request: HEAD https://huggingface.co/datasets/Salesforce/wikitext/resolve/b08601e04326c79dfdd32d625aee71d232d685c3/wikitext.py "HTTP/1.1 404 Not Found"
2026-06-05 01:31:37,678 INFO httpx: HTTP Request: HEAD https://s3.amazonaws.com/datasets.huggingface.co/datasets/datasets/wikitext/wikitext.py "HTTP/1.1 200 OK"
2026-06-05 01:31:37,978 INFO httpx: HTTP Request: HEAD https://huggingface.co/datasets/wikitext/resolve/b08601e04326c79dfdd32d625aee71d232d685c3/.huggingface.yaml "HTTP/1.1 307 Temporary Redirect"
2026-06-05 01:31:38,389 INFO httpx: HTTP Request: HEAD https://huggingface.co/datasets/Salesforce/wikitext/resolve/b08601e04326c79dfdd32d625aee71d232d685c3/.huggingface.yaml "HTTP/1.1 404 Not Found"
2026-06-05 01:31:38,720 INFO httpx: HTTP Request: GET https://datasets-server.huggingface.co/info?dataset=wikitext "HTTP/1.1 404 Not Found"
2026-06-05 01:31:39,053 INFO httpx: HTTP Request: HEAD https://huggingface.co/datasets/wikitext/resolve/b08601e04326c79dfdd32d625aee71d232d685c3/dataset_infos.json "HTTP/1.1 307 Temporary Redirect"
2026-06-05 01:31:39,463 INFO httpx: HTTP Request: HEAD https://huggingface.co/datasets/Salesforce/wikitext/resolve/b08601e04326c79dfdd32d625aee71d232d685c3/dataset_infos.json "HTTP/1.1 404 Not Found"
2026-06-05 01:31:39,719 INFO httpx: HTTP Request: HEAD https://huggingface.co/gpt2/resolve/main/tokenizer_config.json "HTTP/1.1 200 OK"
2026-06-05 01:31:39,950 INFO httpx: HTTP Request: GET https://huggingface.co/api/models/gpt2/tree/main/additional_chat_templates?recursive=false&expand=false "HTTP/1.1 307 Temporary Redirect"
2026-06-05 01:31:40,363 INFO httpx: HTTP Request: GET https://huggingface.co/api/models/openai-community/gpt2/tree/main/additional_chat_templates?recursive=false&expand=false "HTTP/1.1 404 Not Found"
2026-06-05 01:31:40,691 INFO httpx: HTTP Request: GET https://huggingface.co/api/models/gpt2/tree/main?recursive=true&expand=false "HTTP/1.1 307 Temporary Redirect"
2026-06-05 01:31:40,935 INFO httpx: HTTP Request: GET https://huggingface.co/api/models/openai-community/gpt2/tree/main?recursive=true&expand=false "HTTP/1.1 200 OK"
2026-06-05 01:31:42,221 INFO sweep: Saved gpt2__w8a16__compile__b1__s512.json
2026-06-05 01:31:42,222 INFO sweep: Progress: 17/24
2026-06-05 01:31:42,222 INFO sweep: START: gpt2 | w8a16 | compile | batch=16 seq=512
2026-06-05 01:33:05,073 INFO httpx: HTTP Request: HEAD https://huggingface.co/datasets/wikitext/resolve/main/README.md "HTTP/1.1 307 Temporary Redirect"
2026-06-05 01:33:05,314 INFO httpx: HTTP Request: HEAD https://huggingface.co/datasets/Salesforce/wikitext/resolve/main/README.md "HTTP/1.1 307 Temporary Redirect"
2026-06-05 01:33:05,325 INFO httpx: HTTP Request: HEAD https://huggingface.co/api/resolve-cache/datasets/Salesforce/wikitext/b08601e04326c79dfdd32d625aee71d232d685c3/README.md "HTTP/1.1 200 OK"
2026-06-05 01:33:06,054 INFO httpx: HTTP Request: HEAD https://huggingface.co/datasets/wikitext/resolve/b08601e04326c79dfdd32d625aee71d232d685c3/wikitext.py "HTTP/1.1 307 Temporary Redirect"
2026-06-05 01:33:06,307 INFO httpx: HTTP Request: HEAD https://huggingface.co/datasets/Salesforce/wikitext/resolve/b08601e04326c79dfdd32d625aee71d232d685c3/wikitext.py "HTTP/1.1 404 Not Found"
2026-06-05 01:33:07,253 INFO httpx: HTTP Request: HEAD https://s3.amazonaws.com/datasets.huggingface.co/datasets/datasets/wikitext/wikitext.py "HTTP/1.1 200 OK"
2026-06-05 01:33:07,636 INFO httpx: HTTP Request: HEAD https://huggingface.co/datasets/wikitext/resolve/b08601e04326c79dfdd32d625aee71d232d685c3/.huggingface.yaml "HTTP/1.1 307 Temporary Redirect"
2026-06-05 01:33:07,858 INFO httpx: HTTP Request: HEAD https://huggingface.co/datasets/Salesforce/wikitext/resolve/b08601e04326c79dfdd32d625aee71d232d685c3/.huggingface.yaml "HTTP/1.1 404 Not Found"
2026-06-05 01:33:08,187 INFO httpx: HTTP Request: GET https://datasets-server.huggingface.co/info?dataset=wikitext "HTTP/1.1 404 Not Found"
2026-06-05 01:33:08,516 INFO httpx: HTTP Request: HEAD https://huggingface.co/datasets/wikitext/resolve/b08601e04326c79dfdd32d625aee71d232d685c3/dataset_infos.json "HTTP/1.1 307 Temporary Redirect"
2026-06-05 01:33:08,860 INFO httpx: HTTP Request: HEAD https://huggingface.co/datasets/Salesforce/wikitext/resolve/b08601e04326c79dfdd32d625aee71d232d685c3/dataset_infos.json "HTTP/1.1 404 Not Found"
2026-06-05 01:33:09,270 INFO httpx: HTTP Request: HEAD https://huggingface.co/gpt2/resolve/main/tokenizer_config.json "HTTP/1.1 200 OK"
2026-06-05 01:33:09,524 INFO httpx: HTTP Request: GET https://huggingface.co/api/models/gpt2/tree/main/additional_chat_templates?recursive=false&expand=false "HTTP/1.1 307 Temporary Redirect"
2026-06-05 01:33:09,752 INFO httpx: HTTP Request: GET https://huggingface.co/api/models/openai-community/gpt2/tree/main/additional_chat_templates?recursive=false&expand=false "HTTP/1.1 404 Not Found"
2026-06-05 01:33:10,167 INFO httpx: HTTP Request: GET https://huggingface.co/api/models/gpt2/tree/main?recursive=true&expand=false "HTTP/1.1 307 Temporary Redirect"
2026-06-05 01:33:10,415 INFO httpx: HTTP Request: GET https://huggingface.co/api/models/openai-community/gpt2/tree/main?recursive=true&expand=false "HTTP/1.1 200 OK"
2026-06-05 01:33:11,699 INFO sweep: Saved gpt2__w8a16__compile__b16__s512.json
2026-06-05 01:33:11,700 INFO sweep: Progress: 18/24
2026-06-05 01:33:11,700 INFO sweep: START: gpt2 | w8a16 | compile | batch=64 seq=512
2026-06-05 01:37:24,218 INFO httpx: HTTP Request: HEAD https://huggingface.co/datasets/wikitext/resolve/main/README.md "HTTP/1.1 307 Temporary Redirect"
2026-06-05 01:37:24,469 INFO httpx: HTTP Request: HEAD https://huggingface.co/datasets/Salesforce/wikitext/resolve/main/README.md "HTTP/1.1 307 Temporary Redirect"
2026-06-05 01:37:24,480 INFO httpx: HTTP Request: HEAD https://huggingface.co/api/resolve-cache/datasets/Salesforce/wikitext/b08601e04326c79dfdd32d625aee71d232d685c3/README.md "HTTP/1.1 200 OK"
2026-06-05 01:37:24,695 INFO httpx: HTTP Request: HEAD https://huggingface.co/datasets/wikitext/resolve/b08601e04326c79dfdd32d625aee71d232d685c3/wikitext.py "HTTP/1.1 307 Temporary Redirect"
2026-06-05 01:37:25,125 INFO httpx: HTTP Request: HEAD https://huggingface.co/datasets/Salesforce/wikitext/resolve/b08601e04326c79dfdd32d625aee71d232d685c3/wikitext.py "HTTP/1.1 404 Not Found"
2026-06-05 01:37:26,142 INFO httpx: HTTP Request: HEAD https://s3.amazonaws.com/datasets.huggingface.co/datasets/datasets/wikitext/wikitext.py "HTTP/1.1 200 OK"
2026-06-05 01:37:26,356 INFO httpx: HTTP Request: HEAD https://huggingface.co/datasets/wikitext/resolve/b08601e04326c79dfdd32d625aee71d232d685c3/.huggingface.yaml "HTTP/1.1 307 Temporary Redirect"
2026-06-05 01:37:26,567 INFO httpx: HTTP Request: HEAD https://huggingface.co/datasets/Salesforce/wikitext/resolve/b08601e04326c79dfdd32d625aee71d232d685c3/.huggingface.yaml "HTTP/1.1 404 Not Found"
2026-06-05 01:37:27,014 INFO httpx: HTTP Request: GET https://datasets-server.huggingface.co/info?dataset=wikitext "HTTP/1.1 404 Not Found"
2026-06-05 01:37:27,260 INFO httpx: HTTP Request: HEAD https://huggingface.co/datasets/wikitext/resolve/b08601e04326c79dfdd32d625aee71d232d685c3/dataset_infos.json "HTTP/1.1 307 Temporary Redirect"
2026-06-05 01:37:27,671 INFO httpx: HTTP Request: HEAD https://huggingface.co/datasets/Salesforce/wikitext/resolve/b08601e04326c79dfdd32d625aee71d232d685c3/dataset_infos.json "HTTP/1.1 404 Not Found"
2026-06-05 01:37:27,928 INFO httpx: HTTP Request: HEAD https://huggingface.co/gpt2/resolve/main/tokenizer_config.json "HTTP/1.1 200 OK"
2026-06-05 01:37:28,164 INFO httpx: HTTP Request: GET https://huggingface.co/api/models/gpt2/tree/main/additional_chat_templates?recursive=false&expand=false "HTTP/1.1 307 Temporary Redirect"
2026-06-05 01:37:28,823 INFO httpx: HTTP Request: GET https://huggingface.co/api/models/openai-community/gpt2/tree/main/additional_chat_templates?recursive=false&expand=false "HTTP/1.1 404 Not Found"
2026-06-05 01:37:29,138 INFO httpx: HTTP Request: GET https://huggingface.co/api/models/gpt2/tree/main?recursive=true&expand=false "HTTP/1.1 307 Temporary Redirect"
2026-06-05 01:37:29,584 INFO httpx: HTTP Request: GET https://huggingface.co/api/models/openai-community/gpt2/tree/main?recursive=true&expand=false "HTTP/1.1 200 OK"
2026-06-05 01:37:30,907 INFO sweep: Saved gpt2__w8a16__compile__b64__s512.json
2026-06-05 01:37:30,908 INFO sweep: Progress: 19/24
2026-06-05 01:37:30,908 INFO sweep: START: gpt2 | w4a16 | compile | batch=1 seq=512
2026-06-05 01:37:41,346 INFO httpx: HTTP Request: HEAD https://huggingface.co/datasets/wikitext/resolve/main/README.md "HTTP/1.1 307 Temporary Redirect"
2026-06-05 01:37:41,590 INFO httpx: HTTP Request: HEAD https://huggingface.co/datasets/Salesforce/wikitext/resolve/main/README.md "HTTP/1.1 307 Temporary Redirect"
2026-06-05 01:37:41,601 INFO httpx: HTTP Request: HEAD https://huggingface.co/api/resolve-cache/datasets/Salesforce/wikitext/b08601e04326c79dfdd32d625aee71d232d685c3/README.md "HTTP/1.1 200 OK"
2026-06-05 01:37:41,847 INFO httpx: HTTP Request: HEAD https://huggingface.co/datasets/wikitext/resolve/b08601e04326c79dfdd32d625aee71d232d685c3/wikitext.py "HTTP/1.1 307 Temporary Redirect"
2026-06-05 01:37:42,083 INFO httpx: HTTP Request: HEAD https://huggingface.co/datasets/Salesforce/wikitext/resolve/b08601e04326c79dfdd32d625aee71d232d685c3/wikitext.py "HTTP/1.1 404 Not Found"
2026-06-05 01:37:42,921 INFO httpx: HTTP Request: HEAD https://s3.amazonaws.com/datasets.huggingface.co/datasets/datasets/wikitext/wikitext.py "HTTP/1.1 200 OK"
2026-06-05 01:37:43,322 INFO httpx: HTTP Request: HEAD https://huggingface.co/datasets/wikitext/resolve/b08601e04326c79dfdd32d625aee71d232d685c3/.huggingface.yaml "HTTP/1.1 307 Temporary Redirect"
2026-06-05 01:37:43,569 INFO httpx: HTTP Request: HEAD https://huggingface.co/datasets/Salesforce/wikitext/resolve/b08601e04326c79dfdd32d625aee71d232d685c3/.huggingface.yaml "HTTP/1.1 404 Not Found"
2026-06-05 01:37:43,834 INFO httpx: HTTP Request: GET https://datasets-server.huggingface.co/info?dataset=wikitext "HTTP/1.1 404 Not Found"
2026-06-05 01:37:44,140 INFO httpx: HTTP Request: HEAD https://huggingface.co/datasets/wikitext/resolve/b08601e04326c79dfdd32d625aee71d232d685c3/dataset_infos.json "HTTP/1.1 307 Temporary Redirect"
2026-06-05 01:37:44,550 INFO httpx: HTTP Request: HEAD https://huggingface.co/datasets/Salesforce/wikitext/resolve/b08601e04326c79dfdd32d625aee71d232d685c3/dataset_infos.json "HTTP/1.1 404 Not Found"
2026-06-05 01:37:44,820 INFO httpx: HTTP Request: HEAD https://huggingface.co/gpt2/resolve/main/tokenizer_config.json "HTTP/1.1 200 OK"
2026-06-05 01:37:45,214 INFO httpx: HTTP Request: GET https://huggingface.co/api/models/gpt2/tree/main/additional_chat_templates?recursive=false&expand=false "HTTP/1.1 307 Temporary Redirect"
2026-06-05 01:37:45,541 INFO httpx: HTTP Request: GET https://huggingface.co/api/models/openai-community/gpt2/tree/main/additional_chat_templates?recursive=false&expand=false "HTTP/1.1 404 Not Found"
2026-06-05 01:37:46,044 INFO httpx: HTTP Request: GET https://huggingface.co/api/models/gpt2/tree/main?recursive=true&expand=false "HTTP/1.1 307 Temporary Redirect"
2026-06-05 01:37:46,282 INFO httpx: HTTP Request: GET https://huggingface.co/api/models/openai-community/gpt2/tree/main?recursive=true&expand=false "HTTP/1.1 200 OK"
2026-06-05 01:37:47,612 INFO sweep: Saved gpt2__w4a16__compile__b1__s512.json
2026-06-05 01:37:47,613 INFO sweep: Progress: 20/24
2026-06-05 01:37:47,613 INFO sweep: START: gpt2 | w4a16 | compile | batch=16 seq=512
2026-06-05 01:39:07,538 INFO httpx: HTTP Request: HEAD https://huggingface.co/datasets/wikitext/resolve/main/README.md "HTTP/1.1 307 Temporary Redirect"
2026-06-05 01:39:07,785 INFO httpx: HTTP Request: HEAD https://huggingface.co/datasets/Salesforce/wikitext/resolve/main/README.md "HTTP/1.1 307 Temporary Redirect"
2026-06-05 01:39:07,797 INFO httpx: HTTP Request: HEAD https://huggingface.co/api/resolve-cache/datasets/Salesforce/wikitext/b08601e04326c79dfdd32d625aee71d232d685c3/README.md "HTTP/1.1 200 OK"
2026-06-05 01:39:08,118 INFO httpx: HTTP Request: HEAD https://huggingface.co/datasets/wikitext/resolve/b08601e04326c79dfdd32d625aee71d232d685c3/wikitext.py "HTTP/1.1 307 Temporary Redirect"
2026-06-05 01:39:08,529 INFO httpx: HTTP Request: HEAD https://huggingface.co/datasets/Salesforce/wikitext/resolve/b08601e04326c79dfdd32d625aee71d232d685c3/wikitext.py "HTTP/1.1 404 Not Found"
2026-06-05 01:39:09,307 INFO httpx: HTTP Request: HEAD https://s3.amazonaws.com/datasets.huggingface.co/datasets/datasets/wikitext/wikitext.py "HTTP/1.1 200 OK"
2026-06-05 01:39:09,597 INFO httpx: HTTP Request: HEAD https://huggingface.co/datasets/wikitext/resolve/b08601e04326c79dfdd32d625aee71d232d685c3/.huggingface.yaml "HTTP/1.1 307 Temporary Redirect"
2026-06-05 01:39:09,840 INFO httpx: HTTP Request: HEAD https://huggingface.co/datasets/Salesforce/wikitext/resolve/b08601e04326c79dfdd32d625aee71d232d685c3/.huggingface.yaml "HTTP/1.1 404 Not Found"
2026-06-05 01:39:10,341 INFO httpx: HTTP Request: GET https://datasets-server.huggingface.co/info?dataset=wikitext "HTTP/1.1 404 Not Found"
2026-06-05 01:39:10,583 INFO httpx: HTTP Request: HEAD https://huggingface.co/datasets/wikitext/resolve/b08601e04326c79dfdd32d625aee71d232d685c3/dataset_infos.json "HTTP/1.1 307 Temporary Redirect"
2026-06-05 01:39:10,831 INFO httpx: HTTP Request: HEAD https://huggingface.co/datasets/Salesforce/wikitext/resolve/b08601e04326c79dfdd32d625aee71d232d685c3/dataset_infos.json "HTTP/1.1 404 Not Found"
2026-06-05 01:39:11,101 INFO httpx: HTTP Request: HEAD https://huggingface.co/gpt2/resolve/main/tokenizer_config.json "HTTP/1.1 200 OK"
2026-06-05 01:39:11,307 INFO httpx: HTTP Request: GET https://huggingface.co/api/models/gpt2/tree/main/additional_chat_templates?recursive=false&expand=false "HTTP/1.1 307 Temporary Redirect"
2026-06-05 01:39:11,514 INFO httpx: HTTP Request: GET https://huggingface.co/api/models/openai-community/gpt2/tree/main/additional_chat_templates?recursive=false&expand=false "HTTP/1.1 404 Not Found"
2026-06-05 01:39:11,719 INFO httpx: HTTP Request: GET https://huggingface.co/api/models/gpt2/tree/main?recursive=true&expand=false "HTTP/1.1 307 Temporary Redirect"
2026-06-05 01:39:11,933 INFO httpx: HTTP Request: GET https://huggingface.co/api/models/openai-community/gpt2/tree/main?recursive=true&expand=false "HTTP/1.1 200 OK"
2026-06-05 01:39:13,218 INFO sweep: Saved gpt2__w4a16__compile__b16__s512.json
2026-06-05 01:39:13,219 INFO sweep: Progress: 21/24
2026-06-05 01:39:13,219 INFO sweep: START: gpt2 | w4a16 | compile | batch=64 seq=512
2026-06-05 01:43:13,962 INFO httpx: HTTP Request: HEAD https://huggingface.co/datasets/wikitext/resolve/main/README.md "HTTP/1.1 307 Temporary Redirect"
2026-06-05 01:43:14,367 INFO httpx: HTTP Request: HEAD https://huggingface.co/datasets/Salesforce/wikitext/resolve/main/README.md "HTTP/1.1 307 Temporary Redirect"
2026-06-05 01:43:14,383 INFO httpx: HTTP Request: HEAD https://huggingface.co/api/resolve-cache/datasets/Salesforce/wikitext/b08601e04326c79dfdd32d625aee71d232d685c3/README.md "HTTP/1.1 200 OK"
2026-06-05 01:43:14,588 INFO httpx: HTTP Request: HEAD https://huggingface.co/datasets/wikitext/resolve/b08601e04326c79dfdd32d625aee71d232d685c3/wikitext.py "HTTP/1.1 307 Temporary Redirect"
2026-06-05 01:43:14,846 INFO httpx: HTTP Request: HEAD https://huggingface.co/datasets/Salesforce/wikitext/resolve/b08601e04326c79dfdd32d625aee71d232d685c3/wikitext.py "HTTP/1.1 404 Not Found"
2026-06-05 01:43:15,815 INFO httpx: HTTP Request: HEAD https://s3.amazonaws.com/datasets.huggingface.co/datasets/datasets/wikitext/wikitext.py "HTTP/1.1 200 OK"
2026-06-05 01:43:16,091 INFO httpx: HTTP Request: HEAD https://huggingface.co/datasets/wikitext/resolve/b08601e04326c79dfdd32d625aee71d232d685c3/.huggingface.yaml "HTTP/1.1 307 Temporary Redirect"
2026-06-05 01:43:16,370 INFO httpx: HTTP Request: HEAD https://huggingface.co/datasets/Salesforce/wikitext/resolve/b08601e04326c79dfdd32d625aee71d232d685c3/.huggingface.yaml "HTTP/1.1 404 Not Found"
2026-06-05 01:43:16,764 INFO httpx: HTTP Request: GET https://datasets-server.huggingface.co/info?dataset=wikitext "HTTP/1.1 404 Not Found"
2026-06-05 01:43:17,752 INFO httpx: HTTP Request: HEAD https://huggingface.co/datasets/wikitext/resolve/b08601e04326c79dfdd32d625aee71d232d685c3/dataset_infos.json "HTTP/1.1 307 Temporary Redirect"
2026-06-05 01:43:18,160 INFO httpx: HTTP Request: HEAD https://huggingface.co/datasets/Salesforce/wikitext/resolve/b08601e04326c79dfdd32d625aee71d232d685c3/dataset_infos.json "HTTP/1.1 404 Not Found"
2026-06-05 01:43:18,586 INFO httpx: HTTP Request: HEAD https://huggingface.co/gpt2/resolve/main/tokenizer_config.json "HTTP/1.1 200 OK"
2026-06-05 01:43:18,990 INFO httpx: HTTP Request: GET https://huggingface.co/api/models/gpt2/tree/main/additional_chat_templates?recursive=false&expand=false "HTTP/1.1 307 Temporary Redirect"
2026-06-05 01:43:19,437 INFO httpx: HTTP Request: GET https://huggingface.co/api/models/openai-community/gpt2/tree/main/additional_chat_templates?recursive=false&expand=false "HTTP/1.1 404 Not Found"
2026-06-05 01:43:19,902 INFO httpx: HTTP Request: GET https://huggingface.co/api/models/gpt2/tree/main?recursive=true&expand=false "HTTP/1.1 307 Temporary Redirect"
2026-06-05 01:43:20,232 INFO httpx: HTTP Request: GET https://huggingface.co/api/models/openai-community/gpt2/tree/main?recursive=true&expand=false "HTTP/1.1 200 OK"
2026-06-05 01:43:21,588 INFO sweep: Saved gpt2__w4a16__compile__b64__s512.json
2026-06-05 01:43:21,588 INFO sweep: Progress: 22/24
2026-06-05 01:43:21,588 INFO sweep: START: gpt2 | w8a8 | compile | batch=1 seq=512
2026-06-05 01:43:32,120 INFO httpx: HTTP Request: HEAD https://huggingface.co/datasets/wikitext/resolve/main/README.md "HTTP/1.1 307 Temporary Redirect"
2026-06-05 01:43:32,324 INFO httpx: HTTP Request: HEAD https://huggingface.co/datasets/Salesforce/wikitext/resolve/main/README.md "HTTP/1.1 307 Temporary Redirect"
2026-06-05 01:43:32,334 INFO httpx: HTTP Request: HEAD https://huggingface.co/api/resolve-cache/datasets/Salesforce/wikitext/b08601e04326c79dfdd32d625aee71d232d685c3/README.md "HTTP/1.1 200 OK"
2026-06-05 01:43:32,773 INFO httpx: HTTP Request: HEAD https://huggingface.co/datasets/wikitext/resolve/b08601e04326c79dfdd32d625aee71d232d685c3/wikitext.py "HTTP/1.1 307 Temporary Redirect"
2026-06-05 01:43:33,017 INFO httpx: HTTP Request: HEAD https://huggingface.co/datasets/Salesforce/wikitext/resolve/b08601e04326c79dfdd32d625aee71d232d685c3/wikitext.py "HTTP/1.1 404 Not Found"
2026-06-05 01:43:34,160 INFO httpx: HTTP Request: HEAD https://s3.amazonaws.com/datasets.huggingface.co/datasets/datasets/wikitext/wikitext.py "HTTP/1.1 200 OK"
2026-06-05 01:43:34,457 INFO httpx: HTTP Request: HEAD https://huggingface.co/datasets/wikitext/resolve/b08601e04326c79dfdd32d625aee71d232d685c3/.huggingface.yaml "HTTP/1.1 307 Temporary Redirect"
2026-06-05 01:43:34,662 INFO httpx: HTTP Request: HEAD https://huggingface.co/datasets/Salesforce/wikitext/resolve/b08601e04326c79dfdd32d625aee71d232d685c3/.huggingface.yaml "HTTP/1.1 404 Not Found"
2026-06-05 01:43:34,944 INFO httpx: HTTP Request: GET https://datasets-server.huggingface.co/info?dataset=wikitext "HTTP/1.1 404 Not Found"
2026-06-05 01:43:35,193 INFO httpx: HTTP Request: HEAD https://huggingface.co/datasets/wikitext/resolve/b08601e04326c79dfdd32d625aee71d232d685c3/dataset_infos.json "HTTP/1.1 307 Temporary Redirect"
2026-06-05 01:43:35,400 INFO httpx: HTTP Request: HEAD https://huggingface.co/datasets/Salesforce/wikitext/resolve/b08601e04326c79dfdd32d625aee71d232d685c3/dataset_infos.json "HTTP/1.1 404 Not Found"
2026-06-05 01:43:35,689 INFO httpx: HTTP Request: HEAD https://huggingface.co/gpt2/resolve/main/tokenizer_config.json "HTTP/1.1 200 OK"
2026-06-05 01:43:35,895 INFO httpx: HTTP Request: GET https://huggingface.co/api/models/gpt2/tree/main/additional_chat_templates?recursive=false&expand=false "HTTP/1.1 307 Temporary Redirect"
2026-06-05 01:43:36,105 INFO httpx: HTTP Request: GET https://huggingface.co/api/models/openai-community/gpt2/tree/main/additional_chat_templates?recursive=false&expand=false "HTTP/1.1 404 Not Found"
2026-06-05 01:43:36,331 INFO httpx: HTTP Request: GET https://huggingface.co/api/models/gpt2/tree/main?recursive=true&expand=false "HTTP/1.1 307 Temporary Redirect"
2026-06-05 01:43:36,541 INFO httpx: HTTP Request: GET https://huggingface.co/api/models/openai-community/gpt2/tree/main?recursive=true&expand=false "HTTP/1.1 200 OK"
2026-06-05 01:43:37,853 INFO sweep: Saved gpt2__w8a8__compile__b1__s512.json
2026-06-05 01:43:37,854 INFO sweep: Progress: 23/24
2026-06-05 01:43:37,854 INFO sweep: START: gpt2 | w8a8 | compile | batch=16 seq=512
2026-06-05 01:45:03,419 INFO httpx: HTTP Request: HEAD https://huggingface.co/datasets/wikitext/resolve/main/README.md "HTTP/1.1 307 Temporary Redirect"
2026-06-05 01:45:04,000 INFO httpx: HTTP Request: HEAD https://huggingface.co/datasets/Salesforce/wikitext/resolve/main/README.md "HTTP/1.1 307 Temporary Redirect"
2026-06-05 01:45:04,066 INFO httpx: HTTP Request: HEAD https://huggingface.co/api/resolve-cache/datasets/Salesforce/wikitext/b08601e04326c79dfdd32d625aee71d232d685c3/README.md "HTTP/1.1 200 OK"
2026-06-05 01:45:04,365 INFO httpx: HTTP Request: HEAD https://huggingface.co/datasets/wikitext/resolve/b08601e04326c79dfdd32d625aee71d232d685c3/wikitext.py "HTTP/1.1 307 Temporary Redirect"
2026-06-05 01:45:04,961 INFO httpx: HTTP Request: HEAD https://huggingface.co/datasets/Salesforce/wikitext/resolve/b08601e04326c79dfdd32d625aee71d232d685c3/wikitext.py "HTTP/1.1 404 Not Found"
2026-06-05 01:45:06,423 INFO httpx: HTTP Request: HEAD https://s3.amazonaws.com/datasets.huggingface.co/datasets/datasets/wikitext/wikitext.py "HTTP/1.1 200 OK"
2026-06-05 01:45:06,934 INFO httpx: HTTP Request: HEAD https://huggingface.co/datasets/wikitext/resolve/b08601e04326c79dfdd32d625aee71d232d685c3/.huggingface.yaml "HTTP/1.1 307 Temporary Redirect"
2026-06-05 01:45:07,224 INFO httpx: HTTP Request: HEAD https://huggingface.co/datasets/Salesforce/wikitext/resolve/b08601e04326c79dfdd32d625aee71d232d685c3/.huggingface.yaml "HTTP/1.1 404 Not Found"
2026-06-05 01:45:09,127 INFO httpx: HTTP Request: GET https://datasets-server.huggingface.co/info?dataset=wikitext "HTTP/1.1 404 Not Found"
2026-06-05 01:45:09,641 INFO httpx: HTTP Request: HEAD https://huggingface.co/datasets/wikitext/resolve/b08601e04326c79dfdd32d625aee71d232d685c3/dataset_infos.json "HTTP/1.1 307 Temporary Redirect"
2026-06-05 01:45:09,940 INFO httpx: HTTP Request: HEAD https://huggingface.co/datasets/Salesforce/wikitext/resolve/b08601e04326c79dfdd32d625aee71d232d685c3/dataset_infos.json "HTTP/1.1 404 Not Found"
2026-06-05 01:45:10,425 INFO httpx: HTTP Request: HEAD https://huggingface.co/gpt2/resolve/main/tokenizer_config.json "HTTP/1.1 200 OK"
2026-06-05 01:45:10,893 INFO httpx: HTTP Request: GET https://huggingface.co/api/models/gpt2/tree/main/additional_chat_templates?recursive=false&expand=false "HTTP/1.1 307 Temporary Redirect"
2026-06-05 01:45:11,161 INFO httpx: HTTP Request: GET https://huggingface.co/api/models/openai-community/gpt2/tree/main/additional_chat_templates?recursive=false&expand=false "HTTP/1.1 404 Not Found"
2026-06-05 01:45:12,138 INFO httpx: HTTP Request: GET https://huggingface.co/api/models/gpt2/tree/main?recursive=true&expand=false "HTTP/1.1 307 Temporary Redirect"
2026-06-05 01:45:12,517 INFO httpx: HTTP Request: GET https://huggingface.co/api/models/openai-community/gpt2/tree/main?recursive=true&expand=false "HTTP/1.1 200 OK"
2026-06-05 01:45:13,817 INFO sweep: Saved gpt2__w8a8__compile__b16__s512.json
2026-06-05 01:45:13,818 INFO sweep: Progress: 24/24
2026-06-05 01:45:13,818 INFO sweep: START: gpt2 | w8a8 | compile | batch=64 seq=512
2026-06-05 01:49:20,316 INFO httpx: HTTP Request: HEAD https://huggingface.co/datasets/wikitext/resolve/main/README.md "HTTP/1.1 307 Temporary Redirect"
2026-06-05 01:49:20,563 INFO httpx: HTTP Request: HEAD https://huggingface.co/datasets/Salesforce/wikitext/resolve/main/README.md "HTTP/1.1 307 Temporary Redirect"
2026-06-05 01:49:20,574 INFO httpx: HTTP Request: HEAD https://huggingface.co/api/resolve-cache/datasets/Salesforce/wikitext/b08601e04326c79dfdd32d625aee71d232d685c3/README.md "HTTP/1.1 200 OK"
2026-06-05 01:49:20,896 INFO httpx: HTTP Request: HEAD https://huggingface.co/datasets/wikitext/resolve/b08601e04326c79dfdd32d625aee71d232d685c3/wikitext.py "HTTP/1.1 307 Temporary Redirect"
2026-06-05 01:49:21,150 INFO httpx: HTTP Request: HEAD https://huggingface.co/datasets/Salesforce/wikitext/resolve/b08601e04326c79dfdd32d625aee71d232d685c3/wikitext.py "HTTP/1.1 404 Not Found"
2026-06-05 01:49:23,129 INFO httpx: HTTP Request: HEAD https://s3.amazonaws.com/datasets.huggingface.co/datasets/datasets/wikitext/wikitext.py "HTTP/1.1 200 OK"
2026-06-05 01:49:23,379 INFO httpx: HTTP Request: HEAD https://huggingface.co/datasets/wikitext/resolve/b08601e04326c79dfdd32d625aee71d232d685c3/.huggingface.yaml "HTTP/1.1 307 Temporary Redirect"
2026-06-05 01:49:23,620 INFO httpx: HTTP Request: HEAD https://huggingface.co/datasets/Salesforce/wikitext/resolve/b08601e04326c79dfdd32d625aee71d232d685c3/.huggingface.yaml "HTTP/1.1 404 Not Found"
2026-06-05 01:49:23,952 INFO httpx: HTTP Request: GET https://datasets-server.huggingface.co/info?dataset=wikitext "HTTP/1.1 404 Not Found"
2026-06-05 01:49:24,161 INFO httpx: HTTP Request: HEAD https://huggingface.co/datasets/wikitext/resolve/b08601e04326c79dfdd32d625aee71d232d685c3/dataset_infos.json "HTTP/1.1 307 Temporary Redirect"
2026-06-05 01:49:24,528 INFO httpx: HTTP Request: HEAD https://huggingface.co/datasets/Salesforce/wikitext/resolve/b08601e04326c79dfdd32d625aee71d232d685c3/dataset_infos.json "HTTP/1.1 404 Not Found"
2026-06-05 01:49:24,802 INFO httpx: HTTP Request: HEAD https://huggingface.co/gpt2/resolve/main/tokenizer_config.json "HTTP/1.1 200 OK"
2026-06-05 01:49:25,104 INFO httpx: HTTP Request: GET https://huggingface.co/api/models/gpt2/tree/main/additional_chat_templates?recursive=false&expand=false "HTTP/1.1 307 Temporary Redirect"
2026-06-05 01:49:25,429 INFO httpx: HTTP Request: GET https://huggingface.co/api/models/openai-community/gpt2/tree/main/additional_chat_templates?recursive=false&expand=false "HTTP/1.1 404 Not Found"
2026-06-05 01:49:25,674 INFO httpx: HTTP Request: GET https://huggingface.co/api/models/gpt2/tree/main?recursive=true&expand=false "HTTP/1.1 307 Temporary Redirect"
2026-06-05 01:49:25,882 INFO httpx: HTTP Request: GET https://huggingface.co/api/models/openai-community/gpt2/tree/main?recursive=true&expand=false "HTTP/1.1 200 OK"
2026-06-05 01:49:27,176 INFO sweep: Saved gpt2__w8a8__compile__b64__s512.json
